consumer,mode,clients,protocol,qos,scenario,transport,repetition,status,error,started_clients,startup_ns,connected_rss_bytes,connected_virtual_bytes,connected_threads,connected_cpu_seconds,idle_rss_bytes,idle_virtual_bytes,idle_threads,idle_cpu_seconds,after_teardown_rss_bytes,after_teardown_virtual_bytes,after_teardown_threads,after_teardown_cpu_seconds,elapsed_ns,teardown_ns,admission_ns_samples,admission_ns_p50_ns,admission_ns_p95_ns,admission_ns_p99_ns,admission_ns_max_ns,admission_ns_observations_per_second,completion_ns_samples,completion_ns_p50_ns,completion_ns_p95_ns,completion_ns_p99_ns,completion_ns_max_ns,completion_ns_observations_per_second,event_ns_samples,event_ns_p50_ns,event_ns_p95_ns,event_ns_p99_ns,event_ns_max_ns,event_ns_observations_per_second,loop_delay_ns_samples,loop_delay_ns_p50_ns,loop_delay_ns_p95_ns,loop_delay_ns_p99_ns,loop_delay_ns_max_ns
c,dedicated,1,1,1,hotspot,tcp,0,passed,,1,1538068,6180864,81489920,2,0.0,6180864,81489920,2,0.0,6361088,156991488,1,0.0,9052470,55400,3,6295,6295,6295,19603,331.40126396442076,3,4071081,4071081,4071081,4575165,331.40126396442076,,,,,,0.0,,,,,
c,dedicated,1,1,1,hotspot,tcp,1,passed,,1,1672424,6209536,81489920,2,0.0,6209536,81489920,2,0.0,6389760,156991488,1,0.01,10069697,79928,3,2921,2921,2921,17538,297.9235621488909,3,4142158,4142158,4142158,5629693,297.9235621488909,,,,,,0.0,,,,,
c,dedicated,1,1,1,hotspot,tcp,2,passed,,1,1682463,6205440,81489920,2,0.0,6205440,81489920,2,0.0,6389760,156991488,1,0.0,10047546,115325,3,7050,7050,7050,25051,298.58036977387314,3,4351294,4351294,4351294,5449189,298.58036977387314,,,,,,0.0,,,,,
c,dedicated,1,1,1,hotspot,tcp,3,passed,,1,1606177,6201344,81489920,2,0.0,6201344,81489920,2,0.0,6381568,156991488,1,0.0,5828992,84352,3,3844,3844,3844,34711,514.668745470915,3,2517226,2517226,2517226,2930304,514.668745470915,,,,,,0.0,,,,,
c,dedicated,1,1,1,hotspot,tcp,4,passed,,1,1742336,6201344,81489920,2,0.0,6201344,81489920,2,0.0,6381568,156991488,1,0.0,6336394,46937,3,17660,17660,17660,80427,473.45540697122055,3,2854227,2854227,2854227,3171023,473.45540697122055,,,,,,0.0,,,,,
c,dedicated,1,1,1,hotspot,tcp,5,passed,,1,1679475,6221824,81489920,2,0.0,6221824,81489920,2,0.0,6402048,156991488,1,0.0,10206176,67403,3,20543,20543,20543,28664,293.93966947072045,3,4473616,4473616,4473616,5369083,293.93966947072045,,,,,,0.0,,,,,
c,dedicated,1,1,1,hotspot,tcp,6,passed,,1,1634479,6217728,81489920,2,0.0,6217728,81489920,2,0.0,6397952,156991488,1,0.01,8183705,67965,3,5353,5353,5353,20300,366.5821287546411,3,3597569,3597569,3597569,4356207,366.5821287546411,,,,,,0.0,,,,,
c,dedicated,1,1,1,idle,tcp,0,passed,,1,1591579,6180864,81489920,2,0.0,6180864,81489920,2,0.0,6303744,81489920,1,0.0,200138628,186876,,,,,,0.0,,,,,,0.0,,,,,,0.0,,,,,
c,dedicated,1,1,1,idle,tcp,1,passed,,1,1630856,6201344,81489920,2,0.0,6201344,81489920,2,0.0,6324224,81489920,1,0.0,200138475,253748,,,,,,0.0,,,,,,0.0,,,,,,0.0,,,,,
c,dedicated,1,1,1,idle,tcp,2,passed,,1,1753079,6205440,81489920,2,0.0,6205440,81489920,2,0.0,6328320,81489920,1,0.0,200017556,157627,,,,,,0.0,,,,,,0.0,,,,,,0.0,,,,,
c,dedicated,1,1,1,idle,tcp,3,passed,,1,1509373,6213632,81489920,2,0.0,6213632,81489920,2,0.0,6336512,81489920,1,0.0,200061274,128320,,,,,,0.0,,,,,,0.0,,,,,,0.0,,,,,
c,dedicated,1,1,1,idle,tcp,4,passed,,1,1807252,6180864,81489920,2,0.0,6180864,81489920,2,0.0,6303744,81489920,1,0.0,200037261,137095,,,,,,0.0,,,,,,0.0,,,,,,0.0,,,,,
c,dedicated,1,1,1,idle,tcp,5,passed,,1,1674333,6172672,81489920,2,0.0,6172672,81489920,2,0.0,6295552,81489920,1,0.0,200170448,211376,,,,,,0.0,,,,,,0.0,,,,,,0.0,,,,,
c,dedicated,1,1,1,idle,tcp,6,passed,,1,1577989,6160384,81489920,2,0.0,6160384,81489920,2,0.0,6283264,81489920,1,0.0,200383189,279673,,,,,,0.0,,,,,,0.0,,,,,,0.0,,,,,
c,dedicated,1,2,1,hotspot,tcp,0,passed,,1,1640337,6402048,81629184,2,0.0,6402048,81629184,2,0.0,6602752,157130752,1,0.01,8792256,124873,3,7180,7180,7180,21283,341.2093551416155,3,4169975,4169975,4169975,4301994,341.2093551416155,,,,,,0.0,,,,,
c,dedicated,1,2,1,hotspot,tcp,1,passed,,1,1732661,6397952,81629184,2,0.0,6397952,81629184,2,0.0,6598656,157130752,1,0.0,7551486,64306,3,8310,8310,8310,26394,397.2728016710883,3,3309724,3309724,3309724,3855876,397.2728016710883,,,,,,0.0,,,,,
c,dedicated,1,2,1,hotspot,tcp,2,passed,,1,1595539,6410240,81629184,2,0.0,6410240,81629184,2,0.0,6610944,157130752,1,0.01,10925510,72162,3,15203,15203,15203,21181,274.5867240980055,3,4583256,4583256,4583256,5856977,274.5867240980055,,,,,,0.0,,,,,
c,dedicated,1,2,1,hotspot,tcp,3,passed,,1,1746800,6406144,81629184,2,0.0,6406144,81629184,2,0.0,6606848,157130752,1,0.01,11394244,115447,3,7741,7741,7741,18782,263.29083351207856,3,5091167,5091167,5091167,6052607,263.29083351207856,,,,,,0.0,,,,,
c,dedicated,1,2,1,hotspot,tcp,4,passed,,1,1703529,6389760,81629184,2,0.0,6389760,81629184,2,0.0,6590464,157130752,1,0.0,6556997,63957,3,5007,5007,5007,20058,457.5265170931144,3,2911591,2911591,2911591,3243049,457.5265170931144,,,,,,0.0,,,,,
c,dedicated,1,2,1,hotspot,tcp,5,passed,,1,1691182,6414336,81629184,2,0.0,6414336,81629184,2,0.0,6615040,157130752,1,0.0,8095520,77122,3,4635,4635,4635,19464,370.5753305531949,3,3413518,3413518,3413518,4306613,370.5753305531949,,,,,,0.0,,,,,
c,dedicated,1,2,1,hotspot,tcp,6,passed,,1,1552059,6414336,81629184,2,0.0,6414336,81629184,2,0.0,6615040,157130752,1,0.01,11040770,124190,3,13068,13068,13068,21485,271.72017893679515,3,4463272,4463272,4463272,6169497,271.72017893679515,,,,,,0.0,,,,,
c,dedicated,1,2,1,idle,tcp,0,passed,,1,1726076,6410240,81629184,2,0.0,6410240,81629184,2,0.0,6524928,81629184,1,0.0,200041890,125457,,,,,,0.0,,,,,,0.0,,,,,,0.0,,,,,
c,dedicated,1,2,1,idle,tcp,1,passed,,1,1668421,6303744,81629184,2,0.0,6303744,81629184,2,0.0,6418432,81629184,1,0.0,200087446,259678,,,,,,0.0,,,,,,0.0,,,,,,0.0,,,,,
c,dedicated,1,2,1,idle,tcp,2,passed,,1,1817525,6414336,81629184,2,0.0,6414336,81629184,2,0.0,6529024,81629184,1,0.0,200191250,329657,,,,,,0.0,,,,,,0.0,,,,,,0.0,,,,,
c,dedicated,1,2,1,idle,tcp,3,passed,,1,1720899,6397952,81629184,2,0.0,6397952,81629184,2,0.0,6512640,81629184,1,0.0,200124653,202079,,,,,,0.0,,,,,,0.0,,,,,,0.0,,,,,
c,dedicated,1,2,1,idle,tcp,4,passed,,1,1723333,6414336,81629184,2,0.0,6414336,81629184,2,0.0,6529024,81629184,1,0.0,200039839,199740,,,,,,0.0,,,,,,0.0,,,,,,0.0,,,,,
c,dedicated,1,2,1,idle,tcp,5,passed,,1,1670160,6402048,81629184,2,0.0,6402048,81629184,2,0.0,6516736,81629184,1,0.0,200357840,270162,,,,,,0.0,,,,,,0.0,,,,,,0.0,,,,,
c,dedicated,1,2,1,idle,tcp,6,passed,,1,1537617,6414336,81629184,2,0.0,6414336,81629184,2,0.0,6529024,81629184,1,0.0,200104141,207450,,,,,,0.0,,,,,,0.0,,,,,,0.0,,,,,
c,dedicated,10,1,1,hotspot,tcp,0,passed,,10,13456261,7360512,704802816,11,0.0,7360512,704802816,11,0.0,7471104,780304384,1,0.0,6129401,774547,30,1490,4350,4805,22367,4894.442376995729,30,2652391,2959983,2960017,2962048,4894.442376995729,,,,,,0.0,,,,,
c,dedicated,10,1,1,hotspot,tcp,1,passed,,10,12822289,7405568,704802816,11,0.0,7405568,704802816,11,0.0,7512064,780304384,1,0.0,5496777,1297872,30,1453,3294,4383,16245,5457.743692349171,30,2099091,2952032,2955023,2956874,5457.743692349171,,,,,,0.0,,,,,
c,dedicated,10,1,1,hotspot,tcp,2,passed,,10,12661617,7413760,704802816,11,0.0,7413760,704802816,11,0.0,7524352,780304384,1,0.0,5676253,865841,30,1340,2646,3220,15737,5285.176682575636,30,2371213,2814071,2816187,2817511,5285.176682575636,,,,,,0.0,,,,,
c,dedicated,10,1,1,hotspot,tcp,3,passed,,10,13298883,7376896,704802816,11,0.0,7376896,704802816,11,0.0,7487488,780304384,1,0.0,6112409,1022290,30,2030,3670,7090,15713,4908.048528820634,30,2159398,3441116,3442326,3442621,4908.048528820634,,,,,,0.0,,,,,
c,dedicated,10,1,1,hotspot,tcp,4,passed,,10,13418157,7401472,704802816,11,0.0,7401472,704802816,11,0.0,7507968,780304384,1,0.0,7048292,666350,30,1576,3755,9841,16217,4256.3503328182205,30,2983808,3703332,3703799,3703872,4256.3503328182205,,,,,,0.0,,,,,
c,dedicated,10,1,1,hotspot,tcp,5,passed,,10,13281960,7409664,704802816,11,0.0,7409664,704802816,11,0.0,7520256,780304384,1,0.0,5904607,797426,30,2182,4409,5461,16355,5080.77844977659,30,2309114,3206940,3208093,3209713,5080.77844977659,,,,,,0.0,,,,,
c,dedicated,10,1,1,hotspot,tcp,6,passed,,10,12935562,7405568,704802816,11,0.0,7405568,704802816,11,0.0,7512064,780304384,1,0.0,6392923,1117081,30,1852,2970,3366,16689,4692.689087605153,30,2862344,3160383,3163579,3165138,4692.689087605153,,,,,,0.0,,,,,
c,dedicated,10,1,1,idle,tcp,0,passed,,10,15073441,7405568,704802816,11,0.0,7405568,704802816,11,0.0,7454720,704798720,1,0.0,200082803,1200344,,,,,,0.0,,,,,,0.0,,,,,,0.0,,,,,
c,dedicated,10,1,1,idle,tcp,1,passed,,10,13777307,7397376,704802816,11,0.0,7397376,704802816,11,0.0,7446528,704798720,1,0.0,200131800,1446576,,,,,,0.0,,,,,,0.0,,,,,,0.0,,,,,
c,dedicated,10,1,1,idle,tcp,2,passed,,10,13732257,7352320,704802816,11,0.0,7352320,704802816,11,0.0,7401472,704798720,1,0.0,200181189,1686246,,,,,,0.0,,,,,,0.0,,,,,,0.0,,,,,
c,dedicated,10,1,1,idle,tcp,3,passed,,10,13539225,7405568,704802816,11,0.0,7405568,704802816,11,0.0,7454720,704798720,1,0.0,200082258,929365,,,,,,0.0,,,,,,0.0,,,,,,0.0,,,,,
c,dedicated,10,1,1,idle,tcp,4,passed,,10,13262439,7401472,704802816,11,0.0,7401472,704802816,11,0.0,7450624,704798720,1,0.0,200369207,2051903,,,,,,0.0,,,,,,0.0,,,,,,0.0,,,,,
c,dedicated,10,1,1,idle,tcp,5,passed,,10,12810645,7405568,704802816,11,0.0,7405568,704802816,11,0.0,7454720,704798720,1,0.0,200143959,1385024,,,,,,0.0,,,,,,0.0,,,,,,0.0,,,,,
c,dedicated,10,1,1,idle,tcp,6,passed,,10,13098899,7393280,704802816,11,0.0,7393280,704802816,11,0.0,7442432,704798720,1,0.0,200199854,995963,,,,,,0.0,,,,,,0.0,,,,,,0.0,,,,,
c,dedicated,10,2,1,hotspot,tcp,0,passed,,10,13458616,7970816,705384448,11,0.0,7970816,705384448,11,0.0,8036352,780886016,1,0.01,8547679,1021066,30,3139,4880,12576,20863,3509.7246866664036,30,3897363,4287307,4288707,4289471,3509.7246866664036,,,,,,0.0,,,,,
c,dedicated,10,2,1,hotspot,tcp,1,passed,,10,13171533,7950336,705384448,11,0.0,7950336,705384448,11,0.0,8015872,780886016,1,0.01,10406840,914444,30,1841,5727,12957,21328,2882.719442213006,30,4788786,5194824,5195742,5195977,2882.719442213006,,,,,,0.0,,,,,
c,dedicated,10,2,1,hotspot,tcp,2,passed,,10,14310642,7868416,705384448,11,0.0,7868416,705384448,11,0.0,7933952,780886016,1,0.0,6360538,948241,30,2036,3881,6167,22682,4716.582150755172,30,2523559,3418723,3419839,3419972,4716.582150755172,,,,,,0.0,,,,,
c,dedicated,10,2,1,hotspot,tcp,3,passed,,10,14211033,7970816,705384448,11,0.0,7970816,705384448,11,0.0,8032256,780886016,1,0.0,6146973,1171201,30,1706,4274,4648,21519,4880.450914620904,30,2315613,3412428,3412696,3413312,4880.450914620904,,,,,,0.0,,,,,
c,dedicated,10,2,1,hotspot,tcp,4,passed,,10,13569196,7946240,705384448,11,0.0,7946240,705384448,11,0.0,8011776,780886016,1,0.01,8987384,1037389,30,1278,3538,4421,19761,3338.012485056831,30,2957148,5587501,5588050,5588748,3338.012485056831,,,,,,0.0,,,,,
c,dedicated,10,2,1,hotspot,tcp,5,passed,,10,13168725,7966720,705384448,11,0.0,7966720,705384448,11,0.0,8032256,780886016,1,0.01,8058843,1000904,30,1379,4016,4805,19417,3722.6187431620147,30,3305042,4450771,4452130,4452832,3722.6187431620147,,,,,,0.0,,,,,
c,dedicated,10,2,1,hotspot,tcp,6,passed,,10,13580873,7970816,705384448,11,0.0,7970816,705384448,11,0.0,8032256,780886016,1,0.0,6265980,1057806,30,3183,8655,10168,33521,4787.758658661534,30,2564285,3195159,3199223,3201806,4787.758658661534,,,,,,0.0,,,,,
c,dedicated,10,2,1,idle,tcp,0,passed,,10,13908342,7966720,705384448,11,0.0,7966720,705384448,11,0.0,7938048,705384448,1,0.0,200143987,1339716,,,,,,0.0,,,,,,0.0,,,,,,0.0,,,,,
c,dedicated,10,2,1,idle,tcp,1,passed,,10,13995574,7958528,705384448,11,0.0,7958528,705384448,11,0.0,7929856,705384448,1,0.0,200060924,853076,,,,,,0.0,,,,,,0.0,,,,,,0.0,,,,,
c,dedicated,10,2,1,idle,tcp,2,passed,,10,13023675,7946240,705384448,11,0.0,7946240,705384448,11,0.0,7917568,705384448,1,0.0,200042742,1153472,,,,,,0.0,,,,,,0.0,,,,,,0.0,,,,,
c,dedicated,10,2,1,idle,tcp,3,passed,,10,119594542,7946240,705384448,11,0.0,7946240,705384448,11,0.0,7917568,705384448,1,0.0,200023293,922417,,,,,,0.0,,,,,,0.0,,,,,,0.0,,,,,
c,dedicated,10,2,1,idle,tcp,4,passed,,10,13382823,7913472,705384448,11,0.0,7913472,705384448,11,0.0,7884800,705384448,1,0.0,200042423,844379,,,,,,0.0,,,,,,0.0,,,,,,0.0,,,,,
c,dedicated,10,2,1,idle,tcp,5,passed,,10,13777621,7962624,705384448,11,0.0,7962624,705384448,11,0.0,7933952,705384448,1,0.0,200017292,1051162,,,,,,0.0,,,,,,0.0,,,,,,0.0,,,,,
c,dedicated,10,2,1,idle,tcp,6,passed,,10,14311351,7929856,705384448,11,0.0,7929856,705384448,11,0.0,7901184,705384448,1,0.0,200055523,1313703,,,,,,0.0,,,,,,0.0,,,,,,0.0,,,,,
c,dedicated,100,1,1,hotspot,tcp,0,passed,,100,155136146,19025920,1233690624,101,0.01,19025920,1233690624,101,0.01,15515648,1063624704,1,0.04,9711847,8035604,300,3214,9348,21257,43393,30890.107721013315,300,2170295,6258612,6292669,6298798,30890.107721013315,,,,,,0.0,,,,,
c,dedicated,100,1,1,hotspot,tcp,1,passed,,100,149008321,18993152,1233690624,101,0.01,18993152,1233690624,101,0.01,15917056,1063624704,1,0.04,6529252,7349245,300,2487,10119,18205,25266,45947.07020038436,300,2074374,3103133,3149149,3184398,45947.07020038436,,,,,,0.0,,,,,
c,dedicated,100,1,1,hotspot,tcp,2,passed,,100,155519603,19017728,1233690624,101,0.01,19017728,1233690624,101,0.01,16367616,1063624704,1,0.04,6881671,6443339,300,2420,5991,11487,26845,43594.063127981564,300,2315633,3049811,3074752,3080897,43594.063127981564,,,,,,0.0,,,,,
c,dedicated,100,1,1,hotspot,tcp,3,passed,,100,148989922,18993152,1233690624,101,0.01,18993152,1233690624,101,0.01,16523264,1063624704,1,0.04,6284772,6872214,300,2829,7882,18879,31008,47734.42855206203,300,1918283,3030757,3065792,3067701,47734.42855206203,,,,,,0.0,,,,,
c,dedicated,100,1,1,hotspot,tcp,4,passed,,100,146487870,19005440,1233690624,101,0.01,19005440,1233690624,101,0.01,15884288,1063624704,1,0.04,6438664,6982377,300,2586,6470,11138,26520,46593.51691593163,300,2155999,3190461,3205933,3207279,46593.51691593163,,,,,,0.0,,,,,
c,dedicated,100,1,1,hotspot,tcp,5,passed,,100,145654224,18972672,1233690624,101,0.01,18972672,1233690624,101,0.01,16031744,1063624704,1,0.04,8600217,6038840,300,2852,6681,13198,18236,34882.840746925336,300,2145035,5308155,5333552,5336272,34882.840746925336,,,,,,0.0,,,,,
c,dedicated,100,1,1,hotspot,tcp,6,passed,,100,142636891,18984960,1233690624,101,0.01,18984960,1233690624,101,0.01,15806464,1063624704,1,0.04,6555570,6557683,300,2951,9148,22429,28581,45762.611031535016,300,2100041,3171640,3196261,3201923,45762.611031535016,,,,,,0.0,,,,,
c,dedicated,100,1,1,idle,tcp,0,passed,,100,145630344,18980864,1233690624,101,0.02,18980864,1233690624,101,0.02,13959168,1063489536,1,0.02,200058815,5477335,,,,,,0.0,,,,,,0.0,,,,,,0.0,,,,,
c,dedicated,100,1,1,idle,tcp,1,passed,,100,157167820,19005440,1233690624,101,0.02,19005440,1233690624,101,0.02,13926400,1063489536,1,0.02,200072577,7817761,,,,,,0.0,,,,,,0.0,,,,,,0.0,,,,,
c,dedicated,100,1,1,idle,tcp,2,passed,,100,160183487,19009536,1233690624,101,0.02,19009536,1233690624,101,0.02,13762560,1063489536,1,0.02,200168358,7702751,,,,,,0.0,,,,,,0.0,,,,,,0.0,,,,,
c,dedicated,100,1,1,idle,tcp,3,passed,,100,165141260,18997248,1233690624,101,0.02,18997248,1233690624,101,0.02,13918208,1063489536,1,0.03,200019366,9456023,,,,,,0.0,,,,,,0.0,,,,,,0.0,,,,,
c,dedicated,100,1,1,idle,tcp,4,passed,,100,148981346,19025920,1233690624,101,0.01,19025920,1233690624,101,0.01,13778944,1063489536,1,0.01,200107128,5966066,,,,,,0.0,,,,,,0.0,,,,,,0.0,,,,,
c,dedicated,100,1,1,idle,tcp,5,passed,,100,153898196,19030016,1233690624,101,0.01,19030016,1233690624,101,0.01,13783040,1063489536,1,0.02,200317079,8828983,,,,,,0.0,,,,,,0.0,,,,,,0.0,,,,,
c,dedicated,100,1,1,idle,tcp,6,passed,,100,151428730,19009536,1233690624,101,0.02,19009536,1233690624,101,0.02,13987840,1063489536,1,0.02,200150928,7730820,,,,,,0.0,,,,,,0.0,,,,,,0.0,,,,,
c,dedicated,100,2,1,hotspot,tcp,0,passed,,100,154921236,22618112,1239142400,101,0.01,22618112,1239142400,101,0.01,19775488,1069211648,1,0.04,9817122,7146611,300,2775,8075,18541,27466,30558.854214096555,300,2287664,6179543,6201033,6204994,30558.854214096555,,,,,,0.0,,,,,
c,dedicated,100,2,1,hotspot,tcp,1,passed,,100,155960396,22642688,1239187456,101,0.01,22642688,1239187456,101,0.01,19795968,1069248512,1,0.05,9078637,6991786,300,2942,8273,17673,26259,33044.60790755264,300,2174040,5667252,5703158,5708683,33044.60790755264,,,,,,0.0,,,,,
c,dedicated,100,2,1,hotspot,tcp,2,passed,,100,162569209,22601728,1239187456,101,0.01,22601728,1239187456,101,0.01,19771392,1069248512,1,0.04,6957759,7061982,300,2910,7749,31371,49356,43117.33131314264,300,1995624,3470311,3495640,3504779,43117.33131314264,,,,,,0.0,,,,,
c,dedicated,100,2,1,hotspot,tcp,3,passed,,100,153134606,22654976,1239187456,101,0.02,22654976,1239187456,101,0.02,19824640,1069248512,1,0.04,7018862,6567721,300,2918,9779,17326,25156,42741.971561771694,300,2393920,3398859,3422997,3429887,42741.971561771694,,,,,,0.0,,,,,
c,dedicated,100,2,1,hotspot,tcp,4,passed,,100,151780089,22671360,1239146496,101,0.01,22671360,1239146496,101,0.01,19828736,1069215744,1,0.04,7144854,7099104,300,3029,9314,18198,49693,41988.261761541944,300,2562630,3244974,3278579,3287223,41988.261761541944,,,,,,0.0,,,,,
c,dedicated,100,2,1,hotspot,tcp,5,passed,,100,148315746,22626304,1239146496,101,0.01,22626304,1239146496,101,0.01,19812352,1069215744,1,0.04,8484820,7106347,300,3330,8018,21801,60472,35357.26155652094,300,3297143,3923324,3946087,3956868,35357.26155652094,,,,,,0.0,,,,,
c,dedicated,100,2,1,hotspot,tcp,6,passed,,100,149412151,22659072,1239240704,101,0.01,22659072,1239240704,101,0.01,19816448,1069174784,1,0.04,6746281,6983733,300,3150,8470,24268,39960,44468.9451862441,300,1951573,3483205,3512679,3521275,44468.9451862441,,,,,,0.0,,,,,
c,dedicated,100,2,1,idle,tcp,0,passed,,100,155021350,22585344,1239187456,101,0.02,22585344,1239187456,101,0.02,16306176,1068986368,1,0.02,200036929,5354611,,,,,,0.0,,,,,,0.0,,,,,,0.0,,,,,
c,dedicated,100,2,1,idle,tcp,1,passed,,100,163616544,22663168,1239142400,101,0.02,22663168,1239142400,101,0.02,16744448,1068941312,1,0.02,200032013,6699543,,,,,,0.0,,,,,,0.0,,,,,,0.0,,,,,
c,dedicated,100,2,1,idle,tcp,2,passed,,100,150815602,22589440,1239187456,101,0.02,22589440,1239187456,101,0.02,16109568,1068986368,1,0.02,200041988,7240413,,,,,,0.0,,,,,,0.0,,,,,,0.0,,,,,
c,dedicated,100,2,1,idle,tcp,3,passed,,100,160932725,22654976,1239187456,101,0.01,22654976,1239187456,101,0.01,16711680,1068986368,1,0.03,200017878,8246742,,,,,,0.0,,,,,,0.0,,,,,,0.0,,,,,
c,dedicated,100,2,1,idle,tcp,4,passed,,100,155634020,22618112,1239142400,101,0.02,22618112,1239142400,101,0.02,16519168,1068941312,1,0.02,200127489,6849225,,,,,,0.0,,,,,,0.0,,,,,,0.0,,,,,
c,dedicated,100,2,1,idle,tcp,5,passed,,100,150564355,22659072,1239142400,101,0.01,22659072,1239142400,101,0.01,16543744,1068941312,1,0.02,200042013,6189694,,,,,,0.0,,,,,,0.0,,,,,,0.0,,,,,
c,dedicated,100,2,1,idle,tcp,6,passed,,100,147881757,22650880,1239240704,101,0.01,22650880,1239240704,101,0.01,16318464,1068974080,1,0.02,200017524,7084715,,,,,,0.0,,,,,,0.0,,,,,,0.0,,,,,
c,dedicated,1000,1,1,hotspot,tcp,0,passed,,1000,1317558158,134959104,3167105024,1001,0.2,134959104,3167105024,1001,0.2,86593536,1107943424,1,0.44,25567724,68259567,3000,3765,6054,9967,31004,117335.43431554564,3000,5020555,7839485,8261239,8359709,117335.43431554564,,,,,,0.0,,,,,
c,dedicated,1000,1,1,hotspot,tcp,1,passed,,1000,1307392827,134942720,3167166464,1001,0.2,134942720,3167166464,1001,0.2,86609920,1107869696,1,0.42,27308421,71129100,3000,3640,5779,8434,17185,109856.22347040863,3000,6065251,9620320,10036145,10152463,109856.22347040863,,,,,,0.0,,,,,
c,dedicated,1000,1,1,hotspot,tcp,2,passed,,1000,1297966178,134995968,3167207424,1001,0.19,134995968,3167207424,1001,0.19,86650880,1107910656,1,0.42,23461716,67952762,3000,3973,8854,13560,194483,127867.88485548116,3000,4413890,6430094,6692712,6796132,127867.88485548116,,,,,,0.0,,,,,
c,dedicated,1000,1,1,hotspot,tcp,3,passed,,1000,1296359509,134889472,3167211520,1001,0.2,134889472,3167211520,1001,0.2,96612352,1107914752,1,0.41000000000000003,20811523,66774246,3000,3781,6064,10068,52650,144150.91101213495,3000,3387415,6427541,6836485,6955943,144150.91101213495,,,,,,0.0,,,,,
c,dedicated,1000,1,1,hotspot,tcp,4,passed,,1000,1322392609,134967296,3167166464,1001,0.21000000000000002,134967296,3167166464,1001,0.21000000000000002,83230720,1107869696,1,0.44,29208488,70483769,3000,3664,6019,9615,39375,102709.86981592474,3000,6040173,8159175,8574181,8686554,102709.86981592474,,,,,,0.0,,,,,
c,dedicated,1000,1,1,hotspot,tcp,5,passed,,1000,1297965579,134975488,3167105024,1001,0.19,134975488,3167105024,1001,0.19,86601728,1107943424,1,0.41000000000000003,21259742,70059886,3000,3746,6069,9715,219537,141111.7783085044,3000,3385820,6275325,6723969,6842882,141111.7783085044,,,,,,0.0,,,,,
c,dedicated,1000,1,1,hotspot,tcp,6,passed,,1000,1296038544,134983680,3167166464,1001,0.18,134983680,3167166464,1001,0.18,93392896,1107869696,1,0.42000000000000004,22853159,69188388,3000,3836,6299,10448,50125,131272.88004253592,3000,4309468,6579271,6827860,6932866,131272.88004253592,,,,,,0.0,,,,,
c,dedicated,1000,1,1,idle,tcp,0,passed,,1000,1347528710,134930432,3167105024,1001,0.21000000000000002,134930432,3167105024,1001,0.21000000000000002,57757696,1105780736,1,0.27,200041532,66197185,,,,,,0.0,,,,,,0.0,,,,,,0.0,,,,,
c,dedicated,1000,1,1,idle,tcp,1,passed,,1000,1308791917,134946816,3167105024,1001,0.19,134946816,3167105024,1001,0.19,61026304,1105780736,1,0.24,200104707,49585370,,,,,,0.0,,,,,,0.0,,,,,,0.0,,,,,
c,dedicated,1000,1,1,idle,tcp,2,passed,,1000,1355968149,134995968,3167166464,1001,0.23,134995968,3167166464,1001,0.23,57790464,1105842176,1,0.28,200051123,62270746,,,,,,0.0,,,,,,0.0,,,,,,0.0,,,,,
c,dedicated,1000,1,1,idle,tcp,3,passed,,1000,1320946376,134918144,3167207424,1001,0.2,134918144,3167207424,1001,0.2,57774080,1105801216,1,0.25,200140131,50212800,,,,,,0.0,,,,,,0.0,,,,,,0.0,,,,,
c,dedicated,1000,1,1,idle,tcp,4,passed,,1000,1344024858,134938624,3167105024,1001,0.21,134938624,3167105024,1001,0.21,57778176,1105780736,1,0.26,200054537,51624704,,,,,,0.0,,,,,,0.0,,,,,,0.0,,,,,
c,dedicated,1000,1,1,idle,tcp,5,passed,,1000,1386482238,134971392,3167186944,1001,0.25,134971392,3167186944,1001,0.25,54546432,1105842176,1,0.31000000000000005,200011796,63590781,,,,,,0.0,,,,,,0.0,,,,,,0.0,,,,,
c,dedicated,1000,1,1,idle,tcp,6,passed,,1000,1309128027,134963200,3167092736,1001,0.2,134963200,3167092736,1001,0.2,57774080,1105768448,1,0.25,200053409,52521173,,,,,,0.0,,,,,,0.0,,,,,,0.0,,,,,
c,dedicated,1000,2,1,hotspot,tcp,0,passed,,1000,1334055156,169271296,3221975040,1001,0.22,169271296,3221975040,1001,0.22,134750208,1162563584,1,0.48,28639202,72416185,3000,4640,7183,10503,109490,104751.52205707408,3000,4806325,8375979,8830007,8949330,104751.52205707408,,,,,,0.0,,,,,
c,dedicated,1000,2,1,hotspot,tcp,1,passed,,1000,1347005035,169275392,3221975040,1001,0.21000000000000002,169275392,3221975040,1001,0.21000000000000002,134856704,1162559488,1,0.47,26656835,69972984,3000,4555,7173,11756,226401,112541.49264156829,3000,5018185,8189893,8686694,8820867,112541.49264156829,,,,,,0.0,,,,,
c,dedicated,1000,2,1,hotspot,tcp,2,passed,,1000,1319729476,169271296,3221975040,1001,0.21000000000000002,169271296,3221975040,1001,0.21000000000000002,134778880,1162563584,1,0.47,26536393,75361739,3000,4646,7244,11303,67728,113052.29011343027,3000,4440777,8038110,8592105,8716083,113052.29011343027,,,,,,0.0,,,,,
c,dedicated,1000,2,1,hotspot,tcp,3,passed,,1000,1337559332,169271296,3221975040,1001,0.23,169271296,3221975040,1001,0.23,134860800,1162575872,1,0.48,25613512,72185398,3000,4576,7385,12151,65779,117125.67960223494,3000,5334122,8024347,8461582,8596234,117125.67960223494,,,,,,0.0,,,,,
c,dedicated,1000,2,1,hotspot,tcp,4,passed,,1000,1335060425,169259008,3221975040,1001,0.21000000000000002,169259008,3221975040,1001,0.21000000000000002,135188480,1162989568,1,0.48,28906614,71103952,3000,4515,7063,10897,211877,103782.47690995563,3000,5892641,10147375,10660360,10807622,103782.47690995563,,,,,,0.0,,,,,
c,dedicated,1000,2,1,hotspot,tcp,5,passed,,1000,1311177917,169226240,3221975040,1001,0.21000000000000002,169226240,3221975040,1001,0.21000000000000002,134750208,1162575872,1,0.48,25323886,73419047,3000,4613,7345,11057,96305,118465.23081015292,3000,5094921,7901612,8425536,8570788,118465.23081015292,,,,,,0.0,,,,,
c,dedicated,1000,2,1,hotspot,tcp,6,passed,,1000,1313643679,169279488,3221975040,1001,0.21000000000000002,169279488,3221975040,1001,0.21000000000000002,135254016,1163059200,1,0.49,25553647,72811821,3000,4952,9836,15382,86963,117400.07209147094,3000,4924494,7628967,8217051,8379199,117400.07209147094,,,,,,0.0,,,,,
c,dedicated,1000,2,1,idle,tcp,0,passed,,1000,1337586964,169279488,3221975040,1001,0.21000000000000002,169279488,3221975040,1001,0.21000000000000002,72302592,1160626176,1,0.27,200239031,53190040,,,,,,0.0,,,,,,0.0,,,,,,0.0,,,,,
c,dedicated,1000,2,1,idle,tcp,1,passed,,1000,1349998799,169201664,3221975040,1001,0.23,169201664,3221975040,1001,0.23,69935104,1160626176,1,0.28,200271954,54430155,,,,,,0.0,,,,,,0.0,,,,,,0.0,,,,,
c,dedicated,1000,2,1,idle,tcp,2,passed,,1000,1374094964,169283584,3221975040,1001,0.25,169283584,3221975040,1001,0.25,71503872,1160626176,1,0.31,200014237,65855751,,,,,,0.0,,,,,,0.0,,,,,,0.0,,,,,
c,dedicated,1000,2,1,idle,tcp,3,passed,,1000,1341897885,169259008,3221975040,1001,0.22000000000000003,169259008,3221975040,1001,0.22000000000000003,70668288,1160626176,1,0.28,200129594,52084451,,,,,,0.0,,,,,,0.0,,,,,,0.0,,,,,
c,dedicated,1000,2,1,idle,tcp,4,passed,,1000,1348895785,169230336,3221975040,1001,0.22999999999999998,169230336,3221975040,1001,0.22999999999999998,71974912,1160626176,1,0.28,200044612,54926937,,,,,,0.0,,,,,,0.0,,,,,,0.0,,,,,
c,dedicated,1000,2,1,idle,tcp,5,passed,,1000,1377042025,169283584,3221975040,1001,0.26,169283584,3221975040,1001,0.26,70586368,1160626176,1,0.31,200060915,67663980,,,,,,0.0,,,,,,0.0,,,,,,0.0,,,,,
c,dedicated,1000,2,1,idle,tcp,6,passed,,1000,1359537346,169254912,3221975040,1001,0.25,169254912,3221975040,1001,0.25,73220096,1160626176,1,0.31,200194327,60127562,,,,,,0.0,,,,,,0.0,,,,,,0.0,,,,,
c,shards,1,1,1,hotspot,tcp,0,passed,,1,1295862,6254592,150700032,3,0.0,6254592,150700032,3,0.0,6373376,226201600,1,0.0,8982333,70974,3,9446,9446,9446,13231,333.988953649347,3,3862964,3862964,3862964,4779644,333.988953649347,,,,,,0.0,,,,,
c,shards,1,1,1,hotspot,tcp,1,passed,,1,1415638,6291456,150700032,3,0.0,6291456,150700032,3,0.0,6410240,226201600,1,0.01,10145640,109506,3,2517,2517,2517,15520,295.69351958082484,3,4654663,4654663,4654663,5151278,295.69351958082484,,,,,,0.0,,,,,
c,shards,1,1,1,hotspot,tcp,2,passed,,1,1397648,6266880,150700032,3,0.0,6266880,150700032,3,0.0,6385664,226201600,1,0.0,8184842,76059,3,21684,21684,21684,27062,366.53120487848145,3,3661617,3661617,3661617,4150861,366.53120487848145,,,,,,0.0,,,,,
c,shards,1,1,1,hotspot,tcp,3,passed,,1,1420603,6283264,150700032,3,0.0,6283264,150700032,3,0.0,6402048,226201600,1,0.0,9180843,63365,3,8432,8432,8432,11093,326.76737855118535,3,3821694,3821694,3821694,5065902,326.76737855118535,,,,,,0.0,,,,,
c,shards,1,1,1,hotspot,tcp,4,passed,,1,1418222,6303744,150700032,3,0.0,6303744,150700032,3,0.0,6422528,226201600,1,0.0,7328272,67499,3,5732,5732,5732,16153,409.37345120377626,3,2898408,2898408,2898408,3994401,409.37345120377626,,,,,,0.0,,,,,
c,shards,1,1,1,hotspot,tcp,5,passed,,1,1328388,6299648,150700032,3,0.0,6299648,150700032,3,0.0,6418432,226201600,1,0.0,9797739,70104,3,10535,10535,10535,12240,306.19309210012636,3,4441196,4441196,4441196,5063499,306.19309210012636,,,,,,0.0,,,,,
c,shards,1,1,1,hotspot,tcp,6,passed,,1,1393451,6303744,150700032,3,0.0,6303744,150700032,3,0.0,6422528,226201600,1,0.0,7185314,175094,3,2585,2585,2585,17167,417.5182879968781,3,2946292,2946292,2946292,3908292,417.5182879968781,,,,,,0.0,,,,,
c,shards,1,1,1,idle,tcp,0,passed,,1,1514861,6258688,150700032,3,0.0,6258688,150700032,3,0.0,6381568,150700032,1,0.0,200031055,249296,,,,,,0.0,,,,,,0.0,,,,,,0.0,,,,,
c,shards,1,1,1,idle,tcp,1,passed,,1,1535690,6307840,150700032,3,0.0,6307840,150700032,3,0.0,6430720,150700032,1,0.0,200129215,261940,,,,,,0.0,,,,,,0.0,,,,,,0.0,,,,,
c,shards,1,1,1,idle,tcp,2,passed,,1,1336480,6262784,150700032,3,0.0,6262784,150700032,3,0.0,6385664,150700032,1,0.0,200363412,535245,,,,,,0.0,,,,,,0.0,,,,,,0.0,,,,,
c,shards,1,1,1,idle,tcp,3,passed,,1,1469205,6299648,150700032,3,0.0,6299648,150700032,3,0.0,6422528,150700032,1,0.0,200021070,171607,,,,,,0.0,,,,,,0.0,,,,,,0.0,,,,,
c,shards,1,1,1,idle,tcp,4,passed,,1,1436988,6262784,150700032,3,0.0,6262784,150700032,3,0.0,6385664,150700032,1,0.0,200121528,231041,,,,,,0.0,,,,,,0.0,,,,,,0.0,,,,,
c,shards,1,1,1,idle,tcp,5,passed,,1,1458041,6303744,150700032,3,0.0,6303744,150700032,3,0.0,6426624,150700032,1,0.0,200041714,197871,,,,,,0.0,,,,,,0.0,,,,,,0.0,,,,,
c,shards,1,1,1,idle,tcp,6,passed,,1,1427951,6291456,150700032,3,0.0,6291456,150700032,3,0.0,6414336,150700032,1,0.0,200390680,379963,,,,,,0.0,,,,,,0.0,,,,,,0.0,,,,,
c,shards,1,2,1,hotspot,tcp,0,passed,,1,1572887,6475776,150835200,3,0.0,6475776,150835200,3,0.0,6615040,226336768,1,0.0,10916569,115533,3,9707,9707,9707,16544,274.8116189253235,3,4709100,4709100,4709100,5884989,274.8116189253235,,,,,,0.0,,,,,
c,shards,1,2,1,hotspot,tcp,1,passed,,1,1380615,6479872,150835200,3,0.0,6479872,150835200,3,0.0,6619136,226336768,1,0.01,11043272,64250,3,20477,20477,20477,33312,271.6586171199985,3,4454913,4454913,4454913,6011056,271.6586171199985,,,,,,0.0,,,,,
c,shards,1,2,1,hotspot,tcp,2,passed,,1,1494490,6479872,150835200,3,0.0,6479872,150835200,3,0.0,6619136,226336768,1,0.0,7441752,59106,3,18688,18688,18688,19520,403.13087563251236,3,3291906,3291906,3291906,3875220,403.13087563251236,,,,,,0.0,,,,,
c,shards,1,2,1,hotspot,tcp,3,passed,,1,1609097,6508544,150835200,3,0.0,6508544,150835200,3,0.0,6647808,226336768,1,0.0,7404707,71074,3,22785,22785,22785,23373,405.14769861927016,3,2514290,2514290,2514290,4505822,405.14769861927016,,,,,,0.0,,,,,
c,shards,1,2,1,hotspot,tcp,4,passed,,1,1508243,6504448,150835200,3,0.0,6504448,150835200,3,0.0,6643712,226336768,1,0.0,4097635,124951,3,4750,4750,4750,17426,732.1296308724422,3,173911,173911,173911,3791956,732.1296308724422,,,,,,0.0,,,,,
c,shards,1,2,1,hotspot,tcp,5,passed,,1,1535746,6504448,150835200,3,0.0,6504448,150835200,3,0.0,6643712,226336768,1,0.01,11829209,108429,3,1708,1708,1708,18071,253.60951860771078,3,4971018,4971018,4971018,6567586,253.60951860771078,,,,,,0.0,,,,,
c,shards,1,2,1,hotspot,tcp,6,passed,,1,1581407,6451200,150835200,3,0.0,6451200,150835200,3,0.0,6590464,226336768,1,0.0,8222933,197409,3,3091,3091,3091,13436,364.83332650284274,3,3558842,3558842,3558842,4188399,364.83332650284274,,,,,,0.0,,,,,
c,shards,1,2,1,idle,tcp,0,passed,,1,1425641,6496256,150835200,3,0.0,6496256,150835200,3,0.0,6610944,150835200,1,0.0,200251488,278422,,,,,,0.0,,,,,,0.0,,,,,,0.0,,,,,
c,shards,1,2,1,idle,tcp,1,passed,,1,1603326,6500352,150835200,3,0.0,6500352,150835200,3,0.0,6615040,150835200,1,0.0,200401802,419865,,,,,,0.0,,,,,,0.0,,,,,,0.0,,,,,
c,shards,1,2,1,idle,tcp,2,passed,,1,1557759,6504448,150835200,3,0.0,6504448,150835200,3,0.0,6619136,150835200,1,0.0,200162291,271392,,,,,,0.0,,,,,,0.0,,,,,,0.0,,,,,
c,shards,1,2,1,idle,tcp,3,passed,,1,1594897,6504448,150835200,3,0.0,6504448,150835200,3,0.0,6619136,150835200,1,0.0,200055547,179880,,,,,,0.0,,,,,,0.0,,,,,,0.0,,,,,
c,shards,1,2,1,idle,tcp,4,passed,,1,1514402,6483968,150835200,3,0.0,6483968,150835200,3,0.0,6598656,150835200,1,0.0,200013338,222086,,,,,,0.0,,,,,,0.0,,,,,,0.0,,,,,
c,shards,1,2,1,idle,tcp,5,passed,,1,1433165,6483968,150835200,3,0.0,6483968,150835200,3,0.0,6598656,150835200,1,0.0,200146542,464228,,,,,,0.0,,,,,,0.0,,,,,,0.0,,,,,
c,shards,1,2,1,idle,tcp,6,passed,,1,1456769,6467584,150835200,3,0.0,6467584,150835200,3,0.0,6582272,150835200,1,0.0,200053320,272809,,,,,,0.0,,,,,,0.0,,,,,,0.0,,,,,
c,shards,10,1,1,hotspot,tcp,0,passed,,10,12330450,6991872,150974464,3,0.0,6991872,150974464,3,0.0,7102464,226447360,1,0.0,6154362,430229,30,1004,2712,4943,20393,4874.591387376953,30,2597116,2887816,2888631,2889111,4874.591387376953,,,,,,0.0,,,,,
c,shards,10,1,1,hotspot,tcp,1,passed,,10,12139790,6971392,150974464,3,0.0,6971392,150974464,3,0.0,7081984,226447360,1,0.0,7891530,261881,30,808,2508,2802,11969,3801.5441872488605,30,3721169,3767328,3768198,3768719,3801.5441872488605,,,,,,0.0,,,,,
c,shards,10,1,1,hotspot,tcp,2,passed,,10,12983862,6991872,150974464,3,0.0,6991872,150974464,3,0.0,7106560,226447360,1,0.0,6045984,270879,30,1080,3115,3367,11470,4961.971450801061,30,2708336,2902434,2905076,2907348,4961.971450801061,,,,,,0.0,,,,,
c,shards,10,1,1,hotspot,tcp,3,passed,,10,13306570,6959104,150974464,3,0.0,6959104,150974464,3,0.0,7069696,226447360,1,0.01,9248382,268543,30,949,3334,3456,13706,3243.8106470948105,30,3619375,5171299,5171818,5172021,3243.8106470948105,,,,,,0.0,,,,,
c,shards,10,1,1,hotspot,tcp,4,passed,,10,12386830,6995968,150974464,3,0.0,6995968,150974464,3,0.0,7106560,226447360,1,0.01,9264708,231983,30,987,3329,6341,18348,3238.094497959353,30,3697986,5137250,5138185,5138891,3238.094497959353,,,,,,0.0,,,,,
c,shards,10,1,1,hotspot,tcp,5,passed,,10,12739071,6979584,150974464,3,0.0,6979584,150974464,3,0.0,7094272,226447360,1,0.01,9582620,293356,30,1012,9252,13375,17529,3130.66781318679,30,3641178,5430110,5432948,5440009,3130.66781318679,,,,,,0.0,,,,,
c,shards,10,1,1,hotspot,tcp,6,passed,,10,13090045,6991872,150974464,3,0.0,6991872,150974464,3,0.0,7106560,226447360,1,0.01,9397973,310001,30,1235,2847,3865,16052,3192.1777174716294,30,3851617,5052220,5054735,5056107,3192.1777174716294,,,,,,0.0,,,,,
c,shards,10,1,1,idle,tcp,0,passed,,10,12460733,6995968,150974464,3,0.0,6995968,150974464,3,0.0,7118848,150941696,1,0.0,200217889,385911,,,,,,0.0,,,,,,0.0,,,,,,0.0,,,,,
c,shards,10,1,1,idle,tcp,1,passed,,10,12198936,6991872,150974464,3,0.0,6991872,150974464,3,0.0,7114752,150941696,1,0.0,200217501,429013,,,,,,0.0,,,,,,0.0,,,,,,0.0,,,,,
c,shards,10,1,1,idle,tcp,2,passed,,10,13463797,6967296,150974464,3,0.0,6967296,150974464,3,0.0,7090176,150941696,1,0.0,200015155,416549,,,,,,0.0,,,,,,0.0,,,,,,0.0,,,,,
c,shards,10,1,1,idle,tcp,3,passed,,10,13440282,6955008,150974464,3,0.0,6955008,150974464,3,0.0,7073792,150941696,1,0.0,200012297,407522,,,,,,0.0,,,,,,0.0,,,,,,0.0,,,,,
c,shards,10,1,1,idle,tcp,4,passed,,10,12311541,7004160,150974464,3,0.0,7004160,150974464,3,0.0,7127040,150941696,1,0.0,200238487,379213,,,,,,0.0,,,,,,0.0,,,,,,0.0,,,,,
c,shards,10,1,1,idle,tcp,5,passed,,10,12854245,6938624,150974464,3,0.0,6938624,150974464,3,0.0,7061504,150941696,1,0.0,200023015,392864,,,,,,0.0,,,,,,0.0,,,,,,0.0,,,,,
c,shards,10,1,1,idle,tcp,6,passed,,10,12662106,6995968,150974464,3,0.0,6995968,150974464,3,0.0,7118848,150941696,1,0.0,200358690,558354,,,,,,0.0,,,,,,0.0,,,,,,0.0,,,,,
c,shards,10,2,1,hotspot,tcp,0,passed,,10,13527780,7421952,151425024,3,0.0,7421952,151425024,3,0.0,7565312,226926592,1,0.0,8924580,282968,30,1055,4511,15510,18679,3361.502726178711,30,3964179,4329500,4330480,4331630,3361.502726178711,,,,,,0.0,,,,,
c,shards,10,2,1,hotspot,tcp,1,passed,,10,13006771,7405568,151425024,3,0.0,7405568,151425024,3,0.0,7548928,226926592,1,0.01,11405274,271890,30,1462,3835,4148,15511,2630.362058815948,30,4636696,6280254,6282110,6283169,2630.362058815948,,,,,,0.0,,,,,
c,shards,10,2,1,hotspot,tcp,2,passed,,10,12765780,7421952,151425024,3,0.0,7421952,151425024,3,0.0,7565312,226926592,1,0.0,7120706,290720,30,1105,3631,6178,18938,4213.065389864432,30,3287916,3449212,3449362,3451254,4213.065389864432,,,,,,0.0,,,,,
c,shards,10,2,1,hotspot,tcp,3,passed,,10,12485605,7413760,151425024,3,0.0,7413760,151425024,3,0.0,7561216,226926592,1,0.01,11338727,270075,30,1407,3315,4789,14641,2645.799656345902,30,5046241,5908582,5910861,5914753,2645.799656345902,,,,,,0.0,,,,,
c,shards,10,2,1,hotspot,tcp,4,passed,,10,13279942,7372800,151425024,3,0.0,7372800,151425024,3,0.0,7520256,226926592,1,0.01,11427183,294105,30,1272,3212,3554,12800,2625.3189434351407,30,4481742,6347155,6347180,6351917,2625.3189434351407,,,,,,0.0,,,,,
c,shards,10,2,1,hotspot,tcp,5,passed,,10,12729331,7421952,151425024,3,0.0,7421952,151425024,3,0.0,7569408,226926592,1,0.0,6577164,300744,30,1168,7406,9505,15493,4561.236423479785,30,2661718,3614222,3615623,3624845,4561.236423479785,,,,,,0.0,,,,,
c,shards,10,2,1,hotspot,tcp,6,passed,,10,14214845,7426048,151425024,3,0.0,7426048,151425024,3,0.0,7573504,226926592,1,0.01,10806360,207312,30,1761,16073,23922,25941,2776.1429380475943,30,4455598,5861750,5864714,5866569,2776.1429380475943,,,,,,0.0,,,,,
c,shards,10,2,1,idle,tcp,0,passed,,10,12978707,7421952,151425024,3,0.0,7421952,151425024,3,0.0,7532544,151425024,1,0.0,200170816,480303,,,,,,0.0,,,,,,0.0,,,,,,0.0,,,,,
c,shards,10,2,1,idle,tcp,1,passed,,10,12739072,7405568,151425024,3,0.0,7405568,151425024,3,0.0,7512064,151425024,1,0.0,200060445,379303,,,,,,0.0,,,,,,0.0,,,,,,0.0,,,,,
c,shards,10,2,1,idle,tcp,2,passed,,10,13584920,7397376,151425024,3,0.0,7397376,151425024,3,0.0,7503872,151425024,1,0.0,200204804,464853,,,,,,0.0,,,,,,0.0,,,,,,0.0,,,,,
c,shards,10,2,1,idle,tcp,3,passed,,10,13414884,7421952,151425024,3,0.0,7421952,151425024,3,0.0,7532544,151425024,1,0.0,200054103,432097,,,,,,0.0,,,,,,0.0,,,,,,0.0,,,,,
c,shards,10,2,1,idle,tcp,4,passed,,10,12844796,7368704,151425024,3,0.0,7368704,151425024,3,0.0,7475200,151425024,1,0.0,200012587,520020,,,,,,0.0,,,,,,0.0,,,,,,0.0,,,,,
c,shards,10,2,1,idle,tcp,5,passed,,10,12512618,7417856,151425024,3,0.0,7417856,151425024,3,0.0,7524352,151425024,1,0.0,200065489,371402,,,,,,0.0,,,,,,0.0,,,,,,0.0,,,,,
c,shards,10,2,1,idle,tcp,6,passed,,10,13735846,7417856,151425024,3,0.0,7417856,151425024,3,0.0,7524352,151425024,1,0.0,200419953,569033,,,,,,0.0,,,,,,0.0,,,,,,0.0,,,,,
c,shards,100,1,1,hotspot,tcp,0,passed,,100,125513790,13410304,152834048,3,0.0,13410304,152834048,3,0.0,13762560,228335616,1,0.02,6985609,939129,300,1097,2398,5049,13111,42945.43253136556,300,2635805,3280972,3288607,3294201,42945.43253136556,,,,,,0.0,,,,,
c,shards,100,1,1,hotspot,tcp,1,passed,,100,132611155,13410304,152834048,3,0.01,13410304,152834048,3,0.01,13762560,228335616,1,0.02,6737480,1428722,300,1088,2475,8239,18119,44527.033846482664,300,2157279,3138696,3150971,3156751,44527.033846482664,,,,,,0.0,,,,,
c,shards,100,1,1,hotspot,tcp,2,passed,,100,127482166,13418496,152834048,3,0.0,13418496,152834048,3,0.0,13795328,228335616,1,0.03,11716695,1151685,300,769,2645,6087,13530,25604.49000336699,300,4648244,5436086,5441461,5443632,25604.49000336699,,,,,,0.0,,,,,
c,shards,100,1,1,hotspot,tcp,3,passed,,100,128151507,13385728,152834048,3,0.0,13385728,152834048,3,0.0,13742080,228335616,1,0.02,6953093,948775,300,1148,2740,5655,19831,43146.265985511774,300,2572218,3359099,3361998,3364530,43146.265985511774,,,,,,0.0,,,,,
c,shards,100,1,1,hotspot,tcp,4,passed,,100,127582872,13430784,152834048,3,0.0,13430784,152834048,3,0.0,13783040,228335616,1,0.02,8607570,913224,300,1314,3302,8394,14697,34853.04214778387,300,3430417,3911003,3920284,3930737,34853.04214778387,,,,,,0.0,,,,,
c,shards,100,1,1,hotspot,tcp,5,passed,,100,132394302,13414400,152834048,3,0.0,13414400,152834048,3,0.0,13770752,228335616,1,0.03,10439043,1374112,300,1116,3313,6945,14687,28738.266525006173,300,4414231,4529875,4541796,4549297,28738.266525006173,,,,,,0.0,,,,,
c,shards,100,1,1,hotspot,tcp,6,passed,,100,139141841,13443072,152834048,3,0.01,13443072,152834048,3,0.01,13799424,228335616,1,0.02,10426040,893332,300,926,3209,6102,131505,28774.1079067412,300,4149865,5070991,5088551,5094770,28774.1079067412,,,,,,0.0,,,,,
c,shards,100,1,1,idle,tcp,0,passed,,100,129507095,13430784,152834048,3,0.0,13430784,152834048,3,0.0,12783616,152805376,1,0.01,200019522,1774251,,,,,,0.0,,,,,,0.0,,,,,,0.0,,,,,
c,shards,100,1,1,idle,tcp,1,passed,,100,133059442,13434880,152834048,3,0.01,13434880,152834048,3,0.01,12271616,152805376,1,0.01,200068119,1793221,,,,,,0.0,,,,,,0.0,,,,,,0.0,,,,,
c,shards,100,1,1,idle,tcp,2,passed,,100,127583456,13410304,152834048,3,0.01,13410304,152834048,3,0.01,13365248,152805376,1,0.01,200029589,2149951,,,,,,0.0,,,,,,0.0,,,,,,0.0,,,,,
c,shards,100,1,1,idle,tcp,3,passed,,100,135022621,13418496,152834048,3,0.01,13418496,152834048,3,0.01,13127680,152805376,1,0.02,200055937,1360537,,,,,,0.0,,,,,,0.0,,,,,,0.0,,,,,
c,shards,100,1,1,idle,tcp,4,passed,,100,126141487,13398016,152834048,3,0.01,13398016,152834048,3,0.01,13516800,152801280,1,0.01,200042743,1333134,,,,,,0.0,,,,,,0.0,,,,,,0.0,,,,,
c,shards,100,1,1,idle,tcp,5,passed,,100,135430264,13451264,152834048,3,0.01,13451264,152834048,3,0.01,13099008,152805376,1,0.01,200055980,1328651,,,,,,0.0,,,,,,0.0,,,,,,0.0,,,,,
c,shards,100,1,1,idle,tcp,6,passed,,100,138328138,13385728,152834048,3,0.01,13385728,152834048,3,0.01,13393920,152801280,1,0.01,200135421,1245913,,,,,,0.0,,,,,,0.0,,,,,,0.0,,,,,
c,shards,100,2,1,hotspot,tcp,0,passed,,100,132767524,16130048,158208000,3,0.01,16130048,158208000,3,0.01,16785408,233844736,1,0.02,9337433,982624,300,886,3434,7364,17650,32128.744591795195,300,2853305,4772566,4780038,4785196,32128.744591795195,,,,,,0.0,,,,,
c,shards,100,2,1,hotspot,tcp,1,passed,,100,130562643,16175104,158208000,3,0.0,16175104,158208000,3,0.0,16826368,233844736,1,0.03,9566267,1114704,300,1007,3737,6678,23879,31360.195152403754,300,3712041,3936187,3963134,3970518,31360.195152403754,,,,,,0.0,,,,,
c,shards,100,2,1,hotspot,tcp,2,passed,,100,134206508,16121856,158208000,3,0.02,16121856,158208000,3,0.02,16789504,233844736,1,0.03,14000000,1777299,300,1506,3871,7962,47552,21428.571428571428,300,5460724,6506587,6523706,6532726,21428.571428571428,,,,,,0.0,,,,,
c,shards,100,2,1,hotspot,tcp,3,passed,,100,133148050,16154624,158208000,3,0.01,16154624,158208000,3,0.01,16826368,233971712,1,0.03,9810494,963424,300,841,2986,7841,24632,30579.49987024099,300,3041164,5589017,5594769,5596157,30579.49987024099,,,,,,0.0,,,,,
c,shards,100,2,1,hotspot,tcp,4,passed,,100,131557755,16138240,158208000,3,0.01,16138240,158208000,3,0.01,16834560,233979904,1,0.03,15612858,1788366,300,788,2417,6881,52152,19214.931692839324,300,5826099,7957573,7964839,7965956,19214.931692839324,,,,,,0.0,,,,,
c,shards,100,2,1,hotspot,tcp,5,passed,,100,129249227,16138240,158208000,3,0.01,16138240,158208000,3,0.01,16805888,233844736,1,0.02,9137535,1844913,300,1451,4530,9717,66325,32831.61158890226,300,3083526,4015860,4028464,4036180,32831.61158890226,,,,,,0.0,,,,,
c,shards,100,2,1,hotspot,tcp,6,passed,,100,131120658,16142336,158208000,3,0.01,16142336,158208000,3,0.01,16818176,233971712,1,0.03,8213013,1029466,300,740,2246,5426,13373,36527.39865381925,300,3111877,4035916,4041228,4041694,36527.39865381925,,,,,,0.0,,,,,
c,shards,100,2,1,idle,tcp,0,passed,,100,136518389,16175104,158208000,3,0.01,16175104,158208000,3,0.01,16355328,158208000,1,0.02,200050921,1834429,,,,,,0.0,,,,,,0.0,,,,,,0.0,,,,,
c,shards,100,2,1,idle,tcp,1,passed,,100,137279478,16183296,158208000,3,0.01,16183296,158208000,3,0.01,16367616,158334976,1,0.02,200041366,1394728,,,,,,0.0,,,,,,0.0,,,,,,0.0,,,,,
c,shards,100,2,1,idle,tcp,2,passed,,100,134832044,16134144,158208000,3,0.01,16134144,158208000,3,0.01,16310272,158343168,1,0.02,200110687,1719417,,,,,,0.0,,,,,,0.0,,,,,,0.0,,,,,
c,shards,100,2,1,idle,tcp,3,passed,,100,135302506,16175104,158208000,3,0.0,16175104,158208000,3,0.0,16355328,158208000,1,0.01,200045904,1465760,,,,,,0.0,,,,,,0.0,,,,,,0.0,,,,,
c,shards,100,2,1,idle,tcp,4,passed,,100,137422582,16179200,158208000,3,0.01,16179200,158208000,3,0.01,16355328,158343168,1,0.01,200273034,1585937,,,,,,0.0,,,,,,0.0,,,,,,0.0,,,,,
c,shards,100,2,1,idle,tcp,5,passed,,100,135909212,16175104,158208000,3,0.01,16175104,158208000,3,0.01,16359424,158343168,1,0.02,200449234,1315428,,,,,,0.0,,,,,,0.0,,,,,,0.0,,,,,
c,shards,100,2,1,idle,tcp,6,passed,,100,133326167,16162816,158208000,3,0.01,16162816,158208000,3,0.01,16347136,158343168,1,0.01,200192197,2079096,,,,,,0.0,,,,,,0.0,,,,,,0.0,,,,,
c,shards,1000,1,1,hotspot,tcp,0,passed,,1000,1273695609,77824000,171429888,3,0.16,77824000,171429888,3,0.16,80433152,248147968,1,0.24,27596982,13242956,3000,1542,3646,6372,53473,108707.53910699366,3000,7061548,7825860,8043525,8156752,108707.53910699366,,,,,,0.0,,,,,
c,shards,1000,1,1,hotspot,tcp,1,passed,,1000,1223024030,77848576,171429888,3,0.14,77848576,171429888,3,0.14,80412672,248131584,1,0.21000000000000002,24761382,11667293,3000,1815,3308,5067,16673,121156.40395192805,3000,6451009,7820364,7976693,8020661,121156.40395192805,,,,,,0.0,,,,,
c,shards,1000,1,1,hotspot,tcp,2,passed,,1000,1245759003,77860864,171429888,3,0.15,77860864,171429888,3,0.15,80302080,248131584,1,0.24,30452492,13765538,3000,1826,3486,6236,51763,98514.10518390416,3000,6932354,8553917,9051911,9223387,98514.10518390416,,,,,,0.0,,,,,
c,shards,1000,1,1,hotspot,tcp,3,passed,,1000,1269997207,77824000,171429888,3,0.17,77824000,171429888,3,0.17,80371712,248127488,1,0.24,27122787,10994243,3000,1421,3020,4357,50496,110608.10233107682,3000,6655942,9507848,9632352,9672138,110608.10233107682,,,,,,0.0,,,,,
c,shards,1000,1,1,hotspot,tcp,4,passed,,1000,1235440847,77836288,171429888,3,0.14,77836288,171429888,3,0.14,80420864,248139776,1,0.22,32412182,11874756,3000,1640,3226,5506,20269,92557.79200548732,3000,10807952,12104238,12282827,12327948,92557.79200548732,,,,,,0.0,,,,,
c,shards,1000,1,1,hotspot,tcp,5,passed,,1000,1247354460,77840384,171425792,3,0.15,77840384,171425792,3,0.15,80502784,248143872,1,0.22,26784478,12327178,3000,1441,2773,4737,54916,112005.16956126604,3000,6858548,8110996,8772370,8788645,112005.16956126604,,,,,,0.0,,,,,
c,shards,1000,1,1,hotspot,tcp,6,passed,,1000,1244832806,77844480,171429888,3,0.14,77844480,171429888,3,0.14,80449536,248139776,1,0.22,26752923,11563228,3000,1962,4514,6055,21599,112137.279354484,3000,6250664,9636002,9802790,9849977,112137.279354484,,,,,,0.0,,,,,
c,shards,1000,1,1,idle,tcp,0,passed,,1000,1223091698,77860864,171425792,3,0.13,77860864,171425792,3,0.13,76599296,171560960,1,0.15,200142437,11308810,,,,,,0.0,,,,,,0.0,,,,,,0.0,,,,,
c,shards,1000,1,1,idle,tcp,1,passed,,1000,1250055203,77856768,171429888,3,0.14,77856768,171429888,3,0.14,75321344,171335680,1,0.16,200133919,10949717,,,,,,0.0,,,,,,0.0,,,,,,0.0,,,,,
c,shards,1000,1,1,idle,tcp,2,passed,,1000,1281744100,77828096,171429888,3,0.17,77828096,171429888,3,0.17,74362880,171429888,1,0.19,200062259,14391438,,,,,,0.0,,,,,,0.0,,,,,,0.0,,,,,
c,shards,1000,1,1,idle,tcp,3,passed,,1000,1243722771,77856768,171425792,3,0.15000000000000002,77856768,171425792,3,0.15000000000000002,74964992,171397120,1,0.16999999999999998,200340830,16416156,,,,,,0.0,,,,,,0.0,,,,,,0.0,,,,,
c,shards,1000,1,1,idle,tcp,4,passed,,1000,1228416867,77881344,171429888,3,0.14,77881344,171429888,3,0.14,70516736,171335680,1,0.16,200033166,11863973,,,,,,0.0,,,,,,0.0,,,,,,0.0,,,,,
c,shards,1000,1,1,idle,tcp,5,passed,,1000,1289842740,77844480,171429888,3,0.19,77844480,171429888,3,0.19,77561856,171335680,1,0.22,200035137,18645860,,,,,,0.0,,,,,,0.0,,,,,,0.0,,,,,
c,shards,1000,1,1,idle,tcp,6,passed,,1000,1258615896,77828096,171429888,3,0.16,77828096,171429888,3,0.16,69021696,171380736,1,0.18,200352686,12284216,,,,,,0.0,,,,,,0.0,,,,,,0.0,,,,,
c,shards,1000,2,1,hotspot,tcp,0,passed,,1000,1255858006,103743488,226111488,3,0.14,103743488,226111488,3,0.14,108609536,303259648,1,0.23,28436293,13929937,3000,1492,3096,5229,197494,105498.98328871488,3000,8111011,9457359,9658328,9707795,105498.98328871488,,,,,,0.0,,,,,
c,shards,1000,2,1,hotspot,tcp,1,passed,,1000,1267528946,103739392,226111488,3,0.16999999999999998,103739392,226111488,3,0.16999999999999998,108544000,303366144,1,0.26,36203532,13120964,3000,1815,4417,7975,54420,82864.84313188006,3000,9783247,14861424,15200695,15282302,82864.84313188006,,,,,,0.0,,,,,
c,shards,1000,2,1,hotspot,tcp,2,passed,,1000,1272823016,103727104,226111488,3,0.16,103727104,226111488,3,0.16,108810240,303370240,1,0.25,27939398,17780197,3000,1524,3045,4588,17169,107375.25554416026,3000,8259082,9134634,9339040,9386368,107375.25554416026,,,,,,0.0,,,,,
c,shards,1000,2,1,hotspot,tcp,3,passed,,1000,1241092486,103735296,226111488,3,0.14,103735296,226111488,3,0.14,108818432,303370240,1,0.26,39207445,18774779,3000,1550,3402,6255,107974,76516.08004551177,3000,10922696,13800062,13941078,13970775,76516.08004551177,,,,,,0.0,,,,,
c,shards,1000,2,1,hotspot,tcp,4,passed,,1000,1257958947,103718912,226111488,3,0.15000000000000002,103718912,226111488,3,0.15000000000000002,108339200,303341568,1,0.23,27824223,13652418,3000,1541,3186,5217,259446,107819.7224051863,3000,6301806,8571638,8714129,8754074,107819.7224051863,,,,,,0.0,,,,,
c,shards,1000,2,1,hotspot,tcp,5,passed,,1000,1256321760,103739392,226111488,3,0.14,103739392,226111488,3,0.14,108728320,303362048,1,0.22999999999999998,29765584,14919077,3000,1520,3482,4518,57315,100787.54040236537,3000,8275490,9749749,10076028,10130988,100787.54040236537,,,,,,0.0,,,,,
c,shards,1000,2,1,hotspot,tcp,6,passed,,1000,1281918722,103690240,226111488,3,0.18,103690240,226111488,3,0.18,108081152,303370240,1,0.27,33800970,13806829,3000,1830,3701,7182,148172,88754.84934308098,3000,8444636,10340744,11072123,11130710,88754.84934308098,,,,,,0.0,,,,,
c,shards,1000,2,1,idle,tcp,0,passed,,1000,1274910593,103723008,226111488,3,0.18,103723008,226111488,3,0.18,104611840,226111488,1,0.2,200175737,13570660,,,,,,0.0,,,,,,0.0,,,,,,0.0,,,,,
c,shards,1000,2,1,idle,tcp,1,passed,,1000,1260417332,103747584,226111488,3,0.16,103747584,226111488,3,0.16,104747008,225837056,1,0.19,200012781,13750552,,,,,,0.0,,,,,,0.0,,,,,,0.0,,,,,
c,shards,1000,2,1,idle,tcp,2,passed,,1000,1306317008,103747584,226111488,3,0.2,103747584,226111488,3,0.2,104579072,226111488,1,0.22,200053534,14077545,,,,,,0.0,,,,,,0.0,,,,,,0.0,,,,,
c,shards,1000,2,1,idle,tcp,3,passed,,1000,1253974825,103751680,226111488,3,0.16,103751680,226111488,3,0.16,104763392,226111488,1,0.18,200019066,17222571,,,,,,0.0,,,,,,0.0,,,,,,0.0,,,,,
c,shards,1000,2,1,idle,tcp,4,passed,,1000,1254753852,103731200,226111488,3,0.15,103731200,226111488,3,0.15,104804352,226111488,1,0.18,200371160,17009844,,,,,,0.0,,,,,,0.0,,,,,,0.0,,,,,
c,shards,1000,2,1,idle,tcp,5,passed,,1000,1310185623,103731200,226111488,3,0.2,103731200,226111488,3,0.2,104448000,225837056,1,0.24,200176095,24238509,,,,,,0.0,,,,,,0.0,,,,,,0.0,,,,,
c,shards,1000,2,1,idle,tcp,6,passed,,1000,1297822366,103718912,226111488,3,0.18,103718912,226111488,3,0.18,104583168,226111488,1,0.2,200225362,14351423,,,,,,0.0,,,,,,0.0,,,,,,0.0,,,,,
c,shared,1,1,1,hotspot,tcp,0,passed,,1,1374686,6529024,219910144,4,0.0,6529024,219910144,4,0.0,6639616,295411712,1,0.01,10699437,204955,3,12023,12023,12023,15568,280.3885849320857,3,4403644,4403644,4403644,6034544,280.3885849320857,,,,,,0.0,,,,,
c,shared,1,1,1,hotspot,tcp,1,passed,,1,1432908,6533120,219910144,4,0.0,6533120,219910144,4,0.0,6643712,295411712,1,0.0,6480685,168220,3,6431,6431,6431,12564,462.914028378173,3,2586153,2586153,2586153,3458771,462.914028378173,,,,,,0.0,,,,,
c,shared,1,1,1,hotspot,tcp,2,passed,,1,1408539,6574080,219910144,4,0.0,6574080,219910144,4,0.0,6684672,295411712,1,0.0,4203036,88790,3,4910,4910,4910,14061,713.7697607158254,3,1693788,1693788,1693788,2108962,713.7697607158254,,,,,,0.0,,,,,
c,shared,1,1,1,hotspot,tcp,3,passed,,1,1458665,6483968,219910144,4,0.0,6483968,219910144,4,0.0,6598656,295411712,1,0.0,8390454,166946,3,9285,9285,9285,14752,357.549186253807,3,3026542,3026542,3026542,4947159,357.549186253807,,,,,,0.0,,,,,
c,shared,1,1,1,hotspot,tcp,4,passed,,1,1395369,6475776,219910144,4,0.0,6475776,219910144,4,0.0,6586368,295411712,1,0.0,5502551,202973,3,2605,2605,2605,15891,545.2016710067749,3,2153311,2153311,2153311,3073185,545.2016710067749,,,,,,0.0,,,,,
c,shared,1,1,1,hotspot,tcp,5,passed,,1,1612015,6496256,219910144,4,0.0,6496256,219910144,4,0.0,6615040,295411712,1,0.0,5636603,76257,3,2504,2504,2504,13710,532.2354616778936,3,1885484,1885484,1885484,3334177,532.2354616778936,,,,,,0.0,,,,,
c,shared,1,1,1,hotspot,tcp,6,passed,,1,1549835,6500352,219910144,4,0.0,6500352,219910144,4,0.0,6631424,295411712,1,0.0,4871025,175860,3,2341,2341,2341,11864,615.8868000061589,3,1932317,1932317,1932317,2533406,615.8868000061589,,,,,,0.0,,,,,
c,shared,1,1,1,idle,tcp,0,passed,,1,1630379,6524928,219910144,4,0.0,6524928,219910144,4,0.0,6639616,219910144,1,0.0,200019327,422764,,,,,,0.0,,,,,,0.0,,,,,,0.0,,,,,
c,shared,1,1,1,idle,tcp,1,passed,,1,1362176,6533120,219910144,4,0.0,6533120,219910144,4,0.0,6647808,219910144,1,0.0,200041643,329208,,,,,,0.0,,,,,,0.0,,,,,,0.0,,,,,
c,shared,1,1,1,idle,tcp,2,passed,,1,1490235,6533120,219910144,4,0.0,6533120,219910144,4,0.0,6647808,219910144,1,0.0,200178822,487273,,,,,,0.0,,,,,,0.0,,,,,,0.0,,,,,
c,shared,1,1,1,idle,tcp,3,passed,,1,1436814,6533120,219910144,4,0.0,6533120,219910144,4,0.0,6647808,219910144,1,0.0,200049521,260799,,,,,,0.0,,,,,,0.0,,,,,,0.0,,,,,
c,shared,1,1,1,idle,tcp,4,passed,,1,1510698,6524928,219910144,4,0.0,6524928,219910144,4,0.0,6639616,219910144,1,0.0,200066541,370315,,,,,,0.0,,,,,,0.0,,,,,,0.0,,,,,
c,shared,1,1,1,idle,tcp,5,passed,,1,1527762,6483968,219910144,4,0.0,6483968,219910144,4,0.0,6598656,219910144,1,0.0,200045717,405134,,,,,,0.0,,,,,,0.0,,,,,,0.0,,,,,
c,shared,1,1,1,idle,tcp,6,passed,,1,1587344,6529024,219910144,4,0.0,6529024,219910144,4,0.0,6643712,219910144,1,0.0,200093841,469718,,,,,,0.0,,,,,,0.0,,,,,,0.0,,,,,
c,shared,1,2,1,hotspot,tcp,0,passed,,1,1427880,6737920,220045312,4,0.0,6737920,220045312,4,0.0,6868992,295546880,1,0.0,8301873,100608,3,14852,14852,14852,17503,361.3642367210387,3,2260480,2260480,2260480,5597451,361.3642367210387,,,,,,0.0,,,,,
c,shared,1,2,1,hotspot,tcp,1,passed,,1,1498586,6737920,220045312,4,0.0,6737920,220045312,4,0.0,6873088,295546880,1,0.0,5132611,105305,3,5911,5911,5911,17889,584.497831610461,3,2280861,2280861,2280861,2492182,584.497831610461,,,,,,0.0,,,,,
c,shared,1,2,1,hotspot,tcp,2,passed,,1,1685543,6705152,220045312,4,0.0,6705152,220045312,4,0.0,6836224,295546880,1,0.0,7901364,131916,3,3474,3474,3474,27660,379.6812803460263,3,2743440,2743440,2743440,4662644,379.6812803460263,,,,,,0.0,,,,,
c,shared,1,2,1,hotspot,tcp,3,passed,,1,1503247,6705152,220045312,4,0.0,6705152,220045312,4,0.0,6844416,295546880,1,0.0,4968370,79629,3,2611,2611,2611,19124,603.819763825963,3,2053133,2053133,2053133,2460034,603.819763825963,,,,,,0.0,,,,,
c,shared,1,2,1,hotspot,tcp,4,passed,,1,1393407,6688768,220045312,4,0.0,6688768,220045312,4,0.0,6819840,295546880,1,0.01,9044550,136640,3,1318,1318,1318,12557,331.69146060334674,3,2771662,2771662,2771662,5837653,331.69146060334674,,,,,,0.0,,,,,
c,shared,1,2,1,hotspot,tcp,5,passed,,1,1469321,6737920,220045312,4,0.0,6737920,220045312,4,0.0,6877184,295546880,1,0.01,11210716,277092,3,3167,3167,3167,15928,267.6011059418506,3,4774467,4774467,4774467,6044469,267.6011059418506,,,,,,0.0,,,,,
c,shared,1,2,1,hotspot,tcp,6,passed,,1,1447746,6725632,220045312,4,0.0,6725632,220045312,4,0.0,6856704,295546880,1,0.0,7092580,297905,3,3922,3922,3922,29627,422.9772522833722,3,1723603,1723603,1723603,5050840,422.9772522833722,,,,,,0.0,,,,,
c,shared,1,2,1,idle,tcp,0,passed,,1,1395423,6656000,220045312,4,0.0,6656000,220045312,4,0.0,6770688,220045312,1,0.0,200027013,360652,,,,,,0.0,,,,,,0.0,,,,,,0.0,,,,,
c,shared,1,2,1,idle,tcp,1,passed,,1,1624144,6733824,220045312,4,0.0,6733824,220045312,4,0.0,6832128,220045312,1,0.0,200061748,326105,,,,,,0.0,,,,,,0.0,,,,,,0.0,,,,,
c,shared,1,2,1,idle,tcp,2,passed,,1,1385734,6701056,220045312,4,0.0,6701056,220045312,4,0.0,6799360,220045312,1,0.0,200136715,417753,,,,,,0.0,,,,,,0.0,,,,,,0.0,,,,,
c,shared,1,2,1,idle,tcp,3,passed,,1,1568574,6770688,220045312,4,0.0,6770688,220045312,4,0.0,6868992,220045312,1,0.0,200057107,340393,,,,,,0.0,,,,,,0.0,,,,,,0.0,,,,,
c,shared,1,2,1,idle,tcp,4,passed,,1,1479983,6737920,220045312,4,0.0,6737920,220045312,4,0.0,6836224,220045312,1,0.0,200049688,275798,,,,,,0.0,,,,,,0.0,,,,,,0.0,,,,,
c,shared,1,2,1,idle,tcp,5,passed,,1,1622586,6737920,220045312,4,0.0,6737920,220045312,4,0.0,6836224,220045312,1,0.0,200033933,240791,,,,,,0.0,,,,,,0.0,,,,,,0.0,,,,,
c,shared,1,2,1,idle,tcp,6,passed,,1,1545559,6742016,220045312,4,0.0,6742016,220045312,4,0.0,6840320,220045312,1,0.0,200016274,357315,,,,,,0.0,,,,,,0.0,,,,,,0.0,,,,,
c,shared,10,1,1,hotspot,tcp,0,passed,,10,12565960,7192576,220184576,4,0.0,7192576,220184576,4,0.0,7335936,295657472,1,0.0,6487060,279120,30,928,3896,3996,17563,4624.59110906944,30,2862733,3046742,3049767,3052966,4624.59110906944,,,,,,0.0,,,,,
c,shared,10,1,1,hotspot,tcp,1,passed,,10,13906893,7184384,220184576,4,0.0,7184384,220184576,4,0.0,7315456,295657472,1,0.0,5454656,276974,30,950,3983,6502,17922,5499.888535592346,30,2221400,2634299,2635025,2637390,5499.888535592346,,,,,,0.0,,,,,
c,shared,10,1,1,hotspot,tcp,2,passed,,10,12947489,7151616,220184576,4,0.0,7151616,220184576,4,0.0,7274496,295657472,1,0.0,5476726,395141,30,1017,3660,4782,22766,5477.7251956734735,30,1621486,3272152,3272971,3275138,5477.7251956734735,,,,,,0.0,,,,,
c,shared,10,1,1,hotspot,tcp,3,passed,,10,12690162,7184384,220184576,4,0.0,7184384,220184576,4,0.0,7315456,295657472,1,0.0,5083547,290296,30,785,3568,4154,15773,5901.3912923397775,30,2032756,2638561,2639417,2642689,5901.3912923397775,,,,,,0.0,,,,,
c,shared,10,1,1,hotspot,tcp,4,passed,,10,13195183,7200768,220184576,4,0.0,7200768,220184576,4,0.0,7331840,295657472,1,0.01,9906532,249578,30,661,2249,2981,13981,3028.304960807677,30,4435735,5087500,5088025,5088403,3028.304960807677,,,,,,0.0,,,,,
c,shared,10,1,1,hotspot,tcp,5,passed,,10,12514732,7200768,220184576,4,0.0,7200768,220184576,4,0.0,7340032,295657472,1,0.0,4194095,258148,30,870,3141,3260,20147,7152.913799043656,30,1603139,2082691,2083424,2086228,7152.913799043656,,,,,,0.0,,,,,
c,shared,10,1,1,hotspot,tcp,6,passed,,10,12577398,7204864,220184576,4,0.0,7204864,220184576,4,0.0,7331840,295657472,1,0.01,7121093,371114,30,783,2320,2794,13235,4212.836428340424,30,2926152,3594404,3594786,3595190,4212.836428340424,,,,,,0.0,,,,,
c,shared,10,1,1,idle,tcp,0,passed,,10,12915518,7188480,220184576,4,0.0,7188480,220184576,4,0.0,7307264,220147712,1,0.0,200124829,748205,,,,,,0.0,,,,,,0.0,,,,,,0.0,,,,,
c,shared,10,1,1,idle,tcp,1,passed,,10,12797984,7188480,220184576,4,0.0,7188480,220184576,4,0.0,7303168,220147712,1,0.0,200036157,581763,,,,,,0.0,,,,,,0.0,,,,,,0.0,,,,,
c,shared,10,1,1,idle,tcp,2,passed,,10,13963072,7200768,220184576,4,0.0,7200768,220184576,4,0.0,7315456,220147712,1,0.0,200160817,797985,,,,,,0.0,,,,,,0.0,,,,,,0.0,,,,,
c,shared,10,1,1,idle,tcp,3,passed,,10,12177480,7184384,220184576,4,0.0,7184384,220184576,4,0.0,7299072,220147712,1,0.0,200038407,472507,,,,,,0.0,,,,,,0.0,,,,,,0.0,,,,,
c,shared,10,1,1,idle,tcp,4,passed,,10,12934555,7139328,220184576,4,0.0,7139328,220184576,4,0.0,7262208,220147712,1,0.0,200129155,485756,,,,,,0.0,,,,,,0.0,,,,,,0.0,,,,,
c,shared,10,1,1,idle,tcp,5,passed,,10,13558697,7147520,220184576,4,0.0,7147520,220184576,4,0.0,7262208,220147712,1,0.0,200146029,694616,,,,,,0.0,,,,,,0.0,,,,,,0.0,,,,,
c,shared,10,1,1,idle,tcp,6,passed,,10,13486278,7204864,220184576,4,0.0,7204864,220184576,4,0.0,7319552,220147712,1,0.0,200319225,462564,,,,,,0.0,,,,,,0.0,,,,,,0.0,,,,,
c,shared,10,2,1,hotspot,tcp,0,passed,,10,11736748,7581696,220635136,4,0.0,7581696,220635136,4,0.0,7753728,296136704,1,0.0,4655084,289058,30,1209,7736,18518,21607,6444.566843476939,30,1931568,2395660,2396501,2397912,6444.566843476939,,,,,,0.0,,,,,
c,shared,10,2,1,hotspot,tcp,1,passed,,10,13094100,7618560,220635136,4,0.0,7618560,220635136,4,0.0,7782400,296136704,1,0.0,4890776,331869,30,1096,2214,5634,16401,6133.995913940856,30,2138363,2238501,2239953,2245076,6133.995913940856,,,,,,0.0,,,,,
c,shared,10,2,1,hotspot,tcp,2,passed,,10,13133010,7606272,220635136,4,0.0,7606272,220635136,4,0.0,7782400,296136704,1,0.0,5379257,304224,30,1638,14388,14547,23008,5576.978381958698,30,2399715,2450989,2465570,2479738,5576.978381958698,,,,,,0.0,,,,,
c,shared,10,2,1,hotspot,tcp,3,passed,,10,12664194,7614464,220635136,4,0.0,7614464,220635136,4,0.0,7790592,296136704,1,0.0,5293163,371228,30,761,4422,38202,64415,5667.688676883746,30,2223872,2606848,2607344,2608103,5667.688676883746,,,,,,0.0,,,,,
c,shared,10,2,1,hotspot,tcp,4,passed,,10,13697367,7614464,220635136,4,0.0,7614464,220635136,4,0.0,7790592,296136704,1,0.0,6088115,374649,30,923,3731,5056,13372,4927.633594306284,30,2368858,3176002,3176676,3180873,4927.633594306284,,,,,,0.0,,,,,
c,shared,10,2,1,hotspot,tcp,5,passed,,10,12991110,7610368,220635136,4,0.0,7610368,220635136,4,0.0,7782400,296136704,1,0.0,5300313,261256,30,1195,5117,16949,22881,5660.0430955681295,30,2314493,2352174,2354135,2358901,5660.0430955681295,,,,,,0.0,,,,,
c,shared,10,2,1,hotspot,tcp,6,passed,,10,12420000,7630848,220635136,4,0.0,7630848,220635136,4,0.0,7815168,296136704,1,0.0,7656100,254142,30,950,1716,2402,19418,3918.444116456159,30,2403743,4889636,4890586,4891297,3918.444116456159,,,,,,0.0,,,,,
c,shared,10,2,1,idle,tcp,0,passed,,10,12972655,7565312,220635136,4,0.0,7565312,220635136,4,0.0,7675904,220635136,1,0.0,200219625,619006,,,,,,0.0,,,,,,0.0,,,,,,0.0,,,,,
c,shared,10,2,1,idle,tcp,1,passed,,10,13880760,7614464,220635136,4,0.0,7614464,220635136,4,0.0,7720960,220635136,1,0.0,200050314,394680,,,,,,0.0,,,,,,0.0,,,,,,0.0,,,,,
c,shared,10,2,1,idle,tcp,2,passed,,10,13050713,7598080,220631040,4,0.0,7598080,220631040,4,0.0,7684096,220573696,1,0.0,200139344,600481,,,,,,0.0,,,,,,0.0,,,,,,0.0,,,,,
c,shared,10,2,1,idle,tcp,3,passed,,10,13347636,7561216,220635136,4,0.0,7561216,220635136,4,0.0,7667712,220635136,1,0.0,200047962,438036,,,,,,0.0,,,,,,0.0,,,,,,0.0,,,,,
c,shared,10,2,1,idle,tcp,4,passed,,10,13210425,7614464,220635136,4,0.0,7614464,220635136,4,0.0,7720960,220635136,1,0.0,200159800,678099,,,,,,0.0,,,,,,0.0,,,,,,0.0,,,,,
c,shared,10,2,1,idle,tcp,5,passed,,10,12886150,7659520,220635136,4,0.0,7659520,220635136,4,0.0,7766016,220635136,1,0.0,200064568,691295,,,,,,0.0,,,,,,0.0,,,,,,0.0,,,,,
c,shared,10,2,1,idle,tcp,6,passed,,10,12390647,7602176,220635136,4,0.0,7602176,220635136,4,0.0,7708672,220635136,1,0.0,200047936,366970,,,,,,0.0,,,,,,0.0,,,,,,0.0,,,,,
c,shared,100,1,1,hotspot,tcp,0,passed,,100,133156417,13639680,222044160,4,0.01,13639680,222044160,4,0.01,14024704,297545728,1,0.03,8442690,1193803,300,611,2794,7765,16918,35533.69838286139,300,2847039,3945849,3949607,3950685,35533.69838286139,,,,,,0.0,,,,,
c,shared,100,1,1,hotspot,tcp,1,passed,,100,131782317,13643776,222044160,4,0.01,13643776,222044160,4,0.01,14032896,297545728,1,0.02,3922099,929000,300,870,1958,5705,12515,76489.65515658834,300,1150497,1379150,1394246,1399863,76489.65515658834,,,,,,0.0,,,,,
c,shared,100,1,1,hotspot,tcp,2,passed,,100,129515110,13651968,222044160,4,0.01,13651968,222044160,4,0.01,14057472,297545728,1,0.02,8670965,1715468,300,779,3777,7573,13745,34598.2252263733,300,2978599,4271832,4277635,4279163,34598.2252263733,,,,,,0.0,,,,,
c,shared,100,1,1,hotspot,tcp,3,passed,,100,130475824,13660160,222044160,4,0.01,13660160,222044160,4,0.01,14053376,297545728,1,0.03,7714275,1752931,300,679,3174,9498,122781,38888.94290130959,300,2527832,3157588,3162842,3165959,38888.94290130959,,,,,,0.0,,,,,
c,shared,100,1,1,hotspot,tcp,4,passed,,100,133111549,13643776,222044160,4,0.01,13643776,222044160,4,0.01,14016512,297545728,1,0.03,7306820,1793276,300,880,2675,5165,20401,41057.532551780394,300,2758694,3289955,3295988,3297428,41057.532551780394,,,,,,0.0,,,,,
c,shared,100,1,1,hotspot,tcp,5,passed,,100,129411739,13651968,222044160,4,0.01,13651968,222044160,4,0.01,14024704,297545728,1,0.02,7564559,1285555,300,774,2456,3589,15566,39658.623853684,300,2938737,3385725,3391415,3394568,39658.623853684,,,,,,0.0,,,,,
c,shared,100,1,1,hotspot,tcp,6,passed,,100,131718496,13611008,222044160,4,0.01,13611008,222044160,4,0.01,13987840,297545728,1,0.02,7159433,1197319,300,906,3580,7922,18986,41902.75961797533,300,2578785,2940138,2945634,2947345,41902.75961797533,,,,,,0.0,,,,,
c,shared,100,1,1,idle,tcp,0,passed,,100,133586231,13692928,222044160,4,0.01,13692928,222044160,4,0.01,13815808,222007296,1,0.01,200052159,1652750,,,,,,0.0,,,,,,0.0,,,,,,0.0,,,,,
c,shared,100,1,1,idle,tcp,1,passed,,100,145522276,13643776,222044160,4,0.02,13643776,222044160,4,0.02,12910592,222011392,1,0.02,200036097,1754351,,,,,,0.0,,,,,,0.0,,,,,,0.0,,,,,
c,shared,100,1,1,idle,tcp,2,passed,,100,136582352,13647872,222044160,4,0.02,13647872,222044160,4,0.02,13766656,222011392,1,0.02,200026916,1765388,,,,,,0.0,,,,,,0.0,,,,,,0.0,,,,,
c,shared,100,1,1,idle,tcp,3,passed,,100,130196945,13672448,222044160,4,0.02,13672448,222044160,4,0.02,12918784,222015488,1,0.02,200123159,2634372,,,,,,0.0,,,,,,0.0,,,,,,0.0,,,,,
c,shared,100,1,1,idle,tcp,4,passed,,100,132683692,13635584,222044160,4,0.01,13635584,222044160,4,0.01,13758464,222011392,1,0.01,200030284,1790236,,,,,,0.0,,,,,,0.0,,,,,,0.0,,,,,
c,shared,100,1,1,idle,tcp,5,passed,,100,129080101,13643776,222044160,4,0.01,13643776,222044160,4,0.01,13766656,222007296,1,0.02,200169684,1840597,,,,,,0.0,,,,,,0.0,,,,,,0.0,,,,,
c,shared,100,1,1,idle,tcp,6,passed,,100,135223541,13651968,222044160,4,0.02,13651968,222044160,4,0.02,13598720,222007296,1,0.02,200373725,1878704,,,,,,0.0,,,,,,0.0,,,,,,0.0,,,,,
c,shared,100,2,1,hotspot,tcp,0,passed,,100,130076006,16429056,227409920,4,0.01,16429056,227409920,4,0.01,17088512,303181824,1,0.02,6062455,1044149,300,777,3551,7350,17037,49484.90339309735,300,1647554,3222904,3228388,3234500,49484.90339309735,,,,,,0.0,,,,,
c,shared,100,2,1,hotspot,tcp,1,passed,,100,134372668,16420864,227409920,4,0.01,16420864,227409920,4,0.01,17076224,303181824,1,0.02,8681340,1377418,300,1139,2907,7723,15202,34556.87716412443,300,3167048,3870307,3873722,3874644,34556.87716412443,,,,,,0.0,,,,,
c,shared,100,2,1,hotspot,tcp,2,passed,,100,133266176,16416768,227409920,4,0.01,16416768,227409920,4,0.01,17092608,303181824,1,0.04,14092467,1975958,300,664,2080,3886,14489,21287.968955329114,300,3052522,9208020,9213953,9217834,21287.968955329114,,,,,,0.0,,,,,
c,shared,100,2,1,hotspot,tcp,3,passed,,100,135110460,16486400,227409920,4,0.01,16486400,227409920,4,0.01,17121280,303181824,1,0.03,9382623,1514857,300,1066,3140,8336,115392,31974.001300062893,300,3179308,4298453,4307343,4312711,31974.001300062893,,,,,,0.0,,,,,
c,shared,100,2,1,hotspot,tcp,4,passed,,100,131952178,16445440,227409920,4,0.02,16445440,227409920,4,0.02,17104896,303181824,1,0.03,9193714,1312506,300,1032,3332,11005,16923,32630.99113154923,300,2895091,4813138,4821224,4826114,32630.99113154923,,,,,,0.0,,,,,
c,shared,100,2,1,hotspot,tcp,5,passed,,100,134114256,16429056,227409920,4,0.01,16429056,227409920,4,0.01,17096704,303181824,1,0.03,7401610,1494802,300,740,3276,8376,128508,40531.72215234253,300,2124311,3648255,3655109,3659167,40531.72215234253,,,,,,0.0,,,,,
c,shared,100,2,1,hotspot,tcp,6,passed,,100,132971921,16445440,227409920,4,0.01,16445440,227409920,4,0.01,17092608,303181824,1,0.04,16359714,1972097,300,749,2754,7072,18231,18337.728886947534,300,5160874,8756860,8762934,8765064,18337.728886947534,,,,,,0.0,,,,,
c,shared,100,2,1,idle,tcp,0,passed,,100,137667133,16449536,227409920,4,0.01,16449536,227409920,4,0.01,16449536,227545088,1,0.02,200060757,1672752,,,,,,0.0,,,,,,0.0,,,,,,0.0,,,,,
c,shared,100,2,1,idle,tcp,1,passed,,100,133010971,16433152,227409920,4,0.01,16433152,227409920,4,0.01,16621568,227536896,1,0.01,200122902,1719446,,,,,,0.0,,,,,,0.0,,,,,,0.0,,,,,
c,shared,100,2,1,idle,tcp,2,passed,,100,132368040,16400384,227409920,4,0.02,16400384,227409920,4,0.02,16605184,227545088,1,0.02,200061129,1681987,,,,,,0.0,,,,,,0.0,,,,,,0.0,,,,,
c,shared,100,2,1,idle,tcp,3,passed,,100,132995046,16408576,227409920,4,0.02,16408576,227409920,4,0.02,16584704,227545088,1,0.02,200038902,2297685,,,,,,0.0,,,,,,0.0,,,,,,0.0,,,,,
c,shared,100,2,1,idle,tcp,4,passed,,100,127163555,16433152,227409920,4,0.01,16433152,227409920,4,0.01,16584704,227545088,1,0.01,200363010,1499856,,,,,,0.0,,,,,,0.0,,,,,,0.0,,,,,
c,shared,100,2,1,idle,tcp,5,passed,,100,128498528,16437248,227409920,4,0.01,16437248,227409920,4,0.01,16044032,227545088,1,0.01,200062118,1719969,,,,,,0.0,,,,,,0.0,,,,,,0.0,,,,,
c,shared,100,2,1,idle,tcp,6,passed,,100,132702312,16429056,227409920,4,0.01,16429056,227409920,4,0.01,15003648,227545088,1,0.02,200025305,2292638,,,,,,0.0,,,,,,0.0,,,,,,0.0,,,,,
c,shared,1000,1,1,hotspot,tcp,0,passed,,1000,1272367268,78311424,240566272,4,0.18,78311424,240566272,4,0.18,80760832,317325312,1,0.26,27474461,12557496,3000,1214,2496,4022,16235,109192.31500119329,3000,7917370,10230762,10383647,10433381,109192.31500119329,,,,,,0.0,,,,,
c,shared,1000,1,1,hotspot,tcp,1,passed,,1000,1254321142,78266368,240562176,4,0.16,78266368,240562176,4,0.16,80273408,317280256,1,0.25,32823426,16381209,3000,1512,3861,6324,45249,91398.13741563723,3000,9984306,11317687,11408647,11437768,91398.13741563723,,,,,,0.0,,,,,
c,shared,1000,1,1,hotspot,tcp,2,passed,,1000,1261156606,78290944,240566272,4,0.17,78290944,240566272,4,0.17,80736256,317419520,1,0.24,25573001,12952896,3000,1221,2642,4493,50735,117311.2220970859,3000,7624054,8302245,8446381,8478718,117311.2220970859,,,,,,0.0,,,,,
c,shared,1000,1,1,hotspot,tcp,3,passed,,1000,1270252296,78258176,240562176,4,0.19,78258176,240562176,4,0.19,80461824,317210624,1,0.26,28869895,12867695,3000,1224,2540,5207,47073,103914.47561551575,3000,8943915,9965522,10165720,10179868,103914.47561551575,,,,,,0.0,,,,,
c,shared,1000,1,1,hotspot,tcp,4,passed,,1000,1263392712,78258176,240558080,4,0.19,78258176,240558080,4,0.19,80703488,317276160,1,0.27,29993224,12757836,3000,1348,3226,5497,48719,100022.59176939432,3000,9018881,9773008,10015456,10068261,100022.59176939432,,,,,,0.0,,,,,
c,shared,1000,1,1,hotspot,tcp,5,passed,,1000,1245896827,78249984,240648192,4,0.16999999999999998,78249984,240648192,4,0.16999999999999998,80789504,317440000,1,0.25,30720231,14989733,3000,1221,2536,4527,46050,97655.51567629814,3000,9421221,9977104,10140262,10191518,97655.51567629814,,,,,,0.0,,,,,
c,shared,1000,1,1,hotspot,tcp,6,passed,,1000,1280031686,78225408,240631808,4,0.18,78225408,240631808,4,0.18,80658432,317280256,1,0.28,34889734,15668680,3000,1170,2583,5726,140655,85985.17833354649,3000,9914474,13045227,13126778,13161321,85985.17833354649,,,,,,0.0,,,,,
c,shared,1000,1,1,idle,tcp,0,passed,,1000,1273065557,78241792,240562176,4,0.18,78241792,240562176,4,0.18,73261056,240885760,1,0.21000000000000002,200288002,15900286,,,,,,0.0,,,,,,0.0,,,,,,0.0,,,,,
c,shared,1000,1,1,idle,tcp,1,passed,,1000,1262386402,78184448,240631808,4,0.18,78184448,240631808,4,0.18,75726848,240652288,1,0.21000000000000002,200058030,16633245,,,,,,0.0,,,,,,0.0,,,,,,0.0,,,,,
c,shared,1000,1,1,idle,tcp,2,passed,,1000,1291638324,78278656,240652288,4,0.2,78278656,240652288,4,0.2,74616832,240922624,1,0.24,200065651,16694318,,,,,,0.0,,,,,,0.0,,,,,,0.0,,,,,
c,shared,1000,1,1,idle,tcp,3,passed,,1000,1254354369,78303232,240562176,4,0.16,78303232,240562176,4,0.16,77266944,240832512,1,0.19,200124839,13055142,,,,,,0.0,,,,,,0.0,,,,,,0.0,,,,,
c,shared,1000,1,1,idle,tcp,4,passed,,1000,1240939837,78245888,240566272,4,0.17,78245888,240566272,4,0.17,78430208,240955392,1,0.2,200020740,15109855,,,,,,0.0,,,,,,0.0,,,,,,0.0,,,,,
c,shared,1000,1,1,idle,tcp,5,passed,,1000,1302001983,78229504,240648192,4,0.22,78229504,240648192,4,0.22,69799936,240648192,1,0.25,200189097,15001501,,,,,,0.0,,,,,,0.0,,,,,,0.0,,,,,
c,shared,1000,1,1,idle,tcp,6,passed,,1000,1282986580,78319616,240644096,4,0.2,78319616,240644096,4,0.2,73617408,240635904,1,0.22,200124845,14918827,,,,,,0.0,,,,,,0.0,,,,,,0.0,,,,,
c,shared,1000,2,1,hotspot,tcp,0,passed,,1000,1278067993,104120320,295317504,4,0.19,104120320,295317504,4,0.19,109297664,372576256,1,0.28,31555330,15622853,3000,1750,4187,7898,79993,95071.1020927368,3000,9184809,10547765,10810938,10889643,95071.1020927368,,,,,,0.0,,,,,
c,shared,1000,2,1,hotspot,tcp,1,passed,,1000,1283909296,104071168,295317504,4,0.18,104071168,295317504,4,0.18,108621824,372592640,1,0.28,34301246,14692405,3000,1262,2546,4778,49176,87460.37971915073,3000,10496093,11552186,11768596,11787731,87460.37971915073,,,,,,0.0,,,,,
c,shared,1000,2,1,hotspot,tcp,2,passed,,1000,1272711428,104132608,295317504,4,0.19,104132608,295317504,4,0.19,109215744,372457472,1,0.3,31989926,22535037,3000,1814,3754,5977,66859,93779.52296607375,3000,9416939,10689996,10836811,10873622,93779.52296607375,,,,,,0.0,,,,,
c,shared,1000,2,1,hotspot,tcp,3,passed,,1000,1274444527,104091648,295317504,4,0.19,104091648,295317504,4,0.19,107925504,372490240,1,0.28,29614948,14245018,3000,1362,2817,4181,228319,101300.19475300108,3000,8615537,9381619,9521430,9540329,101300.19475300108,,,,,,0.0,,,,,
c,shared,1000,2,1,hotspot,tcp,4,passed,,1000,1291116067,104087552,295317504,4,0.2,104087552,295317504,4,0.2,109473792,372789248,1,0.30000000000000004,36657302,17588054,3000,1291,3007,4878,12897,81839.08352011285,3000,11193448,12621027,12736162,12755894,81839.08352011285,,,,,,0.0,,,,,
c,shared,1000,2,1,hotspot,tcp,5,passed,,1000,1272660820,104132608,295317504,4,0.19,104132608,295317504,4,0.19,109322240,372576256,1,0.28,33081478,14371950,3000,1233,2412,4568,199134,90685.1864357451,3000,9765142,11988865,12185842,12226795,90685.1864357451,,,,,,0.0,,,,,
c,shared,1000,2,1,hotspot,tcp,6,passed,,1000,1265960342,104103936,295317504,4,0.19,104103936,295317504,4,0.19,109654016,372576256,1,0.28,31076484,14792885,3000,1286,2492,4435,192459,96536.01739501805,3000,8846683,11776843,11935211,11974910,96536.01739501805,,,,,,0.0,,,,,
c,shared,1000,2,1,idle,tcp,0,passed,,1000,1282709030,104132608,295317504,4,0.18,104132608,295317504,4,0.18,102899712,295583744,1,0.21000000000000002,200328881,16889381,,,,,,0.0,,,,,,0.0,,,,,,0.0,,,,,
c,shared,1000,2,1,idle,tcp,1,passed,,1000,1262051263,104185856,295317504,4,0.18,104185856,295317504,4,0.18,102653952,295444480,1,0.21,200123660,14623659,,,,,,0.0,,,,,,0.0,,,,,,0.0,,,,,
c,shared,1000,2,1,idle,tcp,2,passed,,1000,1312906694,104189952,295317504,4,0.24,104189952,295317504,4,0.24,105005056,295587840,1,0.28,200118134,23355361,,,,,,0.0,,,,,,0.0,,,,,,0.0,,,,,
c,shared,1000,2,1,idle,tcp,3,passed,,1000,1289835470,104099840,295317504,4,0.19,104099840,295317504,4,0.19,104980480,295723008,1,0.21,200250221,15717521,,,,,,0.0,,,,,,0.0,,,,,,0.0,,,,,
c,shared,1000,2,1,idle,tcp,4,passed,,1000,1270959743,104099840,295317504,4,0.2,104099840,295317504,4,0.2,102141952,295448576,1,0.22999999999999998,200281586,17192571,,,,,,0.0,,,,,,0.0,,,,,,0.0,,,,,
c,shared,1000,2,1,idle,tcp,5,passed,,1000,1291149322,104202240,295317504,4,0.22,104202240,295317504,4,0.22,105070592,295723008,1,0.25,200143925,17675477,,,,,,0.0,,,,,,0.0,,,,,,0.0,,,,,
c,shared,1000,2,1,idle,tcp,6,passed,,1000,1299318642,104087552,295317504,4,0.2,104087552,295317504,4,0.2,102477824,295452672,1,0.24,200053600,15682180,,,,,,0.0,,,,,,0.0,,,,,,0.0,,,,,
python,dedicated,1,1,1,hotspot,tcp,0,passed,,1,2922506,29315072,1092538368,19,0.060000000000000005,29401088,1102020608,20,0.060000000000000005,29888512,1104121856,20,0.21000000000000002,88129078,4318739,,,,,,0.0,3,24040292,24040292,24040292,41958191,34.04097793919959,,,,,,0.0,17,128996,282740,282740,283630
python,dedicated,1,1,1,hotspot,tcp,1,passed,,1,2800541,29261824,1093586944,19,0.05,29323264,1102020608,20,0.05,29798400,1104121856,20,0.24000000000000002,110018048,2960516,,,,,,0.0,3,40753226,40753226,40753226,40918435,27.268253296041028,,,,,,0.0,21,109153,303621,303621,367154
python,dedicated,1,1,1,hotspot,tcp,2,passed,,1,2768594,29265920,1093586944,19,0.06999999999999999,29327360,1102020608,20,0.06999999999999999,29798400,1104121856,20,0.26,112282082,2619758,,,,,,0.0,3,38834087,38834087,38834087,40341636,26.718421555453524,,,,,,0.0,21,146239,285359,285359,433859
python,dedicated,1,1,1,hotspot,tcp,3,passed,,1,2858128,29335552,1093586944,19,0.060000000000000005,29384704,1102020608,20,0.060000000000000005,29814784,1104121856,20,0.24,111752910,3110721,,,,,,0.0,3,40265710,40265710,40265710,41085723,26.844938534486484,,,,,,0.0,21,128475,241262,241262,364564
python,dedicated,1,1,1,hotspot,tcp,4,passed,,1,3211859,29327360,1093586944,19,0.05,29384704,1102020608,20,0.05,29843456,1104121856,20,0.19,68607139,3074102,,,,,,0.0,3,23135579,23135579,23135579,23288608,43.727227861811876,,,,,,0.0,13,86360,137446,137446,283534
python,dedicated,1,1,1,hotspot,tcp,5,passed,,1,2774012,29302784,1092538368,19,0.05,29388800,1102020608,20,0.05,29810688,1104121856,20,0.21000000000000002,83928432,4298561,,,,,,0.0,3,29190029,29190029,29190029,30855693,35.7447402329642,,,,,,0.0,16,113602,250675,250675,283104
python,dedicated,1,1,1,hotspot,tcp,6,passed,,1,2771847,29274112,1093586944,19,0.05,29347840,1102020608,20,0.060000000000000005,29769728,1104121856,20,0.22999999999999998,96619459,2998344,,,,,,0.0,3,32861470,32861470,32861470,35986222,31.049646013853174,,,,,,0.0,19,78093,193035,193035,234163
python,dedicated,1,1,1,idle,tcp,0,passed,,1,2651042,29229056,1093586944,19,0.05,29302784,1102020608,20,0.05,29442048,1102020608,19,0.06,200154537,3011936,,,,,,0.0,,,,,,0.0,,,,,,0.0,39,42163,143780,144327,156552
python,dedicated,1,1,1,idle,tcp,1,passed,,1,2359313,29237248,1092538368,19,0.05,29319168,1102020608,20,0.05,29458432,1102020608,19,0.06999999999999999,200248230,2861680,,,,,,0.0,,,,,,0.0,,,,,,0.0,39,80811,150125,152872,156974
python,dedicated,1,1,1,idle,tcp,2,passed,,1,2406634,29323264,1093586944,19,0.06999999999999999,29388800,1102020608,20,0.06999999999999999,29564928,1102020608,19,0.06999999999999999,200844052,3789944,,,,,,0.0,,,,,,0.0,,,,,,0.0,39,79090,165462,178166,271254
python,dedicated,1,1,1,idle,tcp,3,passed,,1,3019888,29323264,1093586944,19,0.05,29384704,1102020608,20,0.05,29523968,1102020608,19,0.06,200233577,2586853,,,,,,0.0,,,,,,0.0,,,,,,0.0,39,114954,204337,229841,243221
python,dedicated,1,1,1,idle,tcp,4,passed,,1,3550191,29282304,1092538368,19,0.05,29356032,1102020608,20,0.05,29495296,1102020608,19,0.05,200952593,2483679,,,,,,0.0,,,,,,0.0,,,,,,0.0,39,52015,96672,97081,102634
python,dedicated,1,1,1,idle,tcp,5,passed,,1,3046341,29315072,1092538368,19,0.060000000000000005,29396992,1102020608,20,0.060000000000000005,29569024,1102020608,19,0.06999999999999999,200841790,2919207,,,,,,0.0,,,,,,0.0,,,,,,0.0,39,40787,84690,114677,163096
python,dedicated,1,1,1,idle,tcp,6,passed,,1,2686756,29274112,1092538368,19,0.05,29356032,1102020608,20,0.05,29495296,1102020608,19,0.06,200133219,2725824,,,,,,0.0,,,,,,0.0,,,,,,0.0,38,125418,423367,429135,460448
python,dedicated,1,2,1,hotspot,tcp,0,passed,,1,2556528,29483008,1092538368,19,0.05,29564928,1102020608,20,0.05,29995008,1104121856,20,0.21000000000000002,88700694,3851684,,,,,,0.0,3,27808162,27808162,27808162,40888955,33.821606852365775,,,,,,0.0,17,179234,264144,264144,280226
python,dedicated,1,2,1,hotspot,tcp,1,passed,,1,3148608,29491200,1093586944,19,0.06,29573120,1102020608,20,0.06,30011392,1104121856,20,0.23,93905109,2735358,,,,,,0.0,3,33126392,33126392,33126392,40653019,31.947143578737553,,,,,,0.0,18,150341,306379,306379,322919
python,dedicated,1,2,1,hotspot,tcp,2,passed,,1,2403440,29552640,1092538368,19,0.05,29638656,1102020608,20,0.05,30072832,1104121856,20,0.25,107488382,3689200,,,,,,0.0,3,40058218,40058218,40058218,41420895,27.909993100463637,,,,,,0.0,20,150445,378075,378075,593435
python,dedicated,1,2,1,hotspot,tcp,3,passed,,1,3310180,29544448,1092538368,19,0.05,29630464,1102020608,20,0.05,30035968,1104121856,20,0.24,96783450,2721179,,,,,,0.0,3,32977614,32977614,32977614,33482353,30.99703513358947,,,,,,0.0,18,87459,245287,245287,298262
python,dedicated,1,2,1,hotspot,tcp,4,passed,,1,3249628,29487104,1092538368,19,0.05,29573120,1102020608,20,0.05,29974528,1104121856,20,0.22999999999999998,93600708,2779685,,,,,,0.0,3,29613759,29613759,29613759,37184296,32.051039613931124,,,,,,0.0,18,133800,296786,296786,335365
python,dedicated,1,2,1,hotspot,tcp,5,passed,,1,2791051,29515776,1092538368,19,0.05,29601792,1102020608,20,0.05,30064640,1104121856,20,0.21000000000000002,81627951,3552049,,,,,,0.0,3,24762629,24762629,24762629,34646530,36.75211693112326,,,,,,0.0,16,89755,257077,257077,364049
python,dedicated,1,2,1,hotspot,tcp,6,passed,,1,3735004,29544448,1093586944,19,0.05,29618176,1102020608,20,0.05,30081024,1104121856,20,0.22000000000000003,85852020,2928392,,,,,,0.0,3,26836619,26836619,26836619,36952011,34.943848729476606,,,,,,0.0,16,108795,388756,388756,398695
python,dedicated,1,2,1,idle,tcp,0,passed,,1,3008644,29556736,1093586944,19,0.06,29630464,1102020608,20,0.06,29765632,1102020608,19,0.06,200468923,3162879,,,,,,0.0,,,,,,0.0,,,,,,0.0,39,50395,123349,130124,143884
python,dedicated,1,2,1,idle,tcp,1,passed,,1,3098772,29478912,1092538368,19,0.06,29564928,1102020608,20,0.06,29696000,1102020608,19,0.06,200530776,2869419,,,,,,0.0,,,,,,0.0,,,,,,0.0,39,77079,298540,301471,304446
python,dedicated,1,2,1,idle,tcp,2,passed,,1,2739895,29540352,1092538368,19,0.060000000000000005,29634560,1102020608,20,0.060000000000000005,29765632,1102020608,19,0.06999999999999999,200045552,3329992,,,,,,0.0,,,,,,0.0,,,,,,0.0,39,57351,170305,223884,224949
python,dedicated,1,2,1,idle,tcp,3,passed,,1,2438638,29593600,1093586944,19,0.060000000000000005,29659136,1102020608,20,0.060000000000000005,29794304,1102020608,19,0.06999999999999999,200980757,2733170,,,,,,0.0,,,,,,0.0,,,,,,0.0,39,74276,137829,156546,168225
python,dedicated,1,2,1,idle,tcp,4,passed,,1,3040253,29581312,1093586944,19,0.05,29650944,1102020608,20,0.05,29790208,1102020608,19,0.06,200051613,2766286,,,,,,0.0,,,,,,0.0,,,,,,0.0,39,45584,95331,119919,161372
python,dedicated,1,2,1,idle,tcp,5,passed,,1,3443526,29503488,1093586944,19,0.05,29564928,1102020608,20,0.05,29745152,1102020608,19,0.07,200382764,3011942,,,,,,0.0,,,,,,0.0,,,,,,0.0,39,91039,212549,213834,252534
python,dedicated,1,2,1,idle,tcp,6,passed,,1,2768571,29503488,1092538368,19,0.05,29581312,1102020608,20,0.05,29716480,1102020608,19,0.06,200615715,2814708,,,,,,0.0,,,,,,0.0,,,,,,0.0,38,207401,465545,479001,526649
python,dedicated,10,1,1,hotspot,tcp,0,passed,,10,17894544,30507008,1112502272,28,0.06,30588928,1120935936,29,0.06,31326208,1123188736,20,0.25,99885255,3265052,,,,,,0.0,30,1057090,24143709,34774531,40626935,300.3446304462055,,,,,,0.0,19,150686,296921,296921,355110
python,dedicated,10,1,1,hotspot,tcp,1,passed,,10,17696596,30457856,1112502272,28,0.060000000000000005,30543872,1120935936,29,0.060000000000000005,31576064,1123180544,20,0.24,86777924,4832299,,,,,,0.0,30,1128923,24698716,25061088,36516700,345.7100448727029,,,,,,0.0,16,104773,273498,273498,453818
python,dedicated,10,1,1,hotspot,tcp,2,passed,,10,16758357,30478336,1112502272,28,0.06999999999999999,30580736,1120935936,29,0.06999999999999999,31399936,1123172352,20,0.25,105357092,3366487,,,,,,0.0,30,1181542,27479354,36460878,40732678,284.74590016208873,,,,,,0.0,20,135680,281344,281344,347350
python,dedicated,10,1,1,hotspot,tcp,3,passed,,10,19792146,30539776,1112502272,28,0.06999999999999999,30625792,1120935936,29,0.06999999999999999,31367168,1123176448,20,0.24,100526172,3756964,,,,,,0.0,30,1586181,29675672,32999090,37291333,298.429746235637,,,,,,0.0,19,101718,384621,384621,416086
python,dedicated,10,1,1,hotspot,tcp,4,passed,,10,17007437,30519296,1112502272,28,0.060000000000000005,30613504,1120935936,29,0.060000000000000005,31408128,1123172352,20,0.21000000000000002,70994563,3565979,,,,,,0.0,30,761786,16980033,22469254,31272640,422.5675704208504,,,,,,0.0,14,62333,141676,141676,160557
python,dedicated,10,1,1,hotspot,tcp,5,passed,,10,18667736,30519296,1112502272,28,0.060000000000000005,30621696,1120935936,29,0.060000000000000005,31440896,1123180544,20,0.2,72719477,3388797,,,,,,0.0,30,815053,22677282,23314019,26470306,412.54422113074327,,,,,,0.0,14,69071,169732,169732,177614
python,dedicated,10,1,1,hotspot,tcp,6,passed,,10,17683745,30527488,1112502272,28,0.05,30613504,1120935936,29,0.05,31408128,1123176448,20,0.21000000000000002,82662561,3279335,,,,,,0.0,30,1190962,21064949,26127312,34863920,362.92125040742445,,,,,,0.0,16,101060,371335,371335,377797
python,dedicated,10,1,1,idle,tcp,0,passed,,10,15939966,30605312,1112502272,28,0.060000000000000005,30691328,1120935936,29,0.060000000000000005,31109120,1120935936,20,0.06999999999999999,201075255,3517341,,,,,,0.0,,,,,,0.0,,,,,,0.0,38,155524,251910,293337,332290
python,dedicated,10,1,1,idle,tcp,1,passed,,10,17748585,30588928,1112502272,28,0.06999999999999999,30670848,1120935936,29,0.06999999999999999,31092736,1120935936,20,0.06999999999999999,200633869,3451552,,,,,,0.0,,,,,,0.0,,,,,,0.0,39,56067,142517,162037,167280
python,dedicated,10,1,1,idle,tcp,2,passed,,10,17985400,30498816,1112502272,28,0.06999999999999999,30584832,1120935936,29,0.06999999999999999,31023104,1120935936,20,0.06999999999999999,200736510,3053474,,,,,,0.0,,,,,,0.0,,,,,,0.0,39,65061,156630,165920,172592
python,dedicated,10,1,1,idle,tcp,3,passed,,10,16970435,30478336,1112502272,28,0.06,30564352,1120935936,29,0.06,31039488,1120935936,20,0.06999999999999999,200677941,3233265,,,,,,0.0,,,,,,0.0,,,,,,0.0,39,50259,148314,166668,214100
python,dedicated,10,1,1,idle,tcp,4,passed,,10,18196275,30412800,1112502272,28,0.060000000000000005,30507008,1120935936,29,0.060000000000000005,31035392,1120935936,20,0.060000000000000005,200842376,3662499,,,,,,0.0,,,,,,0.0,,,,,,0.0,39,74817,215895,243921,271351
python,dedicated,10,1,1,idle,tcp,5,passed,,10,16832052,30494720,1112502272,28,0.060000000000000005,30572544,1120935936,29,0.060000000000000005,31158272,1120935936,20,0.06999999999999999,200524743,3867329,,,,,,0.0,,,,,,0.0,,,,,,0.0,39,85782,147764,160255,163304
python,dedicated,10,1,1,idle,tcp,6,passed,,10,15904573,30560256,1112502272,28,0.06,30646272,1120935936,29,0.06,31088640,1120935936,20,0.06,200544476,3180424,,,,,,0.0,,,,,,0.0,,,,,,0.0,39,83384,161653,166697,180526
python,dedicated,10,2,1,hotspot,tcp,0,passed,,10,18232806,31117312,1112502272,28,0.06,31207424,1120935936,29,0.06,31928320,1123172352,20,0.26,109476281,3706703,,,,,,0.0,30,1113477,27810857,40282079,41020436,274.03196131589453,,,,,,0.0,21,137437,375120,375120,401735
python,dedicated,10,2,1,hotspot,tcp,1,passed,,10,17816900,31100928,1112502272,28,0.06999999999999999,31182848,1120935936,29,0.06999999999999999,31875072,1123037184,20,0.27,108829198,3956319,,,,,,0.0,30,922265,26770248,40345562,40884135,275.66131655219954,,,,,,0.0,21,82806,383448,383448,476647
python,dedicated,10,2,1,hotspot,tcp,2,passed,,10,17718060,31178752,1112502272,28,0.060000000000000005,31268864,1120935936,29,0.060000000000000005,31932416,1123188736,20,0.26,107524345,4471636,,,,,,0.0,30,1262596,32744479,33451294,40677855,279.00658218378356,,,,,,0.0,20,133766,439273,439273,583617
python,dedicated,10,2,1,hotspot,tcp,3,passed,,10,17737311,31199232,1112502272,28,0.06,31272960,1120935936,29,0.06,31883264,1123188736,20,0.22,86361214,3706734,,,,,,0.0,30,1234991,23886214,28321306,33671771,347.3781644616529,,,,,,0.0,16,96627,284971,284971,321074
python,dedicated,10,2,1,hotspot,tcp,4,passed,,10,18244464,31141888,1112502272,28,0.060000000000000005,31227904,1120935936,29,0.060000000000000005,31862784,1123180544,20,0.22999999999999998,94394881,4096167,,,,,,0.0,30,836399,23372908,29765187,40905923,317.81384416385885,,,,,,0.0,18,125277,230604,230604,250256
python,dedicated,10,2,1,hotspot,tcp,5,passed,,10,18282673,31129600,1112502272,28,0.06,31215616,1120935936,29,0.06,31932416,1123180544,20,0.22000000000000003,78563378,3327463,,,,,,0.0,30,943385,22942809,24366272,30671746,381.8573076122058,,,,,,0.0,15,101156,229890,229890,265313
python,dedicated,10,2,1,hotspot,tcp,6,passed,,10,16820006,31191040,1112502272,28,0.060000000000000005,31281152,1120935936,29,0.060000000000000005,31952896,1123184640,20,0.19,72708793,3737773,,,,,,0.0,30,1002432,15320598,23261475,33846529,412.6048413429171,,,,,,0.0,14,39866,123299,123299,243603
python,dedicated,10,2,1,idle,tcp,0,passed,,10,17716894,31088640,1112502272,28,0.06999999999999999,31178752,1120935936,29,0.06999999999999999,31543296,1120935936,20,0.08,200297368,4371011,,,,,,0.0,,,,,,0.0,,,,,,0.0,39,76244,136244,138908,146531
python,dedicated,10,2,1,idle,tcp,1,passed,,10,17345653,31096832,1112502272,28,0.05,31186944,1120935936,29,0.06,31514624,1120935936,20,0.06,200596144,3395572,,,,,,0.0,,,,,,0.0,,,,,,0.0,39,63353,122212,125084,128732
python,dedicated,10,2,1,idle,tcp,2,passed,,10,19408844,31031296,1113243648,28,0.06999999999999999,31121408,1121878016,29,0.06999999999999999,31375360,1121558528,20,0.08,200480745,4032525,,,,,,0.0,,,,,,0.0,,,,,,0.0,39,105095,196301,205081,226287
python,dedicated,10,2,1,idle,tcp,3,passed,,10,18589658,31170560,1112502272,28,0.06999999999999999,31260672,1120935936,29,0.06999999999999999,31617024,1120935936,20,0.08,200377439,3503902,,,,,,0.0,,,,,,0.0,,,,,,0.0,39,93703,224943,225516,231112
python,dedicated,10,2,1,idle,tcp,4,passed,,10,18754704,31019008,1112502272,28,0.060000000000000005,31113216,1120935936,29,0.060000000000000005,31494144,1120935936,20,0.06999999999999999,200240563,3390445,,,,,,0.0,,,,,,0.0,,,,,,0.0,38,105419,232605,273298,289106
python,dedicated,10,2,1,idle,tcp,5,passed,,10,17763855,31195136,1112502272,28,0.06,31272960,1120935936,29,0.06,31633408,1120935936,20,0.06999999999999999,200271231,4151317,,,,,,0.0,,,,,,0.0,,,,,,0.0,39,37442,179415,269640,279817
python,dedicated,10,2,1,idle,tcp,6,passed,,10,16173229,31002624,1112502272,28,0.060000000000000005,31080448,1120935936,29,0.060000000000000005,31498240,1121087488,20,0.060000000000000005,200389032,3478652,,,,,,0.0,,,,,,0.0,,,,,,0.0,37,261973,395485,445575,564305
python,dedicated,100,1,1,hotspot,tcp,0,passed,,100,188183483,42020864,1302228992,118,0.1,42143744,1310662656,119,0.1,42520576,1142796288,20,0.32,99704978,8547049,,,,,,0.0,300,4242418,4760738,4955397,37342295,3008.876848656443,,,,,,0.0,19,139192,504318,504318,558368
python,dedicated,100,1,1,hotspot,tcp,1,passed,,100,187264087,42262528,1302249472,118,0.12,42352640,1310683136,119,0.12,42532864,1142722560,20,0.33,102843029,9322831,,,,,,0.0,300,3686923,4519557,4656023,40352165,2917.066940920225,,,,,,0.0,19,153955,416821,416821,1442721
python,dedicated,100,1,1,hotspot,tcp,2,passed,,100,183206132,42311680,1302052864,118,0.11,42438656,1310662656,119,0.11,42094592,1142841344,20,0.33999999999999997,111373201,10805810,,,,,,0.0,300,5100051,6961390,7444494,41107994,2693.6462030933276,,,,,,0.0,21,152770,1204201,1204201,2098516
python,dedicated,100,1,1,hotspot,tcp,3,passed,,100,187667457,42401792,1302061056,118,0.1,42520576,1310662656,119,0.1,42246144,1142771712,20,0.33999999999999997,120403244,7353478,,,,,,0.0,300,5414518,6482131,6995868,40647529,2491.627218947689,,,,,,0.0,23,122148,315191,581856,1447554
python,dedicated,100,1,1,hotspot,tcp,4,passed,,100,189417625,42373120,1302056960,118,0.1,42496000,1310666752,119,0.1,42737664,1142829056,20,0.3,93078819,7750911,,,,,,0.0,300,5260654,6192074,6271115,36884118,3223.074843697791,,,,,,0.0,17,90945,1561236,1561236,2189340
python,dedicated,100,1,1,hotspot,tcp,5,passed,,100,190464010,42270720,1302048768,118,0.12000000000000001,42360832,1310683136,119,0.12000000000000001,42778624,1143115776,20,0.35,106170181,8395455,,,,,,0.0,300,4422535,5098216,5297677,39368508,2825.652148035803,,,,,,0.0,20,169622,469714,469714,701466
python,dedicated,100,1,1,hotspot,tcp,6,passed,,100,186262623,42475520,1304158208,119,0.1,42598400,1312751616,120,0.1,43044864,1142702080,20,0.30000000000000004,84046463,6517733,,,,,,0.0,300,3316987,3621266,3818226,34667300,3569.454195829752,,,,,,0.0,16,68024,245414,245414,401276
python,dedicated,100,1,1,idle,tcp,0,passed,,100,188184919,42405888,1302048768,118,0.1,42532864,1310666752,119,0.1,42242048,1142439936,20,0.14,200551777,8494286,,,,,,0.0,,,,,,0.0,,,,,,0.0,39,78617,171894,178953,225742
python,dedicated,100,1,1,idle,tcp,1,passed,,100,185851022,42348544,1302052864,118,0.11,42463232,1310662656,119,0.12,41525248,1142358016,20,0.14,200381767,7929085,,,,,,0.0,,,,,,0.0,,,,,,0.0,38,130154,234193,272176,277721
python,dedicated,100,1,1,idle,tcp,2,passed,,100,193405732,42352640,1302048768,118,0.12,42475520,1310658560,119,0.12,41553920,1142358016,20,0.14,200411505,9331865,,,,,,0.0,,,,,,0.0,,,,,,0.0,39,69534,203043,214332,245400
python,dedicated,100,1,1,idle,tcp,3,passed,,100,174684656,42356736,1302224896,118,0.1,42483712,1310658560,119,0.1,41988096,1142353920,20,0.13,200245630,9734140,,,,,,0.0,,,,,,0.0,,,,,,0.0,39,77811,159689,160527,169633
python,dedicated,100,1,1,idle,tcp,4,passed,,100,172742122,42377216,1302179840,118,0.1,42475520,1310752768,119,0.1,42049536,1142513664,20,0.13,200529996,8149251,,,,,,0.0,,,,,,0.0,,,,,,0.0,38,191525,280208,344980,353382
python,dedicated,100,1,1,idle,tcp,5,passed,,100,187791954,41979904,1302052864,118,0.1,42098688,1310662656,119,0.1,41533440,1142382592,20,0.13,200733581,9984675,,,,,,0.0,,,,,,0.0,,,,,,0.0,39,79410,199668,208445,273588
python,dedicated,100,1,1,idle,tcp,6,passed,,100,178289491,42336256,1302044672,118,0.1,42459136,1310646272,119,0.1,42332160,1142419456,20,0.14,200532720,6871148,,,,,,0.0,,,,,,0.0,,,,,,0.0,38,206224,440859,472453,488282
python,dedicated,100,2,1,hotspot,tcp,0,passed,,100,168604972,46096384,1302228992,118,0.09000000000000001,46198784,1310662656,119,0.1,45936640,1142788096,20,0.31,98992602,7704386,,,,,,0.0,300,4655083,5843325,6504520,42091967,3030.5294935069996,,,,,,0.0,18,104383,1441653,1441653,2210886
python,dedicated,100,2,1,hotspot,tcp,1,passed,,100,170765640,46055424,1302089728,118,0.09000000000000001,46178304,1310679040,119,0.09000000000000001,45494272,1142857728,20,0.31,101153143,7413862,,,,,,0.0,300,5083500,6336051,6475622,37767998,2965.800083938074,,,,,,0.0,19,89984,339702,339702,744352
python,dedicated,100,2,1,hotspot,tcp,2,passed,,100,196132134,46055424,1302073344,118,0.12,46182400,1310654464,119,0.12,45371392,1142587392,20,0.33999999999999997,110386049,9642945,,,,,,0.0,300,4574172,6815621,7136295,40465456,2717.734738381659,,,,,,0.0,21,139631,606734,606734,684659
python,dedicated,100,2,1,hotspot,tcp,3,passed,,100,173378945,46010368,1302069248,118,0.1,46137344,1310654464,119,0.1,45469696,1142841344,20,0.31,100967521,9846401,,,,,,0.0,300,5153198,6004550,6870668,38602068,2971.252508021862,,,,,,0.0,19,131183,352001,352001,593373
python,dedicated,100,2,1,hotspot,tcp,4,passed,,100,181502888,46043136,1302089728,118,0.1,46161920,1310679040,119,0.1,45318144,1142792192,20,0.32,105852049,9240086,,,,,,0.0,300,5347916,6138360,6240376,39779700,2834.144476504182,,,,,,0.0,19,130107,1851709,1851709,1953763
python,dedicated,100,2,1,hotspot,tcp,5,passed,,100,189322129,46145536,1302085632,118,0.11,46276608,1310674944,119,0.11,45793280,1142861824,20,0.31,90686180,10908314,,,,,,0.0,300,3994243,5036596,5421497,40809360,3308.1115556967998,,,,,,0.0,17,108967,304810,304810,426034
python,dedicated,100,2,1,hotspot,tcp,6,passed,,100,179064238,46100480,1302081536,118,0.11,46227456,1310662656,119,0.11,45654016,1142685696,20,0.32999999999999996,105545177,6532463,,,,,,0.0,300,4335119,6065770,6646828,35970221,2842.3847354010313,,,,,,0.0,20,149812,508375,508375,2499601
python,dedicated,100,2,1,idle,tcp,0,passed,,100,176529473,46133248,1302077440,118,0.11,46252032,1310650368,119,0.11,44097536,1142423552,20,0.14,200110446,7629511,,,,,,0.0,,,,,,0.0,,,,,,0.0,39,115224,259510,273671,384477
python,dedicated,100,2,1,idle,tcp,1,passed,,100,177222628,46047232,1302237184,118,0.09000000000000001,46141440,1310670848,119,0.09000000000000001,44257280,1142366208,20,0.13,200425371,8679422,,,,,,0.0,,,,,,0.0,,,,,,0.0,38,166415,390453,399838,418281
python,dedicated,100,2,1,idle,tcp,2,passed,,100,205038781,46051328,1302093824,118,0.13,46170112,1310666752,119,0.13,44339200,1142358016,20,0.16,200883702,8451413,,,,,,0.0,,,,,,0.0,,,,,,0.0,39,58128,152622,155151,178547
python,dedicated,100,2,1,idle,tcp,3,passed,,100,164073291,46120960,1302089728,118,0.09,46243840,1310679040,119,0.1,44044288,1142419456,20,0.12,200085594,10095766,,,,,,0.0,,,,,,0.0,,,,,,0.0,39,8610,81862,94144,107573
python,dedicated,100,2,1,idle,tcp,4,passed,,100,171430712,46141440,1302085632,118,0.09000000000000001,46260224,1310666752,119,0.09000000000000001,43876352,1142431744,20,0.12,200889476,10511852,,,,,,0.0,,,,,,0.0,,,,,,0.0,39,96259,310405,315969,395946
python,dedicated,100,2,1,idle,tcp,5,passed,,100,184709488,46067712,1302224896,118,0.1,46161920,1310658560,119,0.1,44650496,1142431744,20,0.13,200190618,9962762,,,,,,0.0,,,,,,0.0,,,,,,0.0,38,152531,281528,325091,349966
python,dedicated,100,2,1,idle,tcp,6,passed,,100,175917158,46039040,1302183936,118,0.11,46157824,1310617600,119,0.11,44314624,1142464512,20,0.12,200229900,7230893,,,,,,0.0,,,,,,0.0,,,,,,0.0,39,10447,70587,76017,95491
python,dedicated,1000,1,1,hotspot,tcp,0,passed,,1000,1558754768,162279424,3202830336,1019,0.52,162410496,3211411456,1020,0.52,146874368,1152999424,20,1.03,139812937,63645840,,,,,,0.0,3000,30915979,38205044,38871152,50126671,21457.24182877297,,,,,,0.0,18,1179136,9488318,9488318,9676366
python,dedicated,1000,1,1,hotspot,tcp,1,passed,,1000,1520358517,161857536,3200786432,1018,0.49,161992704,3209371648,1019,0.49,144887808,1154363392,20,0.95,128705111,55532534,,,,,,0.0,3000,26573414,33839398,35442718,43132998,23309.097647256604,,,,,,0.0,16,820849,9541487,9541487,12916508
python,dedicated,1000,1,1,hotspot,tcp,2,passed,,1000,1664425712,162254848,3202973696,1019,0.6599999999999999,162353152,3211407360,1020,0.6599999999999999,146907136,1152872448,20,1.19,144368372,58525290,,,,,,0.0,3000,33461368,37921827,39816374,50781623,20780.174760161455,,,,,,0.0,19,1345781,8551870,8551870,9444319
python,dedicated,1000,1,1,hotspot,tcp,3,passed,,1000,1567349355,162258944,3200888832,1018,0.54,162349056,3209322496,1019,0.54,148008960,1152749568,20,1.04,138372373,47823098,,,,,,0.0,3000,32675010,36471335,36715626,46711960,21680.628401162132,,,,,,0.0,17,1236629,8705635,8705635,13690324
python,dedicated,1000,1,1,hotspot,tcp,4,passed,,1000,1505925683,162254848,3202928640,1019,0.48000000000000004,162365440,3211362304,1020,0.48000000000000004,146964480,1154408448,20,0.93,124026719,48752567,,,,,,0.0,3000,27434160,31155379,31512614,45418950,24188.33638580732,,,,,,0.0,13,2909794,8186517,8186517,13035532
python,dedicated,1000,1,1,hotspot,tcp,5,passed,,1000,1680140111,162660352,3202781184,1019,0.65,162787328,3211411456,1020,0.65,146165760,1154301952,20,1.21,147904389,72784358,,,,,,0.0,3000,30058939,43422081,45319733,57499888,20283.373740856332,,,,,,0.0,18,1726117,9520510,9520510,10467444
python,dedicated,1000,1,1,hotspot,tcp,6,passed,,1000,1539800736,162578432,3200843776,1018,0.51,162684928,3209277440,1019,0.51,146391040,1154056192,20,1.0,127628459,56825648,,,,,,0.0,3000,25919971,29746242,30121346,42359237,23505.729235514784,,,,,,0.0,16,399382,8674657,8674657,10437499
python,dedicated,1000,1,1,idle,tcp,0,passed,,1000,1554175328,161820672,3200688128,1018,0.51,161955840,3209256960,1019,0.51,143613952,1150963712,20,0.6699999999999999,200932284,50947633,,,,,,0.0,,,,,,0.0,,,,,,0.0,39,77511,232555,253180,286615
python,dedicated,1000,1,1,idle,tcp,1,passed,,1000,1583973001,162189312,3200847872,1018,0.52,162312192,3209281536,1019,0.53,141242368,1150988288,20,0.71,200277186,66766431,,,,,,0.0,,,,,,0.0,,,,,,0.0,39,91978,186717,191280,217807
python,dedicated,1000,1,1,idle,tcp,2,passed,,1000,1614364773,160186368,3200757760,1018,0.6,160317440,3209326592,1019,0.6,139874304,1151012864,20,0.78,200934523,63221088,,,,,,0.0,,,,,,0.0,,,,,,0.0,39,44346,101967,107898,135897
python,dedicated,1000,1,1,idle,tcp,3,passed,,1000,1566253277,162058240,3200663552,1018,0.51,162181120,3209261056,1019,0.52,142127104,1150967808,20,0.6799999999999999,200211745,48446411,,,,,,0.0,,,,,,0.0,,,,,,0.0,37,426714,548905,553711,581534
python,dedicated,1000,1,1,idle,tcp,4,passed,,1000,1513831515,162344960,3200819200,1018,0.49,162451456,3209252864,1019,0.49,142393344,1150959616,20,0.6699999999999999,200248691,54269635,,,,,,0.0,,,,,,0.0,,,,,,0.0,39,79433,174078,209306,215458
python,dedicated,1000,1,1,idle,tcp,5,passed,,1000,1530860345,162369536,3200765952,1018,0.5,162508800,3209338880,1019,0.5,142684160,1151012864,20,0.66,200575501,47401129,,,,,,0.0,,,,,,0.0,,,,,,0.0,39,54142,156443,163398,212957
python,dedicated,1000,1,1,idle,tcp,6,passed,,1000,1578234185,162082816,3200843776,1018,0.56,162217984,3209416704,1019,0.56,140914688,1152139264,20,0.72,200234431,59156280,,,,,,0.0,,,,,,0.0,,,,,,0.0,39,62457,308218,315197,425389
python,dedicated,1000,2,1,hotspot,tcp,0,passed,,1000,1704200845,196911104,3267829760,1018,0.67,197042176,3276451840,1019,0.67,170299392,1221578752,20,1.26,159555396,66451077,,,,,,0.0,3000,37799122,45400190,45870468,48069147,18802.24721450348,,,,,,0.0,18,1800442,9324185,9324185,11278255
python,dedicated,1000,2,1,hotspot,tcp,1,passed,,1000,1661116314,197054464,3268059136,1018,0.64,197185536,3276492800,1019,0.64,171732992,1220321280,20,1.19,156324317,54499554,,,,,,0.0,3000,30403674,44890737,45433829,64687732,19190.872268452003,,,,,,0.0,19,1472027,11067275,11067275,18409056
python,dedicated,1000,2,1,hotspot,tcp,2,passed,,1000,1625469176,196964352,3267833856,1018,0.5800000000000001,197095424,3276455936,1019,0.5800000000000001,173678592,1220292608,20,1.18,152342422,69915859,,,,,,0.0,3000,33843595,38652042,39173322,53065951,19692.4793541749,,,,,,0.0,20,801845,10423349,10423349,14960340
python,dedicated,1000,2,1,hotspot,tcp,3,passed,,1000,1570662817,196960256,3267960832,1018,0.54,197062656,3276394496,1019,0.54,170147840,1221091328,20,1.1099999999999999,154488916,65736864,,,,,,0.0,3000,37540633,47236790,48524081,57259101,19418.868859174338,,,,,,0.0,18,1499546,10519596,10519596,15128568
python,dedicated,1000,2,1,hotspot,tcp,4,passed,,1000,1580033385,196657152,3268022272,1018,0.53,196788224,3276603392,1019,0.53,170151936,1221632000,20,1.05,134024710,57972531,,,,,,0.0,3000,30427158,37495435,38747931,46910611,22383.932037607094,,,,,,0.0,16,614854,9823896,9823896,16153398
python,dedicated,1000,2,1,hotspot,tcp,5,passed,,1000,1585214515,197029888,3267915776,1018,0.56,197128192,3276349440,1019,0.56,171315200,1220538368,20,1.1,152770919,51896706,,,,,,0.0,3000,32652614,46785897,47661623,62199460,19637.245227280462,,,,,,0.0,20,955207,10463883,10463883,10618084
python,dedicated,1000,2,1,hotspot,tcp,6,passed,,1000,1633713999,196726784,3268128768,1018,0.6,196845568,3276562432,1019,0.6,171327488,1222316032,20,1.17,142843404,62544524,,,,,,0.0,3000,31898204,35478282,36213749,51157823,21002.019806248805,,,,,,0.0,16,1088108,12092310,12092310,17702118
python,dedicated,1000,2,1,idle,tcp,0,passed,,1000,1663991368,196628480,3268005888,1018,0.62,196730880,3276636160,1019,0.62,162430976,1219309568,20,0.81,200327207,74954355,,,,,,0.0,,,,,,0.0,,,,,,0.0,39,44758,142871,150185,158589
python,dedicated,1000,2,1,idle,tcp,1,passed,,1000,1620226424,197001216,3267960832,1018,0.59,197095424,3276394496,1019,0.59,164499456,1218199552,20,0.77,201152319,56684669,,,,,,0.0,,,,,,0.0,,,,,,0.0,38,212633,287214,290373,330254
python,dedicated,1000,2,1,idle,tcp,2,passed,,1000,1621361612,197058560,3267874816,1018,0.61,197185536,3276496896,1019,0.61,162783232,1218203648,20,0.81,200676095,72006675,,,,,,0.0,,,,,,0.0,,,,,,0.0,39,51810,133819,143451,157680
python,dedicated,1000,2,1,idle,tcp,3,passed,,1000,1668054914,197169152,3202830336,1019,0.64,197304320,3211448320,1020,0.64,164130816,1151053824,20,0.8200000000000001,200556031,67179994,,,,,,0.0,,,,,,0.0,,,,,,0.0,39,49560,145333,146737,173759
python,dedicated,1000,2,1,idle,tcp,4,passed,,1000,1543943023,197050368,3267969024,1018,0.5,197165056,3276574720,1019,0.5,162689024,1218269184,20,0.6799999999999999,200941237,55548783,,,,,,0.0,,,,,,0.0,,,,,,0.0,37,269946,442042,483522,503744
python,dedicated,1000,2,1,idle,tcp,5,passed,,1000,1630164322,196976640,3267919872,1018,0.59,197087232,3276517376,1019,0.59,162881536,1218215936,20,0.78,201016819,66484784,,,,,,0.0,,,,,,0.0,,,,,,0.0,39,63522,177646,184933,189838
python,dedicated,1000,2,1,idle,tcp,6,passed,,1000,1608481477,196919296,3268030464,1018,0.56,197025792,3276464128,1019,0.57,163721216,1218170880,20,0.72,200368801,47292344,,,,,,0.0,,,,,,0.0,,,,,,0.0,39,77504,152945,153027,257927
python,shards,1,1,1,hotspot,tcp,0,passed,,1,2707537,29384704,1095688192,20,0.06,29466624,1104121856,21,0.06,29765632,1106223104,20,0.24,91025997,3631314,,,,,,0.0,3,33515946,33515946,33515946,33964255,32.95761759137887,,,,,,0.0,17,48725,226062,226062,400138
python,shards,1,1,1,hotspot,tcp,1,passed,,1,2934435,29364224,1095688192,20,0.05,29437952,1104121856,21,0.05,29777920,1106223104,20,0.2,75825715,3146353,,,,,,0.0,3,24527999,24527999,24527999,29030874,39.564414262364686,,,,,,0.0,14,118245,187025,187025,199389
python,shards,1,1,1,hotspot,tcp,2,passed,,1,2565629,29405184,1094639616,20,0.06,29487104,1104121856,21,0.06,29876224,1106223104,20,0.26,113537384,3838638,,,,,,0.0,3,37272011,37272011,37272011,41641783,26.423014995659933,,,,,,0.0,22,157005,370355,396212,473763
python,shards,1,1,1,hotspot,tcp,3,passed,,1,2436189,29409280,1094639616,20,0.060000000000000005,29491200,1104121856,21,0.060000000000000005,29831168,1106223104,20,0.23,97738611,4298084,,,,,,0.0,3,37638602,37638602,37638602,41497927,30.6941133018557,,,,,,0.0,19,126330,304381,304381,307357
python,shards,1,1,1,hotspot,tcp,4,passed,,1,2732177,29380608,1095688192,20,0.05,29454336,1104121856,21,0.06,29802496,1106223104,20,0.21000000000000002,82628695,2510916,,,,,,0.0,3,29620911,29620911,29620911,30578154,36.30699964461498,,,,,,0.0,16,73374,136074,136074,164598
python,shards,1,1,1,hotspot,tcp,5,passed,,1,2395194,29372416,1094639616,20,0.05,29458432,1104121856,21,0.060000000000000005,29794304,1106223104,20,0.21,89846483,3241441,,,,,,0.0,3,27375741,27375741,27375741,40835089,33.3902886326669,,,,,,0.0,17,88863,297143,297143,326266
python,shards,1,1,1,hotspot,tcp,6,passed,,1,2613310,29446144,1095688192,20,0.05,29511680,1104121856,21,0.05,29913088,1106223104,20,0.21000000000000002,88539003,2673115,,,,,,0.0,3,29121304,29121304,29121304,33069362,33.8833722805756,,,,,,0.0,17,145862,244103,244103,339362
python,shards,1,1,1,idle,tcp,0,passed,,1,2541347,29396992,1094639616,20,0.060000000000000005,29470720,1104121856,21,0.060000000000000005,29560832,1104121856,19,0.06999999999999999,200195834,3623622,,,,,,0.0,,,,,,0.0,,,,,,0.0,38,140608,291774,299575,324176
python,shards,1,1,1,idle,tcp,1,passed,,1,2176655,29409280,1094639616,20,0.05,29495296,1104121856,21,0.05,29585408,1104121856,19,0.06,201008513,2952597,,,,,,0.0,,,,,,0.0,,,,,,0.0,39,30205,123740,145865,156811
python,shards,1,1,1,idle,tcp,2,passed,,1,2572823,29319168,1095688192,20,0.06999999999999999,29401088,1104121856,21,0.06999999999999999,29491200,1104121856,19,0.06999999999999999,201008210,3252339,,,,,,0.0,,,,,,0.0,,,,,,0.0,39,89763,156523,162146,291248
python,shards,1,1,1,idle,tcp,3,passed,,1,2499129,29360128,1094639616,20,0.05,29437952,1104121856,21,0.05,29564928,1104121856,19,0.06,200507679,3101619,,,,,,0.0,,,,,,0.0,,,,,,0.0,38,150215,378123,378716,385442
python,shards,1,1,1,idle,tcp,4,passed,,1,2460317,29351936,1095688192,20,0.05,29425664,1104121856,21,0.05,29548544,1104121856,19,0.06,200779523,3087025,,,,,,0.0,,,,,,0.0,,,,,,0.0,39,44902,241718,342677,422873
python,shards,1,1,1,idle,tcp,5,passed,,1,2412766,29315072,1094639616,20,0.06,29401088,1104121856,21,0.06,29495296,1104121856,19,0.07,200082940,3659945,,,,,,0.0,,,,,,0.0,,,,,,0.0,39,72908,152850,157608,198931
python,shards,1,1,1,idle,tcp,6,passed,,1,2320581,29380608,1095688192,20,0.05,29454336,1104121856,21,0.05,29552640,1104121856,19,0.06,200544240,2881152,,,,,,0.0,,,,,,0.0,,,,,,0.0,38,150056,231886,273975,392648
python,shards,1,2,1,hotspot,tcp,0,passed,,1,2533771,29532160,1094639616,20,0.05,29622272,1104121856,21,0.05,29966336,1106223104,20,0.22000000000000003,85996266,3078719,,,,,,0.0,3,25238068,25238068,25238068,38923351,34.885235598485174,,,,,,0.0,16,107679,348821,348821,473602
python,shards,1,2,1,hotspot,tcp,1,passed,,1,2459642,29638656,1095688192,20,0.05,29708288,1104121856,21,0.05,30113792,1106223104,20,0.23,93128538,2973392,,,,,,0.0,3,30589044,30589044,30589044,37974774,32.21354124554173,,,,,,0.0,18,126071,309892,309892,609276
python,shards,1,2,1,hotspot,tcp,2,passed,,1,2619891,29605888,1095688192,20,0.06,29675520,1104121856,21,0.06,29958144,1106223104,20,0.26,108725831,3056663,,,,,,0.0,3,39503953,39503953,39503953,40213292,27.592339119486702,,,,,,0.0,21,126064,368825,368825,420884
python,shards,1,2,1,hotspot,tcp,3,passed,,1,2856839,29593600,1095688192,20,0.05,29671424,1104121856,21,0.05,30056448,1106223104,20,0.21000000000000002,75163400,2929424,,,,,,0.0,3,21211125,21211125,21211125,36357328,39.913042784121,,,,,,0.0,14,58882,186943,186943,300384
python,shards,1,2,1,hotspot,tcp,4,passed,,1,2371135,29528064,1094639616,20,0.060000000000000005,29609984,1104121856,21,0.060000000000000005,30015488,1106223104,20,0.21000000000000002,79773470,4162308,,,,,,0.0,3,20998207,20998207,20998207,41249495,37.60648747008247,,,,,,0.0,15,65831,176151,176151,309042
python,shards,1,2,1,hotspot,tcp,5,passed,,1,2499515,29544448,1095688192,20,0.05,29626368,1104121856,21,0.05,29945856,1106223104,20,0.21000000000000002,77916064,3560567,,,,,,0.0,3,26740829,26740829,26740829,29545372,38.502971608011414,,,,,,0.0,15,80476,171921,171921,186693
python,shards,1,2,1,hotspot,tcp,6,passed,,1,2517642,29573120,1095688192,20,0.060000000000000005,29646848,1104121856,21,0.060000000000000005,30044160,1106223104,20,0.24,105148940,3194041,,,,,,0.0,3,40070517,40070517,40070517,40501909,28.530958086691125,,,,,,0.0,20,79967,327214,327214,397309
python,shards,1,2,1,idle,tcp,0,passed,,1,2938635,29573120,1095688192,20,0.05,29650944,1104121856,21,0.060000000000000005,29741056,1104121856,19,0.060000000000000005,200341569,3216315,,,,,,0.0,,,,,,0.0,,,,,,0.0,39,49996,170365,173967,188943
python,shards,1,2,1,idle,tcp,1,passed,,1,2282892,29618176,1094639616,20,0.060000000000000005,29700096,1104121856,21,0.060000000000000005,29786112,1104121856,19,0.06999999999999999,200752454,2564218,,,,,,0.0,,,,,,0.0,,,,,,0.0,39,39357,90112,98609,128185
python,shards,1,2,1,idle,tcp,2,passed,,1,2795507,29536256,1094639616,20,0.060000000000000005,29618176,1104121856,21,0.060000000000000005,29704192,1104121856,19,0.06999999999999999,200872237,3914157,,,,,,0.0,,,,,,0.0,,,,,,0.0,38,149875,241061,242074,254346
python,shards,1,2,1,idle,tcp,3,passed,,1,2707904,29655040,1095688192,20,0.05,29728768,1104121856,21,0.05,29814784,1104121856,19,0.06,200916984,3106624,,,,,,0.0,,,,,,0.0,,,,,,0.0,39,61846,175469,215002,218994
python,shards,1,2,1,idle,tcp,4,passed,,1,2484813,29655040,1095688192,20,0.05,29724672,1104121856,21,0.05,29814784,1104121856,19,0.06,200242225,2956962,,,,,,0.0,,,,,,0.0,,,,,,0.0,38,112343,262074,269440,320932
python,shards,1,2,1,idle,tcp,5,passed,,1,2226111,29650944,1095688192,20,0.06,29724672,1104121856,21,0.06,29810688,1104121856,19,0.06,200208748,3131438,,,,,,0.0,,,,,,0.0,,,,,,0.0,38,191486,387854,408001,451249
python,shards,1,2,1,idle,tcp,6,passed,,1,2473339,29634560,1095688192,20,0.06,29716480,1104121856,21,0.06,29839360,1104121856,19,0.07,200312625,3564863,,,,,,0.0,,,,,,0.0,,,,,,0.0,38,182594,413370,425008,437610
python,shards,10,1,1,hotspot,tcp,0,passed,,10,15883936,30179328,1095688192,20,0.08,30261248,1104121856,21,0.08,30879744,1106223104,20,0.28,124055452,3539028,,,,,,0.0,30,1428696,40787573,40932605,41528620,241.82734024458676,,,,,,0.0,24,98250,403335,520497,552852
python,shards,10,1,1,hotspot,tcp,1,passed,,10,17681226,30121984,1095688192,20,0.06,30199808,1104121856,21,0.06999999999999999,30760960,1106374656,20,0.26,117134904,4285651,,,,,,0.0,30,1244038,35093055,40570325,40687135,256.11494930665583,,,,,,0.0,22,160138,334035,497577,530260
python,shards,10,1,1,hotspot,tcp,2,passed,,10,17281551,30142464,1095688192,20,0.06,30228480,1104121856,21,0.07,31014912,1106370560,20,0.26,99010628,3578158,,,,,,0.0,30,1022794,26390409,31458878,40730927,302.99777514793664,,,,,,0.0,19,113706,321800,321800,337830
python,shards,10,1,1,hotspot,tcp,3,passed,,10,17479658,30081024,1095688192,20,0.060000000000000005,30158848,1104121856,21,0.060000000000000005,30920704,1106374656,20,0.23,89958569,3507129,,,,,,0.0,30,1268431,22510211,31177454,35649815,333.48685215301725,,,,,,0.0,17,96413,262026,262026,310219
python,shards,10,1,1,hotspot,tcp,4,passed,,10,16073110,30212096,1095688192,20,0.060000000000000005,30289920,1104121856,21,0.060000000000000005,31088640,1106362368,20,0.22999999999999998,97029868,4640066,,,,,,0.0,30,850119,28066266,31460886,36993300,309.18314760564243,,,,,,0.0,19,108691,246204,246204,246549
python,shards,10,1,1,hotspot,tcp,5,passed,,10,15588887,30126080,1095688192,20,0.06,30208000,1104121856,21,0.06,31019008,1106366464,20,0.23,94844292,3837866,,,,,,0.0,30,1462444,23375164,33968891,37153189,316.3079123412087,,,,,,0.0,18,161984,313301,313301,320911
python,shards,10,1,1,hotspot,tcp,6,passed,,10,16726829,30113792,1095688192,20,0.060000000000000005,30195712,1104121856,21,0.060000000000000005,31027200,1106366464,20,0.21000000000000002,78966898,4269789,,,,,,0.0,30,1007588,22599725,27772739,28259574,379.90602087472143,,,,,,0.0,15,71781,212288,212288,268270
python,shards,10,1,1,idle,tcp,0,passed,,10,15753387,30179328,1095688192,20,0.060000000000000005,30253056,1104121856,21,0.060000000000000005,30732288,1106223104,20,0.06999999999999999,200699394,3588085,,,,,,0.0,,,,,,0.0,,,,,,0.0,39,42927,89276,93702,127534
python,shards,10,1,1,idle,tcp,1,passed,,10,16982790,30113792,1095688192,20,0.06999999999999999,30191616,1104121856,21,0.06999999999999999,30605312,1106362368,20,0.08,200836565,4443267,,,,,,0.0,,,,,,0.0,,,,,,0.0,39,93935,250791,277777,287125
python,shards,10,1,1,idle,tcp,2,passed,,10,16991253,30195712,1095688192,20,0.06999999999999999,30269440,1104121856,21,0.06999999999999999,30687232,1106223104,20,0.06999999999999999,200326373,3812622,,,,,,0.0,,,,,,0.0,,,,,,0.0,39,75166,170804,180985,200406
python,shards,10,1,1,idle,tcp,3,passed,,10,18179887,30212096,1095688192,20,0.060000000000000005,30294016,1104121856,21,0.060000000000000005,30728192,1106223104,20,0.06999999999999999,200731768,3536504,,,,,,0.0,,,,,,0.0,,,,,,0.0,38,170244,267145,270899,325241
python,shards,10,1,1,idle,tcp,4,passed,,10,15262034,30162944,1095688192,20,0.060000000000000005,30232576,1104121856,21,0.060000000000000005,30375936,1106104320,20,0.060000000000000005,201127389,3504015,,,,,,0.0,,,,,,0.0,,,,,,0.0,39,82716,198130,213998,285200
python,shards,10,1,1,idle,tcp,5,passed,,10,16335009,30158848,1095688192,20,0.05,30240768,1104121856,21,0.05,30781440,1106223104,20,0.06,200516275,3467730,,,,,,0.0,,,,,,0.0,,,,,,0.0,39,85579,334905,384893,408765
python,shards,10,1,1,idle,tcp,6,passed,,10,16398154,30150656,1095688192,20,0.05,30232576,1104121856,21,0.06,30699520,1106223104,20,0.06,200780662,4437195,,,,,,0.0,,,,,,0.0,,,,,,0.0,38,150201,227605,241518,242032
python,shards,10,2,1,hotspot,tcp,0,passed,,10,16936790,30621696,1095688192,20,0.06999999999999999,30703616,1104121856,21,0.06999999999999999,31416320,1106223104,20,0.25,97614651,3357597,,,,,,0.0,30,1229175,21641609,33927391,41368694,307.33091490538646,,,,,,0.0,19,111138,259618,259618,276162
python,shards,10,2,1,hotspot,tcp,1,passed,,10,18230531,30580736,1095688192,20,0.06,30662656,1104121856,21,0.06,31469568,1106366464,20,0.26,109645406,4120918,,,,,,0.0,30,644215,27173284,40839645,41182513,273.6092746101921,,,,,,0.0,21,237603,532977,532977,574678
python,shards,10,2,1,hotspot,tcp,2,passed,,10,15492579,30679040,1095688192,20,0.08,30765056,1104121856,21,0.08,31588352,1106223104,20,0.28,110083306,3867387,,,,,,0.0,30,1163783,29792908,38907750,41000678,272.5208852285014,,,,,,0.0,21,140672,371192,371192,454875
python,shards,10,2,1,hotspot,tcp,3,passed,,10,17027701,30695424,1095688192,20,0.06,30785536,1104121856,21,0.06,31547392,1106366464,20,0.2,68540911,3708489,,,,,,0.0,30,658196,18733791,22194612,27170723,437.6947951567203,,,,,,0.0,13,71674,105800,105800,133026
python,shards,10,2,1,hotspot,tcp,4,passed,,10,15959618,30662656,1095688192,20,0.05,30748672,1104121856,21,0.05,31473664,1106497536,20,0.2,69147654,3565389,,,,,,0.0,30,884651,18980961,23209306,26593305,433.8541984374481,,,,,,0.0,13,49224,170107,170107,187894
python,shards,10,2,1,hotspot,tcp,5,passed,,10,16526362,30625792,1095688192,20,0.06,30707712,1104121856,21,0.06,31596544,1106374656,20,0.22,81460608,3614596,,,,,,0.0,30,574729,18062199,30135534,32929799,368.2761611600051,,,,,,0.0,16,63276,203079,203079,253822
python,shards,10,2,1,hotspot,tcp,6,passed,,10,15889299,30642176,1095688192,20,0.06,30728192,1104121856,21,0.06,31559680,1106366464,20,0.22000000000000003,82089740,3016047,,,,,,0.0,30,711757,20800435,30120903,30884201,365.45370956224247,,,,,,0.0,16,74852,176429,176429,291623
python,shards,10,2,1,idle,tcp,0,passed,,10,16988579,30658560,1095688192,20,0.06,30736384,1104121856,21,0.06,31260672,1106223104,20,0.07,200168284,4215868,,,,,,0.0,,,,,,0.0,,,,,,0.0,39,76020,125418,135444,145808
python,shards,10,2,1,idle,tcp,1,passed,,10,18958351,30683136,1095688192,20,0.06999999999999999,30773248,1104121856,21,0.06999999999999999,31211520,1106223104,20,0.08,200229966,3568106,,,,,,0.0,,,,,,0.0,,,,,,0.0,39,72738,143819,162879,166201
python,shards,10,2,1,idle,tcp,2,passed,,10,18955661,30617600,1095688192,20,0.07,30699520,1104121856,21,0.07,31195136,1106223104,20,0.09,200422082,4733515,,,,,,0.0,,,,,,0.0,,,,,,0.0,39,79040,143377,148757,161762
python,shards,10,2,1,idle,tcp,3,passed,,10,18212730,30679040,1095688192,20,0.06,30769152,1104121856,21,0.06,31252480,1106223104,20,0.06,200350095,3501231,,,,,,0.0,,,,,,0.0,,,,,,0.0,38,170864,255963,261762,263286
python,shards,10,2,1,idle,tcp,4,passed,,10,17828119,30687232,1095688192,20,0.06,30773248,1104121856,21,0.06,31232000,1106223104,20,0.06,200351028,3503720,,,,,,0.0,,,,,,0.0,,,,,,0.0,39,98041,225055,247559,268885
python,shards,10,2,1,idle,tcp,5,passed,,10,15044020,30613504,1095688192,20,0.05,30699520,1104121856,21,0.05,31158272,1106223104,20,0.06,200083850,3467781,,,,,,0.0,,,,,,0.0,,,,,,0.0,39,89435,219460,227752,233467
python,shards,10,2,1,idle,tcp,6,passed,,10,16204799,30724096,1095688192,20,0.05,30797824,1104121856,21,0.06,31252480,1106223104,20,0.06,201136434,3910756,,,,,,0.0,,,,,,0.0,,,,,,0.0,38,180456,256664,270114,274341
python,shards,100,1,1,hotspot,tcp,0,passed,,100,164193423,36651008,1095688192,20,0.09000000000000001,36782080,1104265216,21,0.09000000000000001,40943616,1108893696,20,0.29000000000000004,94136494,6753032,,,,,,0.0,300,3648710,4533507,4574505,36956131,3186.8618349011385,,,,,,0.0,18,129705,294248,294248,638471
python,shards,100,1,1,hotspot,tcp,1,passed,,100,154362551,36749312,1095688192,20,0.1,36864000,1104265216,21,0.1,39018496,1106571264,20,0.29000000000000004,89315780,7788309,,,,,,0.0,300,3988776,5814217,6034679,31041181,3358.868947905958,,,,,,0.0,17,72746,825893,825893,890412
python,shards,100,1,1,hotspot,tcp,2,passed,,100,157656454,36773888,1095831552,20,0.09,36876288,1104265216,21,0.09,39010304,1106587648,20,0.32,118403742,8968942,,,,,,0.0,300,4503408,6339992,6880111,40909055,2533.703706762916,,,,,,0.0,22,86749,349380,357823,1207518
python,shards,100,1,1,hotspot,tcp,3,passed,,100,147919050,36757504,1095688192,20,0.08,36872192,1104265216,21,0.09000000000000001,39178240,1106558976,20,0.27,86278661,7303069,,,,,,0.0,300,3362236,5131623,5168622,33752889,3477.105422394073,,,,,,0.0,16,54086,136116,136116,792818
python,shards,100,1,1,hotspot,tcp,4,passed,,100,154130299,36782080,1095688192,20,0.08,36888576,1104265216,21,0.08,40022016,1106620416,20,0.26,74705879,6395905,,,,,,0.0,300,2780686,2947087,3081515,28971411,4015.7482117304316,,,,,,0.0,14,40288,150375,150375,684279
python,shards,100,1,1,hotspot,tcp,5,passed,,100,162146875,36663296,1095688192,20,0.1,36794368,1104265216,21,0.1,40034304,1107140608,20,0.33,116364285,8913616,,,,,,0.0,300,5563146,6773836,7355537,41942224,2578.110629047392,,,,,,0.0,22,86815,274977,383006,1242824
python,shards,100,1,1,hotspot,tcp,6,passed,,100,152996080,36671488,1095688192,20,0.09000000000000001,36794368,1104265216,21,0.09000000000000001,39133184,1106530304,20,0.26,83721625,5492768,,,,,,0.0,300,3142983,4862410,5105503,31858870,3583.3035968902896,,,,,,0.0,16,103413,268050,268050,288635
python,shards,100,1,1,idle,tcp,0,passed,,100,152785191,36732928,1095688192,20,0.1,36864000,1104265216,21,0.1,41611264,1108058112,20,0.12,200114406,6811609,,,,,,0.0,,,,,,0.0,,,,,,0.0,39,37314,138266,138801,154489
python,shards,100,1,1,idle,tcp,1,passed,,100,145733522,36626432,1095831552,20,0.1,36720640,1104265216,21,0.1,41803776,1108709376,20,0.11,200880202,9424158,,,,,,0.0,,,,,,0.0,,,,,,0.0,39,67581,126277,158987,173908
python,shards,100,1,1,idle,tcp,2,passed,,100,151876939,36700160,1095688192,20,0.09,36823040,1104265216,21,0.09,42270720,1108738048,20,0.12000000000000001,200766489,9364378,,,,,,0.0,,,,,,0.0,,,,,,0.0,39,52982,152249,173361,210918
python,shards,100,1,1,idle,tcp,3,passed,,100,160503030,36691968,1095831552,20,0.11,36814848,1104265216,21,0.11,41664512,1108766720,20,0.13,200196539,8632139,,,,,,0.0,,,,,,0.0,,,,,,0.0,39,75454,159251,173428,242901
python,shards,100,1,1,idle,tcp,4,passed,,100,152887004,36745216,1095688192,20,0.09000000000000001,36876288,1104265216,21,0.09000000000000001,40460288,1108762624,20,0.11,200158713,7832178,,,,,,0.0,,,,,,0.0,,,,,,0.0,39,57955,180535,189653,198899
python,shards,100,1,1,idle,tcp,5,passed,,100,147703085,36675584,1095688192,20,0.09000000000000001,36782080,1104265216,21,0.09000000000000001,41889792,1108041728,20,0.11,200478972,8634087,,,,,,0.0,,,,,,0.0,,,,,,0.0,39,75036,176037,177528,191161
python,shards,100,1,1,idle,tcp,6,passed,,100,147741861,36683776,1095688192,20,0.09000000000000001,36814848,1104265216,21,0.09000000000000001,40214528,1106939904,20,0.11,201065311,9279997,,,,,,0.0,,,,,,0.0,,,,,,0.0,38,173145,284410,290502,292636
python,shards,100,2,1,hotspot,tcp,0,passed,,100,158261210,39555072,1095688192,20,0.1,39682048,1104273408,21,0.1,43671552,1108172800,20,0.28,89269135,7108857,,,,,,0.0,300,4035676,4609483,5218666,34313464,3360.6240275544287,,,,,,0.0,17,98548,636115,636115,1385117
python,shards,100,2,1,hotspot,tcp,1,passed,,100,155709641,39550976,1095831552,20,0.09000000000000001,39661568,1104265216,21,0.09000000000000001,44982272,1108074496,20,0.28,86012956,9043849,,,,,,0.0,300,3235385,4838205,4928367,29660938,3487.8466448705703,,,,,,0.0,16,121060,229041,229041,851226
python,shards,100,2,1,hotspot,tcp,2,passed,,100,165182263,39571456,1095688192,20,0.11,39702528,1104257024,21,0.11,43225088,1106653184,20,0.33,105426049,7561558,,,,,,0.0,300,4091531,5666502,6387937,40489166,2845.5965375312508,,,,,,0.0,19,127329,928693,928693,1467297
python,shards,100,2,1,hotspot,tcp,3,passed,,100,153136715,39526400,1095688192,20,0.09000000000000001,39657472,1104257024,21,0.09000000000000001,42323968,1106542592,20,0.26,77266379,7445989,,,,,,0.0,300,3147833,5498610,5595610,29407125,3882.671918662061,,,,,,0.0,15,60502,188560,188560,254108
python,shards,100,2,1,hotspot,tcp,4,passed,,100,152234151,39550976,1095823360,20,0.1,39653376,1104257024,21,0.1,44883968,1108561920,20,0.29,97056708,7814481,,,,,,0.0,300,5436046,6261988,6525373,38050086,3090.976462956069,,,,,,0.0,18,119257,867028,867028,1877839
python,shards,100,2,1,hotspot,tcp,5,passed,,100,158962206,39559168,1103216640,20,0.09000000000000001,39657472,1111797760,21,0.09000000000000001,44150784,1114148864,20,0.3,110706579,7619944,,,,,,0.0,300,5558699,6266648,6590685,38068823,2709.8660505081634,,,,,,0.0,20,126581,1732843,1732843,2239002
python,shards,100,2,1,hotspot,tcp,6,passed,,100,157466315,39522304,1095827456,20,0.1,39624704,1104261120,21,0.1,42246144,1106591744,20,0.32,117645442,7947478,,,,,,0.0,300,3698643,4409059,4748165,40595536,2550.0350451316253,,,,,,0.0,22,139678,240757,531011,1366144
python,shards,100,2,1,idle,tcp,0,passed,,100,151910098,39546880,1095839744,20,0.1,39669760,1104273408,21,0.1,44797952,1109090304,20,0.12,201063184,9087920,,,,,,0.0,,,,,,0.0,,,,,,0.0,39,57125,145380,145953,178597
python,shards,100,2,1,idle,tcp,1,passed,,100,156015853,39485440,1095688192,20,0.09,39600128,1104261120,21,0.09,44761088,1108074496,20,0.11,200549778,8095793,,,,,,0.0,,,,,,0.0,,,,,,0.0,39,85856,231621,232563,246180
python,shards,100,2,1,idle,tcp,2,passed,,100,175997653,39538688,1095688192,20,0.12000000000000001,39669760,1104273408,21,0.12000000000000001,42889216,1106665472,20,0.13999999999999999,200812997,11993234,,,,,,0.0,,,,,,0.0,,,,,,0.0,38,168554,307916,314202,332049
python,shards,100,2,1,idle,tcp,3,passed,,100,147259372,39649280,1095958528,20,0.08,39747584,1104392192,21,0.09000000000000001,41971712,1106894848,20,0.11,200765559,9730244,,,,,,0.0,,,,,,0.0,,,,,,0.0,39,64839,138416,139270,204032
python,shards,100,2,1,idle,tcp,4,passed,,100,151913427,39497728,1095688192,20,0.09000000000000001,39624704,1104277504,21,0.09000000000000001,43757568,1107353600,20,0.11,200182537,7242200,,,,,,0.0,,,,,,0.0,,,,,,0.0,39,74233,152991,154913,194126
python,shards,100,2,1,idle,tcp,5,passed,,100,159534555,39538688,1095688192,20,0.1,39661568,1104257024,21,0.1,45584384,1109315584,20,0.12000000000000001,200143869,8337241,,,,,,0.0,,,,,,0.0,,,,,,0.0,39,96777,187912,209168,295316
python,shards,100,2,1,idle,tcp,6,passed,,100,160086924,39526400,1095827456,20,0.09999999999999999,39628800,1104261120,21,0.09999999999999999,44855296,1109004288,20,0.12000000000000001,200875589,7455727,,,,,,0.0,,,,,,0.0,,,,,,0.0,39,139632,213434,245292,423779
python,shards,1000,1,1,hotspot,tcp,0,passed,,1000,1568756664,104222720,1098493952,20,0.53,104357888,1107111936,21,0.53,135081984,1135747072,20,0.9199999999999999,129352230,47049187,,,,,,0.0,3000,30081178,35124409,35586804,43007416,23192.487674932236,,,,,,0.0,15,1584605,10428334,10428334,13754672
python,shards,1000,1,1,hotspot,tcp,1,passed,,1000,1450665302,104210432,1098678272,20,0.44000000000000006,104325120,1107111936,21,0.44000000000000006,134873088,1135763456,20,0.8300000000000001,125518463,44616106,,,,,,0.0,3000,24961937,28472863,29133985,41269699,23900.866281321498,,,,,,0.0,18,541422,6343700,6343700,8909429
python,shards,1000,1,1,hotspot,tcp,2,passed,,1000,1527932631,104075264,1098362880,20,0.51,104206336,1107034112,21,0.51,112652288,1112047616,20,1.03,199979148,71658447,,,,,,0.0,3000,44618588,52457462,53182837,65347333,15001.564063069216,,,,,,0.0,29,871479,8084191,8119229,9741372
python,shards,1000,1,1,hotspot,tcp,3,passed,,1000,1438281402,104271872,1118916608,20,0.42000000000000004,104370176,1127350272,21,0.42000000000000004,111788032,1132761088,20,0.81,135481344,51328583,,,,,,0.0,3000,31516157,36983045,37269236,44258802,22143.27014647862,,,,,,0.0,16,1623004,8711565,8711565,13193617
python,shards,1000,1,1,hotspot,tcp,4,passed,,1000,1432645238,104214528,1098493952,20,0.41000000000000003,104341504,1107111936,21,0.41000000000000003,142905344,1137410048,20,0.78,131560292,34373475,,,,,,0.0,3000,26592152,35886108,36795576,44605075,22803.23306062592,,,,,,0.0,19,618490,5550330,5550330,10219864
python,shards,1000,1,1,hotspot,tcp,5,passed,,1000,1507877764,104275968,1098493952,20,0.51,104411136,1107111936,21,0.51,142008320,1141129216,20,0.9299999999999999,148117235,53438281,,,,,,0.0,3000,33775270,43406840,44796096,53238658,20254.226322817867,,,,,,0.0,21,871810,6713775,6713775,7387226
python,shards,1000,1,1,hotspot,tcp,6,passed,,1000,1396568239,104189952,1098362880,20,0.39,104325120,1107030016,21,0.39,137031680,1136181248,20,0.79,133487734,51876114,,,,,,0.0,3000,29707413,37436811,37580120,46795104,22473.975024551695,,,,,,0.0,17,1579624,9032945,9032945,9798844
python,shards,1000,1,1,idle,tcp,0,passed,,1000,1460707519,104148992,1098629120,20,0.44000000000000006,104284160,1107234816,21,0.44000000000000006,150749184,1139548160,20,0.55,200667993,40351017,,,,,,0.0,,,,,,0.0,,,,,,0.0,38,208743,303569,321013,335191
python,shards,1000,1,1,idle,tcp,1,passed,,1000,1432698713,104148992,1098362880,20,0.41000000000000003,104280064,1107034112,21,0.42000000000000004,154697728,1136410624,20,0.54,200953448,49899466,,,,,,0.0,,,,,,0.0,,,,,,0.0,39,55608,174433,207893,264025
python,shards,1000,1,1,idle,tcp,2,passed,,1000,1535484943,104284160,1098821632,20,0.53,104374272,1107255296,21,0.53,121249792,1114234880,20,0.63,201021204,47411995,,,,,,0.0,,,,,,0.0,,,,,,0.0,39,127117,215559,216590,223378
python,shards,1000,1,1,idle,tcp,3,passed,,1000,1481554134,104259584,1100939264,21,0.47,104370176,1109372928,22,0.47,151109632,1141440512,20,0.6,201007456,58770304,,,,,,0.0,,,,,,0.0,,,,,,0.0,39,69457,148315,161267,175030
python,shards,1000,1,1,idle,tcp,4,passed,,1000,1419481460,104304640,1098493952,20,0.4,104435712,1107111936,21,0.4,145137664,1137618944,20,0.52,200991511,50032314,,,,,,0.0,,,,,,0.0,,,,,,0.0,38,194242,285484,317319,359086
python,shards,1000,1,1,idle,tcp,5,passed,,1000,1446100246,104210432,1098600448,20,0.43000000000000005,104312832,1107034112,21,0.43000000000000005,150228992,1135239168,20,0.54,200956510,49669387,,,,,,0.0,,,,,,0.0,,,,,,0.0,39,42749,108087,151798,163496
python,shards,1000,1,1,idle,tcp,6,passed,,1000,1438646994,104132608,1118662656,20,0.43000000000000005,104247296,1127354368,21,0.43000000000000005,130113536,1130475520,20,0.55,200382455,49637349,,,,,,0.0,,,,,,0.0,,,,,,0.0,38,104868,295559,311810,360210
python,shards,1000,2,1,hotspot,tcp,0,passed,,1000,1425655482,130232320,1165709312,20,0.43000000000000005,130367488,1174278144,21,0.43000000000000005,167579648,1207889920,20,0.8500000000000001,150911915,53618207,,,,,,0.0,3000,33983949,43909835,45043199,51588594,19879.14605682394,,,,,,0.0,19,1294163,7713451,7713451,17564594
python,shards,1000,2,1,hotspot,tcp,1,passed,,1000,1596366481,130191360,1165606912,20,0.58,130322432,1174175744,21,0.58,146554880,1181962240,20,1.02,155448131,53996041,,,,,,0.0,3000,40017184,46942394,48167573,60276780,19299.041942163974,,,,,,0.0,22,743591,3217644,4129096,10190785
python,shards,1000,2,1,hotspot,tcp,2,passed,,1000,1675275411,130256896,1100472320,21,0.67,130392064,1109131264,22,0.67,172584960,1135472640,20,1.17,187455465,50091284,,,,,,0.0,3000,43704659,51619867,54466068,66359676,16003.801222866456,,,,,,0.0,23,1127652,7442266,8580167,10577363
python,shards,1000,2,1,hotspot,tcp,3,passed,,1000,1542925253,130056192,1165475840,20,0.54,130191360,1174134784,21,0.54,174096384,1211510784,20,0.99,165109725,58217158,,,,,,0.0,3000,35459120,50399138,52265720,62513588,18169.73530783847,,,,,,0.0,21,1137729,8579683,8579683,9425076
python,shards,1000,2,1,hotspot,tcp,4,passed,,1000,1422047557,130220032,1165619200,20,0.39,130347008,1174192128,21,0.39,168185856,1203462144,20,0.79,146386123,45839962,,,,,,0.0,3000,34088550,42132852,43260390,51638944,20493.745845021116,,,,,,0.0,18,1530655,6989636,6989636,7626990
python,shards,1000,2,1,hotspot,tcp,5,passed,,1000,1476500026,130269184,1100468224,21,0.45999999999999996,130396160,1109127168,22,0.45999999999999996,166027264,1137704960,20,0.8300000000000001,124203435,46189890,,,,,,0.0,3000,27511599,38651725,39160135,47049960,24153.9213468613,,,,,,0.0,17,1773403,5632454,5632454,6937761
python,shards,1000,2,1,hotspot,tcp,6,passed,,1000,1492644419,130072576,1165475840,20,0.49,130203648,1174138880,21,0.49,175374336,1210781696,20,0.9000000000000001,135413875,48229437,,,,,,0.0,3000,26643273,35855117,36711752,47220212,22154.302873320772,,,,,,0.0,19,592195,8365839,8365839,11563384
python,shards,1000,2,1,idle,tcp,0,passed,,1000,1594462504,130142208,1165488128,20,0.5700000000000001,130277376,1174147072,21,0.5700000000000001,169312256,1205465088,20,0.71,200902208,55223247,,,,,,0.0,,,,,,0.0,,,,,,0.0,39,105313,236316,262941,265256
python,shards,1000,2,1,idle,tcp,1,passed,,1000,1491567013,130166784,1165606912,20,0.46,130301952,1174188032,21,0.46,168697856,1201041408,20,0.6,200814539,54891209,,,,,,0.0,,,,,,0.0,,,,,,0.0,39,31048,85799,95916,150119
python,shards,1000,2,1,idle,tcp,2,passed,,1000,1631091913,130154496,1165475840,20,0.63,130281472,1174138880,21,0.63,174895104,1194115072,20,0.75,200537819,46143079,,,,,,0.0,,,,,,0.0,,,,,,0.0,39,42159,164370,166296,213171
python,shards,1000,2,1,idle,tcp,3,passed,,1000,1423836174,130199552,1165697024,20,0.41000000000000003,130314240,1174130688,21,0.42000000000000004,169611264,1190449152,20,0.52,200359667,42920545,,,,,,0.0,,,,,,0.0,,,,,,0.0,39,69003,222276,229239,231592
python,shards,1000,2,1,idle,tcp,4,passed,,1000,1452006916,130310144,1165754368,20,0.44,130400256,1174188032,21,0.44,180842496,1206018048,20,0.56,201048774,51542282,,,,,,0.0,,,,,,0.0,,,,,,0.0,39,68967,237857,238361,439678
python,shards,1000,2,1,idle,tcp,5,passed,,1000,1565404112,130224128,1165602816,20,0.56,130342912,1174175744,21,0.56,165625856,1186041856,20,0.67,200185633,47134375,,,,,,0.0,,,,,,0.0,,,,,,0.0,39,73749,150853,151458,152548
python,shards,1000,2,1,idle,tcp,6,passed,,1000,1534173530,130117632,1165758464,20,0.52,130248704,1174364160,21,0.52,186953728,1205051392,20,0.64,201015524,48539935,,,,,,0.0,,,,,,0.0,,,,,,0.0,39,48565,99908,118312,119215
python,shared,1,1,1,hotspot,tcp,0,passed,,1,3265271,29470720,1097789440,21,0.060000000000000005,29544448,1106223104,22,0.060000000000000005,29941760,1108324352,20,0.09000000000000001,10210186,2680374,,,,,,0.0,3,3229715,3229715,3229715,4114118,293.82422612085617,,,,,,0.0,2,26779,26779,26779,171509
python,shared,1,1,1,hotspot,tcp,1,passed,,1,2597211,29458432,1097789440,21,0.06,29540352,1106223104,22,0.06,29843456,1108324352,20,0.09,10554228,3027812,,,,,,0.0,3,2894546,2894546,2894546,4603778,284.24627552105187,,,,,,0.0,2,53824,53824,53824,311689
python,shared,1,1,1,hotspot,tcp,2,passed,,1,2817118,29384704,1096740864,21,0.05,29462528,1106223104,22,0.06,29810688,1108324352,20,0.08,11033257,3934990,,,,,,0.0,3,3815489,3815489,3815489,4708350,271.9052044196922,,,,,,0.0,2,86106,86106,86106,376758
python,shared,1,1,1,hotspot,tcp,3,passed,,1,2782437,29315072,1096740864,21,0.05,29396992,1106223104,22,0.05,29806592,1108324352,20,0.08,12075620,2664409,,,,,,0.0,3,3582336,3582336,3582336,4953087,248.43444891442428,,,,,,0.0,2,72109,72109,72109,245666
python,shared,1,1,1,hotspot,tcp,4,passed,,1,2666125,29364224,1096740864,21,0.060000000000000005,29446144,1106223104,22,0.060000000000000005,29761536,1108324352,20,0.08,8734984,2619507,,,,,,0.0,3,2387460,2387460,2387460,3868698,343.4465363645772,,,,,,0.0,1,34120,34120,34120,34120
python,shared,1,1,1,hotspot,tcp,5,passed,,1,2676766,29384704,1096740864,21,0.060000000000000005,29466624,1106223104,22,0.060000000000000005,29806592,1108324352,20,0.06999999999999999,9268798,3603065,,,,,,0.0,3,2826881,2826881,2826881,4364423,323.6665638845512,,,,,,0.0,1,31089,31089,31089,31089
python,shared,1,1,1,hotspot,tcp,6,passed,,1,2416479,29429760,1097789440,21,0.05,29499392,1106223104,22,0.05,29855744,1108324352,20,0.08,13127792,2726930,,,,,,0.0,3,4431901,4431901,4431901,4730074,228.5228163273763,,,,,,0.0,2,63101,63101,63101,210835
python,shared,1,1,1,idle,tcp,0,passed,,1,3413858,29265920,1097789440,21,0.05,29351936,1106223104,22,0.05,29474816,1106223104,19,0.060000000000000005,200337693,3972267,,,,,,0.0,,,,,,0.0,,,,,,0.0,38,185230,388513,438721,443012
python,shared,1,1,1,idle,tcp,1,passed,,1,3058298,29417472,1097789440,21,0.06,29495296,1106223104,22,0.06,29577216,1106223104,19,0.06,200879255,2909585,,,,,,0.0,,,,,,0.0,,,,,,0.0,39,90624,182792,187114,224337
python,shared,1,1,1,idle,tcp,2,passed,,1,2110628,29339648,1096740864,21,0.06,29421568,1106223104,22,0.06,29523968,1106223104,19,0.06,200121735,3994694,,,,,,0.0,,,,,,0.0,,,,,,0.0,39,59809,167769,176993,325908
python,shared,1,1,1,idle,tcp,3,passed,,1,2897632,29372416,1097789440,21,0.060000000000000005,29454336,1106223104,22,0.060000000000000005,29536256,1106223104,19,0.06999999999999999,200257873,3317741,,,,,,0.0,,,,,,0.0,,,,,,0.0,39,70720,190569,197205,224430
python,shared,1,1,1,idle,tcp,4,passed,,1,2665334,29417472,1097789440,21,0.05,29499392,1106223104,22,0.05,29609984,1106223104,19,0.060000000000000005,201044690,3897431,,,,,,0.0,,,,,,0.0,,,,,,0.0,38,170860,445898,469531,507989
python,shared,1,1,1,idle,tcp,5,passed,,1,2665297,29327360,1096740864,21,0.06,29409280,1106223104,22,0.06,29523968,1106223104,19,0.06,200080100,2891473,,,,,,0.0,,,,,,0.0,,,,,,0.0,38,146712,298476,325651,391460
python,shared,1,1,1,idle,tcp,6,passed,,1,2851426,29474816,1097789440,21,0.060000000000000005,29536256,1106223104,22,0.060000000000000005,29622272,1106223104,19,0.060000000000000005,200815863,2753737,,,,,,0.0,,,,,,0.0,,,,,,0.0,39,31099,102310,129913,154177
python,shared,1,2,1,hotspot,tcp,0,passed,,1,2777258,29708288,1097789440,21,0.05,29777920,1106223104,22,0.05,30167040,1108324352,20,0.09,14979892,3558564,,,,,,0.0,3,5476073,5476073,5476073,5790672,200.26846655503257,,,,,,0.0,3,118986,118986,118986,125096
python,shared,1,2,1,hotspot,tcp,1,passed,,1,2813261,29675520,1096740864,21,0.05,29761536,1106223104,22,0.05,30023680,1108324352,20,0.08,11186505,2689654,,,,,,0.0,3,3884524,3884524,3884524,3968125,268.1802761452303,,,,,,0.0,2,211139,211139,211139,275629
python,shared,1,2,1,hotspot,tcp,2,passed,,1,2384665,29609984,1096740864,21,0.05,29696000,1106223104,22,0.05,30044160,1108324352,20,0.09,13883991,3186501,,,,,,0.0,3,5096474,5096474,5096474,5159716,216.07619883936832,,,,,,0.0,2,33137,33137,33137,58938
python,shared,1,2,1,hotspot,tcp,3,passed,,1,2646445,29646848,1097789440,21,0.06,29720576,1106223104,22,0.06,30072832,1108324352,20,0.09,14629176,3264312,,,,,,0.0,3,4511293,4511293,4511293,5996205,205.06964985587706,,,,,,0.0,2,44178,44178,44178,58550
python,shared,1,2,1,hotspot,tcp,4,passed,,1,2807665,29663232,1097789440,21,0.05,29736960,1106223104,22,0.05,30056448,1108324352,20,0.09,19899533,2906882,,,,,,0.0,3,6233798,6233798,6233798,8712190,150.75730671669533,,,,,,0.0,3,48114,48114,48114,113004
python,shared,1,2,1,hotspot,tcp,5,passed,,1,2697708,29626368,1096740864,21,0.05,29708288,1106223104,22,0.05,29990912,1108324352,20,0.08,11861404,2609318,,,,,,0.0,3,3608161,3608161,3608161,5186128,252.92115503358625,,,,,,0.0,2,55318,55318,55318,115922
python,shared,1,2,1,hotspot,tcp,6,passed,,1,2743837,29630464,1097789440,21,0.05,29716480,1106223104,22,0.05,30134272,1108324352,20,0.08,14223227,2757605,,,,,,0.0,3,3615350,3615350,3615350,6688192,210.92259864797208,,,,,,0.0,2,121963,121963,121963,161516
python,shared,1,2,1,idle,tcp,0,passed,,1,2806805,29663232,1097789440,21,0.05,29736960,1106223104,22,0.05,29847552,1106223104,19,0.06,200564493,3591042,,,,,,0.0,,,,,,0.0,,,,,,0.0,39,32430,144571,157120,158742
python,shared,1,2,1,idle,tcp,1,passed,,1,2343771,29642752,1096740864,21,0.060000000000000005,29724672,1106223104,22,0.060000000000000005,29794304,1106223104,19,0.06999999999999999,200269278,4400061,,,,,,0.0,,,,,,0.0,,,,,,0.0,39,77061,151380,158197,162968
python,shared,1,2,1,idle,tcp,2,passed,,1,2617062,29667328,1096740864,21,0.06,29749248,1106223104,22,0.06,29855744,1106223104,19,0.07,200993302,3382025,,,,,,0.0,,,,,,0.0,,,,,,0.0,39,95888,180078,189451,258384
python,shared,1,2,1,idle,tcp,3,passed,,1,2957189,29589504,1096740864,21,0.05,29667328,1106223104,22,0.05,29741056,1106223104,19,0.06999999999999999,201051836,2832626,,,,,,0.0,,,,,,0.0,,,,,,0.0,38,173772,272247,282490,434913
python,shared,1,2,1,idle,tcp,4,passed,,1,3040259,29589504,1097789440,21,0.05,29659136,1106223104,22,0.05,29732864,1106223104,19,0.06,200962577,2952760,,,,,,0.0,,,,,,0.0,,,,,,0.0,39,50601,113288,128137,143627
python,shared,1,2,1,idle,tcp,5,passed,,1,2662861,29630464,1097789440,21,0.05,29700096,1106223104,22,0.05,29773824,1106223104,19,0.06,200256008,3323500,,,,,,0.0,,,,,,0.0,,,,,,0.0,38,171572,402266,439591,444699
python,shared,1,2,1,idle,tcp,6,passed,,1,2976093,29609984,1096740864,21,0.06,29683712,1106223104,22,0.06,29790208,1106223104,19,0.06,200448373,3184065,,,,,,0.0,,,,,,0.0,,,,,,0.0,39,15014,126313,164803,170050
python,shared,10,1,1,hotspot,tcp,0,passed,,10,16457139,30089216,1097789440,21,0.060000000000000005,30171136,1106223104,22,0.060000000000000005,30904320,1108459520,20,0.1,14688885,7375148,,,,,,0.0,30,1518906,3329793,4384854,6522925,2042.3606012301138,,,,,,0.0,2,116173,116173,116173,539877
python,shared,10,1,1,hotspot,tcp,1,passed,,10,18029696,29945856,1097789440,21,0.06,30031872,1106403328,22,0.06,30814208,1108504576,20,0.09,10645974,3285449,,,,,,0.0,30,1257561,2963417,3510633,3627663,2817.966679234798,,,,,,0.0,2,25685,25685,25685,329224
python,shared,10,1,1,hotspot,tcp,2,passed,,10,16079373,30232576,1097789440,21,0.06,30314496,1106223104,22,0.07,30986240,1108463616,20,0.09999999999999999,12123026,3262928,,,,,,0.0,30,1144933,3575799,3719964,4426447,2474.629684040932,,,,,,0.0,2,58827,58827,58827,81078
python,shared,10,1,1,hotspot,tcp,3,passed,,10,17847727,30179328,1097789440,21,0.06999999999999999,30265344,1106223104,22,0.06999999999999999,30924800,1108459520,20,0.11,13254595,2889256,,,,,,0.0,30,776279,4235380,4294787,4433370,2263.3660251407155,,,,,,0.0,2,96338,96338,96338,160767
python,shared,10,1,1,hotspot,tcp,4,passed,,10,15922844,30171136,1097789440,21,0.05,30253056,1106223104,22,0.06,31059968,1108467712,20,0.08,10747218,2776690,,,,,,0.0,30,595171,2695937,2767698,4973045,2791.420067965496,,,,,,0.0,2,39576,39576,39576,99739
python,shared,10,1,1,hotspot,tcp,5,passed,,10,16212234,30035968,1097789440,21,0.060000000000000005,30117888,1106223104,22,0.060000000000000005,30941184,1108467712,20,0.08,10621200,3107417,,,,,,0.0,30,827030,2130092,3260543,4919949,2824.539600045193,,,,,,0.0,2,97703,97703,97703,123960
python,shared,10,1,1,hotspot,tcp,6,passed,,10,16641614,30216192,1097789440,21,0.060000000000000005,30285824,1106223104,22,0.060000000000000005,31072256,1108471808,20,0.08,11712784,2863525,,,,,,0.0,30,864606,3628683,3742338,4047446,2561.303956429146,,,,,,0.0,2,152589,152589,152589,160555
python,shared,10,1,1,idle,tcp,0,passed,,10,15834700,30216192,1097789440,21,0.060000000000000005,30302208,1106223104,22,0.060000000000000005,30728192,1108324352,20,0.06999999999999999,200398804,3420611,,,,,,0.0,,,,,,0.0,,,,,,0.0,39,84464,147130,159677,240451
python,shared,10,1,1,idle,tcp,1,passed,,10,17863993,30191616,1097789440,21,0.060000000000000005,30269440,1106223104,22,0.060000000000000005,30720000,1106223104,20,0.06999999999999999,200418603,3968633,,,,,,0.0,,,,,,0.0,,,,,,0.0,38,153064,271204,274561,325322
python,shared,10,1,1,idle,tcp,2,passed,,10,16965941,30228480,1097789440,21,0.060000000000000005,30314496,1106223104,22,0.060000000000000005,30769152,1108324352,20,0.06999999999999999,200723340,4343974,,,,,,0.0,,,,,,0.0,,,,,,0.0,39,30911,90827,132532,144795
python,shared,10,1,1,idle,tcp,3,passed,,10,15970872,30175232,1097789440,21,0.05,30257152,1106223104,22,0.05,30363648,1108205568,20,0.06999999999999999,200752262,3658149,,,,,,0.0,,,,,,0.0,,,,,,0.0,38,185295,245099,282282,305761
python,shared,10,1,1,idle,tcp,4,passed,,10,15112511,30150656,1097789440,21,0.05,30232576,1106223104,22,0.05,30695424,1108324352,20,0.06,200206392,4526533,,,,,,0.0,,,,,,0.0,,,,,,0.0,39,11353,73947,79716,146653
python,shared,10,1,1,idle,tcp,5,passed,,10,16212569,30212096,1097789440,21,0.06,30294016,1106223104,22,0.06,30720000,1108324352,20,0.06,200281590,4146861,,,,,,0.0,,,,,,0.0,,,,,,0.0,39,89306,201492,207188,235731
python,shared,10,1,1,idle,tcp,6,passed,,10,15607177,30130176,1097789440,21,0.05,30199808,1106223104,22,0.05,30695424,1108324352,20,0.06,200190103,3632639,,,,,,0.0,,,,,,0.0,,,,,,0.0,39,16275,82435,86807,89455
python,shared,10,2,1,hotspot,tcp,0,passed,,10,16807302,30543872,1097789440,21,0.07,30633984,1106223104,22,0.07,31256576,1108324352,20,0.11,17518220,4123834,,,,,,0.0,30,1499266,3814336,6315896,6529470,1712.5027542752632,,,,,,0.0,3,197105,197105,197105,198004
python,shared,10,2,1,hotspot,tcp,1,passed,,10,16256362,30621696,1097789440,21,0.060000000000000005,30711808,1106223104,22,0.060000000000000005,31506432,1108475904,20,0.11,17584789,3664428,,,,,,0.0,30,1070320,4212596,6345178,6593114,1706.0199016320298,,,,,,0.0,3,178958,178958,178958,229951
python,shared,10,2,1,hotspot,tcp,2,passed,,10,16451456,30625792,1097789440,21,0.060000000000000005,30711808,1106223104,22,0.060000000000000005,31461376,1108324352,20,0.09000000000000001,15136406,3020804,,,,,,0.0,30,1456901,3465408,4437410,6908030,1981.976434828717,,,,,,0.0,3,117955,117955,117955,217672
python,shared,10,2,1,hotspot,tcp,3,passed,,10,19234226,30580736,1097789440,21,0.060000000000000005,30670848,1106223104,22,0.060000000000000005,31371264,1108324352,20,0.09000000000000001,11647503,3147490,,,,,,0.0,30,1276275,2467265,2647677,6013924,2575.659349476021,,,,,,0.0,2,271261,271261,271261,282687
python,shared,10,2,1,hotspot,tcp,4,passed,,10,16655498,30580736,1097789440,21,0.060000000000000005,30670848,1106223104,22,0.060000000000000005,31469568,1108467712,20,0.1,16057357,4116946,,,,,,0.0,30,995800,2758389,5691325,7121175,1868.3024858947833,,,,,,0.0,3,162614,162614,162614,176785
python,shared,10,2,1,hotspot,tcp,5,passed,,10,17439452,30625792,1097789440,21,0.060000000000000005,30711808,1106223104,22,0.060000000000000005,31375360,1108471808,20,0.09,14418282,3625576,,,,,,0.0,30,1447562,3306884,4121916,6172446,2080.6917218015296,,,,,,0.0,2,209373,209373,209373,233025
python,shared,10,2,1,hotspot,tcp,6,passed,,10,17051782,30625792,1097789440,21,0.05,30703616,1106223104,22,0.05,31453184,1108324352,20,0.08,10789883,3256009,,,,,,0.0,30,957641,3162676,3361015,3958107,2780.3823266665636,,,,,,0.0,2,19523,19523,19523,54266
python,shared,10,2,1,idle,tcp,0,passed,,10,17475246,30748672,1097789440,21,0.06,30834688,1106223104,22,0.06,31375360,1108324352,20,0.07,200506936,3786737,,,,,,0.0,,,,,,0.0,,,,,,0.0,39,84204,137968,176046,176756
python,shared,10,2,1,idle,tcp,1,passed,,10,16787421,30605312,1097789440,21,0.07,30695424,1106223104,22,0.07,31006720,1108324352,20,0.09,200988367,5630179,,,,,,0.0,,,,,,0.0,,,,,,0.0,39,92801,183758,189826,204241
python,shared,10,2,1,idle,tcp,2,passed,,10,18357714,30552064,1097789440,21,0.06999999999999999,30642176,1106223104,22,0.06999999999999999,31088640,1108324352,20,0.08,200610585,4952509,,,,,,0.0,,,,,,0.0,,,,,,0.0,38,128154,207895,252241,270143
python,shared,10,2,1,idle,tcp,3,passed,,10,16871144,30662656,1097789440,21,0.05,30748672,1106223104,22,0.06,31260672,1108324352,20,0.06999999999999999,200682455,3555624,,,,,,0.0,,,,,,0.0,,,,,,0.0,39,74420,200023,201320,237658
python,shared,10,2,1,idle,tcp,4,passed,,10,16830065,30613504,1097789440,21,0.05,30699520,1106223104,22,0.05,31191040,1108463616,20,0.06999999999999999,200645053,3181266,,,,,,0.0,,,,,,0.0,,,,,,0.0,39,46944,162535,287253,291781
python,shared,10,2,1,idle,tcp,5,passed,,10,16208570,30646272,1097789440,21,0.06,30732288,1106223104,22,0.06,31162368,1108324352,20,0.07,200652585,3822767,,,,,,0.0,,,,,,0.0,,,,,,0.0,38,228676,377877,396570,411669
python,shared,10,2,1,idle,tcp,6,passed,,10,17523751,30638080,1097789440,21,0.05,30728192,1106223104,22,0.060000000000000005,31092736,1106223104,20,0.060000000000000005,200781398,3255790,,,,,,0.0,,,,,,0.0,,,,,,0.0,39,117681,203388,205651,245595
python,shared,100,1,1,hotspot,tcp,0,passed,,100,150531500,36745216,1097789440,21,0.1,36876288,1106366464,22,0.1,39800832,1108701184,20,0.15,18197846,8669003,,,,,,0.0,300,3264700,4079414,4209410,6634788,16485.46756577674,,,,,,0.0,3,279738,279738,279738,542236
python,shared,100,1,1,hotspot,tcp,1,passed,,100,162980892,36773888,1097789440,21,0.11,36904960,1106366464,22,0.11,39616512,1108520960,20,0.18,24143635,9568069,,,,,,0.0,300,3945212,5855693,6065761,8280915,12425.635162228058,,,,,,0.0,4,73008,445178,445178,888007
python,shared,100,1,1,hotspot,tcp,2,passed,,100,174812701,36728832,1097789440,21,0.12000000000000001,36851712,1106366464,22,0.12000000000000001,39346176,1109164032,20,0.2,26619772,8115404,,,,,,0.0,300,3697320,4973119,5076347,9548788,11269.818539392449,,,,,,0.0,5,137682,343829,343829,469664
python,shared,100,1,1,hotspot,tcp,3,passed,,100,149622777,36675584,1097789440,21,0.09000000000000001,36798464,1106366464,22,0.1,38924288,1108680704,20,0.15,21796820,8212257,,,,,,0.0,300,4754743,5454286,5833043,7737866,13763.475589558477,,,,,,0.0,3,561828,561828,561828,2063225
python,shared,100,1,1,hotspot,tcp,4,passed,,100,148713607,36716544,1099792384,21,0.09000000000000001,36831232,1108406272,22,0.09000000000000001,39702528,1110532096,20,0.16,24530796,7052010,,,,,,0.0,300,4640945,5313323,5518720,8595191,12229.525694967257,,,,,,0.0,4,95260,179758,179758,1256971
python,shared,100,1,1,hotspot,tcp,5,passed,,100,157691281,36671488,1099792384,21,0.11,36777984,1108406272,22,0.11,38543360,1110523904,20,0.16999999999999998,25482662,6776646,,,,,,0.0,300,4901336,5672543,5855785,8392907,11772.710402076518,,,,,,0.0,4,224579,726280,726280,909325
python,shared,100,1,1,hotspot,tcp,6,passed,,100,154321952,36671488,1097789440,21,0.09000000000000001,36802560,1106366464,22,0.09000000000000001,38776832,1108533248,20,0.16,27281960,7187833,,,,,,0.0,300,5714055,7562746,8217794,10128537,10996.2773935597,,,,,,0.0,4,365178,1380835,1380835,1597944
python,shared,100,1,1,idle,tcp,0,passed,,100,154788482,36782080,1097789440,21,0.1,36913152,1106366464,22,0.1,40017920,1108996096,20,0.13,201064016,10657293,,,,,,0.0,,,,,,0.0,,,,,,0.0,39,110035,196292,201484,218731
python,shared,100,1,1,idle,tcp,1,passed,,100,159481365,36728832,1097789440,21,0.1,36851712,1106366464,22,0.1,41172992,1109938176,20,0.12,200582915,9645879,,,,,,0.0,,,,,,0.0,,,,,,0.0,39,44349,144495,157135,158055
python,shared,100,1,1,idle,tcp,2,passed,,100,157603918,36794368,1097932800,21,0.11,36892672,1106366464,22,0.11,41623552,1110568960,20,0.13,200116004,8120231,,,,,,0.0,,,,,,0.0,,,,,,0.0,39,49923,105408,146406,178776
python,shared,100,1,1,idle,tcp,3,passed,,100,159731974,36728832,1097789440,21,0.11,36859904,1106366464,22,0.11,41201664,1109823488,20,0.13,200797275,8418870,,,,,,0.0,,,,,,0.0,,,,,,0.0,38,172139,236920,239601,268393
python,shared,100,1,1,idle,tcp,4,passed,,100,149438594,36765696,1097789440,21,0.09000000000000001,36888576,1106366464,22,0.09000000000000001,42463232,1110532096,20,0.11,200071247,6348315,,,,,,0.0,,,,,,0.0,,,,,,0.0,39,127248,231710,234683,237318
python,shared,100,1,1,idle,tcp,5,passed,,100,169362150,36655104,1097789440,21,0.12,36777984,1106366464,22,0.12,41390080,1110921216,20,0.15,200062064,8502217,,,,,,0.0,,,,,,0.0,,,,,,0.0,39,80433,221898,277893,306599
python,shared,100,1,1,idle,tcp,6,passed,,100,149522567,36802560,1097789440,21,0.09000000000000001,36921344,1106366464,22,0.09000000000000001,41791488,1109958656,20,0.11,200861170,7754739,,,,,,0.0,,,,,,0.0,,,,,,0.0,39,28562,141532,152168,183134
python,shared,100,2,1,hotspot,tcp,0,passed,,100,167677215,39485440,1097789440,21,0.11,39616512,1106374656,22,0.11,42463232,1108623360,20,0.18,30320345,5853989,,,,,,0.0,300,5183944,7353529,7722750,13710366,9894.346518814347,,,,,,0.0,4,1100666,1961267,1961267,2832780
python,shared,100,2,1,hotspot,tcp,1,passed,,100,166585129,39653376,1097789440,21,0.1,39784448,1106362368,22,0.1,45232128,1111732224,20,0.18,25743193,7808267,,,,,,0.0,300,3357720,5872035,6226633,10786475,11653.566051421827,,,,,,0.0,4,257603,785833,785833,872107
python,shared,100,2,1,hotspot,tcp,2,passed,,100,162456994,39641088,1097789440,21,0.1,39755776,1106362368,22,0.1,42381312,1108852736,20,0.19,32143927,8223231,,,,,,0.0,300,4942882,5634666,6290483,13090143,9333.022688858147,,,,,,0.0,5,184776,906896,906896,1001535
python,shared,100,2,1,hotspot,tcp,3,passed,,100,156936404,39596032,1097789440,21,0.1,39727104,1106366464,22,0.1,45334528,1111883776,20,0.16999999999999998,24875864,9197955,,,,,,0.0,300,3605434,5044039,5105122,9513243,12059.882623574402,,,,,,0.0,4,125843,231753,231753,1058449
python,shared,100,2,1,hotspot,tcp,4,passed,,100,151342478,39645184,1097789440,21,0.1,39768064,1106366464,22,0.1,45461504,1111883776,20,0.16,21968098,6395233,,,,,,0.0,300,3821525,4000652,4126707,8847070,13656.166318995845,,,,,,0.0,4,50969,135477,135477,360126
python,shared,100,2,1,hotspot,tcp,5,passed,,100,158179261,39665664,1097932800,21,0.09000000000000001,39759872,1106366464,22,0.09000000000000001,43266048,1108652032,20,0.15,26429294,7476436,,,,,,0.0,300,5220389,6226758,7013124,8781858,11351.041007754502,,,,,,0.0,4,150614,592380,592380,2270441
python,shared,100,2,1,hotspot,tcp,6,passed,,100,160437971,39534592,1097789440,21,0.1,39661568,1106362368,22,0.1,42168320,1108656128,20,0.16999999999999998,26946392,8085868,,,,,,0.0,300,5531058,6034846,6313064,9718979,11133.215905120062,,,,,,0.0,4,315099,921663,921663,1975425
python,shared,100,2,1,idle,tcp,0,passed,,100,167351803,39596032,1097924608,21,0.09999999999999999,39702528,1106358272,22,0.09999999999999999,44634112,1110695936,20,0.12000000000000001,200429055,7933811,,,,,,0.0,,,,,,0.0,,,,,,0.0,38,206354,443003,456500,485146
python,shared,100,2,1,idle,tcp,1,passed,,100,160371876,39620608,1097789440,21,0.11,39743488,1106366464,22,0.11,44609536,1111273472,20,0.12000000000000001,200898681,6506275,,,,,,0.0,,,,,,0.0,,,,,,0.0,39,63330,168996,170751,204453
python,shared,100,2,1,idle,tcp,2,passed,,100,157145871,39579648,1097932800,21,0.11,39673856,1106366464,22,0.11,44883968,1110167552,20,0.13,200549096,8561483,,,,,,0.0,,,,,,0.0,,,,,,0.0,39,57263,151356,153024,183189
python,shared,100,2,1,idle,tcp,3,passed,,100,154009030,39616512,1097789440,21,0.09,39739392,1106362368,22,0.09,45465600,1110650880,20,0.12000000000000001,200233498,9017445,,,,,,0.0,,,,,,0.0,,,,,,0.0,38,155765,248847,253821,314562
python,shared,100,2,1,idle,tcp,4,passed,,100,152215144,39522304,1097789440,21,0.09000000000000001,39653376,1106378752,22,0.09000000000000001,44527616,1111363584,20,0.11,200174741,9041598,,,,,,0.0,,,,,,0.0,,,,,,0.0,38,128270,344214,393894,394476
python,shared,100,2,1,idle,tcp,5,passed,,100,164463822,39526400,1097789440,21,0.1,39653376,1106366464,22,0.1,43671552,1109811200,20,0.11,201156406,6433818,,,,,,0.0,,,,,,0.0,,,,,,0.0,38,156909,250450,286206,324960
python,shared,100,2,1,idle,tcp,6,passed,,100,162801937,39653376,1097789440,21,0.09000000000000001,39780352,1106362368,22,0.09000000000000001,42328064,1108627456,20,0.12,200626285,9409228,,,,,,0.0,,,,,,0.0,,,,,,0.0,38,246482,406073,410156,445355
python,shared,1000,1,1,hotspot,tcp,0,passed,,1000,1418506358,104517632,1100607488,21,0.42000000000000004,104652800,1109209088,22,0.42000000000000004,141058048,1142599680,20,0.81,132194008,43844440,,,,,,0.0,3000,27389674,41862493,42146933,48547575,22693.91816912004,,,,,,0.0,19,828231,4425195,4425195,6102731
python,shared,1000,1,1,hotspot,tcp,1,passed,,1000,1551269430,104431616,1100464128,21,0.5700000000000001,104562688,1109135360,22,0.5700000000000001,137474048,1139965952,20,0.98,135292797,53557094,,,,,,0.0,3000,34854475,39303864,39910866,43519262,22174.129491904878,,,,,,0.0,17,2025460,6622119,6622119,9213498
python,shared,1000,1,1,hotspot,tcp,2,passed,,1000,1564981233,104468480,1102569472,22,0.5700000000000001,104599552,1111240704,23,0.5700000000000001,151851008,1141153792,20,1.08,190303835,62265610,,,,,,0.0,3000,46259452,57865832,58496043,67819233,15764.264550948224,,,,,,0.0,26,818335,7788761,10093901,11469412
python,shared,1000,1,1,hotspot,tcp,3,passed,,1000,1453882281,104476672,1100464128,21,0.45,104603648,1109135360,22,0.45,135741440,1136889856,20,0.8300000000000001,124909674,45793324,,,,,,0.0,3000,25857534,29753511,30878756,41037917,24017.355132957917,,,,,,0.0,16,663069,6088248,6088248,14492112
python,shared,1000,1,1,hotspot,tcp,4,passed,,1000,1458666734,104443904,1100705792,21,0.47000000000000003,104534016,1109139456,22,0.47000000000000003,147300352,1144340480,20,0.8600000000000001,129523521,55219622,,,,,,0.0,3000,26981357,47373356,48234863,55975524,23161.816300531238,,,,,,0.0,18,553017,8200471,8200471,8544628
python,shared,1000,1,1,hotspot,tcp,5,passed,,1000,1500230274,104423424,1100779520,21,0.51,104525824,1109213184,22,0.51,144191488,1137074176,20,0.99,170125249,60005865,,,,,,0.0,3000,41963170,48440389,48919229,56083410,17634.066769242465,,,,,,0.0,22,1790373,7432390,9487501,9630060
python,shared,1000,1,1,hotspot,tcp,6,passed,,1000,1461316987,104427520,1100595200,21,0.47,104550400,1109213184,22,0.47,138166272,1137963008,20,0.8500000000000001,121512580,52585768,,,,,,0.0,3000,27592275,34824165,35606460,43047680,24688.80176850825,,,,,,0.0,15,2779119,5966745,5966745,7601476
python,shared,1000,1,1,idle,tcp,0,passed,,1000,1469077996,104361984,1100730368,21,0.46,104497152,1109331968,22,0.47,148914176,1140494336,20,0.59,200699310,46406984,,,,,,0.0,,,,,,0.0,,,,,,0.0,38,168349,281394,291826,341967
python,shared,1000,1,1,idle,tcp,1,passed,,1000,1437690601,104488960,1121009664,21,0.44,104591360,1129443328,22,0.44,124575744,1132740608,20,0.56,200615305,46474828,,,,,,0.0,,,,,,0.0,,,,,,0.0,38,142695,241950,257111,287849
python,shared,1000,1,1,idle,tcp,2,passed,,1000,1580615169,104472576,1100779520,21,0.5800000000000001,104579072,1109213184,22,0.5800000000000001,150200320,1141448704,20,0.71,200440842,50691076,,,,,,0.0,,,,,,0.0,,,,,,0.0,39,66605,175931,177538,196998
python,shared,1000,1,1,idle,tcp,3,passed,,1000,1469660789,104554496,1100779520,21,0.48000000000000004,104681472,1109213184,22,0.48000000000000004,156712960,1135521792,20,0.61,200135484,47051715,,,,,,0.0,,,,,,0.0,,,,,,0.0,39,35722,133491,158147,174278
python,shared,1000,1,1,idle,tcp,4,passed,,1000,1489351837,104390656,1102569472,22,0.5,104521728,1111240704,23,0.5,147607552,1135849472,20,0.62,200496724,47289483,,,,,,0.0,,,,,,0.0,,,,,,0.0,38,162372,239455,242840,246317
python,shared,1000,1,1,idle,tcp,5,passed,,1000,1478852151,104480768,1100697600,21,0.47,104595456,1109131264,22,0.47,147193856,1135247360,20,0.63,200382660,69114216,,,,,,0.0,,,,,,0.0,,,,,,0.0,39,66700,212599,227940,228688
python,shared,1000,1,1,idle,tcp,6,passed,,1000,1463923192,104255488,1100464128,21,0.46,104390656,1109131264,22,0.46,148320256,1135452160,20,0.5700000000000001,200365108,41214005,,,,,,0.0,,,,,,0.0,,,,,,0.0,38,138916,357783,430540,458787
python,shared,1000,2,1,hotspot,tcp,0,passed,,1000,1516113604,130375680,1167704064,21,0.53,130502656,1176272896,22,0.53,172728320,1212026880,20,0.97,162041712,42202225,,,,,,0.0,3000,41976995,52690920,53054037,59325108,18513.751570336408,,,,,,0.0,18,2265582,8850368,8850368,16532799
python,shared,1000,2,1,hotspot,tcp,1,passed,,1000,1531040970,130465792,1167577088,21,0.54,130600960,1176236032,22,0.54,169189376,1210183680,20,0.97,137382944,60094816,,,,,,0.0,3000,29134090,40230754,42522305,43093167,21836.771819360634,,,,,,0.0,17,1797146,6808027,6808027,9018141
python,shared,1000,2,1,hotspot,tcp,2,passed,,1000,1543362666,130441216,1167708160,21,0.56,130564096,1176285184,22,0.56,163033088,1205370880,20,0.95,118293246,59021264,,,,,,0.0,3000,26046797,30490012,30820424,40426388,25360.70402531688,,,,,,0.0,16,359592,5598433,5598433,6133401
python,shared,1000,2,1,hotspot,tcp,3,passed,,1000,1520306849,130375680,1167572992,21,0.54,130502656,1176231936,22,0.54,169541632,1211494400,20,0.96,145171207,49701451,,,,,,0.0,3000,26732285,45992483,46478997,59608593,20665.254922072803,,,,,,0.0,17,1533678,9389649,9389649,11368437
python,shared,1000,2,1,hotspot,tcp,4,passed,,1000,1486933376,130326528,1167708160,21,0.49,130453504,1176285184,22,0.49,170307584,1211772928,20,0.8900000000000001,124747126,42228063,,,,,,0.0,3000,27696870,33100852,33918479,42153581,24048.650227020058,,,,,,0.0,18,491447,5440761,5440761,6165208
python,shared,1000,2,1,hotspot,tcp,5,passed,,1000,1495962178,130420736,1167572992,21,0.51,130555904,1176236032,22,0.51,166928384,1204457472,20,0.9199999999999999,133972713,49710217,,,,,,0.0,3000,28058226,39562733,40988171,49444609,22392.6196075465,,,,,,0.0,16,1108169,8385008,8385008,15633293
python,shared,1000,2,1,hotspot,tcp,6,passed,,1000,1585371086,130461696,1167708160,21,0.59,130588672,1176285184,22,0.59,164913152,1205678080,20,1.0699999999999998,170217243,58378045,,,,,,0.0,3000,39320980,47910340,50113901,63183227,17624.536428427524,,,,,,0.0,20,1675436,8852257,8852257,9958303
python,shared,1000,2,1,idle,tcp,0,passed,,1000,1578993561,130519040,1167843328,21,0.5800000000000001,130646016,1176416256,22,0.5800000000000001,185098240,1204494336,20,0.73,201170206,54389042,,,,,,0.0,,,,,,0.0,,,,,,0.0,39,103190,233703,318830,351377
python,shared,1000,2,1,idle,tcp,1,passed,,1000,1517602163,130355200,1167867904,21,0.54,130486272,1176453120,22,0.54,172163072,1205895168,20,0.6499999999999999,200577132,47583970,,,,,,0.0,,,,,,0.0,,,,,,0.0,38,186186,229298,270592,279560
python,shared,1000,2,1,idle,tcp,2,passed,,1000,1557317359,130486272,1167712256,21,0.5700000000000001,130617344,1176289280,22,0.5700000000000001,177528832,1206972416,20,0.73,200871272,62552395,,,,,,0.0,,,,,,0.0,,,,,,0.0,39,91663,158274,166243,173047
python,shared,1000,2,1,idle,tcp,3,passed,,1000,1525191150,130408448,1167802368,21,0.54,130523136,1176236032,22,0.54,181907456,1208197120,20,0.6599999999999999,200947505,49402722,,,,,,0.0,,,,,,0.0,,,,,,0.0,39,45709,103960,108601,124709
python,shared,1000,2,1,idle,tcp,4,passed,,1000,1484324689,130424832,1167712256,21,0.49,130555904,1176289280,22,0.49,181927936,1208217600,20,0.61,200977548,46238985,,,,,,0.0,,,,,,0.0,,,,,,0.0,38,264790,402846,420992,428054
python,shared,1000,2,1,idle,tcp,5,passed,,1000,1563197893,130465792,1167577088,21,0.56,130592768,1176240128,22,0.56,172101632,1195323392,20,0.69,200547603,48109318,,,,,,0.0,,,,,,0.0,,,,,,0.0,38,143059,233991,236260,237605
python,shared,1000,2,1,idle,tcp,6,passed,,1000,1525376902,130424832,1167716352,21,0.54,130547712,1176293376,22,0.54,181051392,1207672832,20,0.6599999999999999,200841378,51493450,,,,,,0.0,,,,,,0.0,,,,,,0.0,39,41981,98666,104670,135326
