consumer,mode,clients,protocol,qos,scenario,transport,repetition,status,error,started_clients,startup_ns,connected_rss_bytes,connected_virtual_bytes,connected_threads,connected_cpu_seconds,idle_rss_bytes,idle_virtual_bytes,idle_threads,idle_cpu_seconds,after_teardown_rss_bytes,after_teardown_virtual_bytes,after_teardown_threads,after_teardown_cpu_seconds,elapsed_ns,teardown_ns,admission_ns_samples,admission_ns_p50_ns,admission_ns_p95_ns,admission_ns_p99_ns,admission_ns_max_ns,admission_ns_observations_per_second,completion_ns_samples,completion_ns_p50_ns,completion_ns_p95_ns,completion_ns_p99_ns,completion_ns_max_ns,completion_ns_observations_per_second,event_ns_samples,event_ns_p50_ns,event_ns_p95_ns,event_ns_p99_ns,event_ns_max_ns,event_ns_observations_per_second,loop_delay_ns_samples,loop_delay_ns_p50_ns,loop_delay_ns_p95_ns,loop_delay_ns_p99_ns,loop_delay_ns_max_ns
c,dedicated,1,1,0,idle,tcp,0,passed,,1,1705044,6209536,81489920,2,0.0,6209536,81489920,2,0.0,6332416,81489920,1,0.0,200104605,202206,,,,,,0.0,,,,,,0.0,,,,,,0.0,,,,,
c,dedicated,1,1,0,idle,tcp,1,passed,,1,1556204,6209536,81489920,2,0.0,6209536,81489920,2,0.0,6332416,81489920,1,0.0,200164371,206034,,,,,,0.0,,,,,,0.0,,,,,,0.0,,,,,
c,dedicated,1,1,0,idle,tcp,2,passed,,1,1728524,6213632,81489920,2,0.0,6213632,81489920,2,0.0,6336512,81489920,1,0.0,200059299,202927,,,,,,0.0,,,,,,0.0,,,,,,0.0,,,,,
c,dedicated,1,1,0,incoming,tcp,0,passed,,1,1686943,6262784,81489920,2,0.0,6262784,81489920,2,0.0,6324224,81489920,1,0.0,641681,269436,3,3691,3691,3691,24458,4675.220241833559,3,75287,75287,75287,173054,4675.220241833559,3,212366,212366,212366,300701,4675.220241833559,,,,,
c,dedicated,1,1,0,incoming,tcp,1,passed,,1,1623789,6279168,81489920,2,0.0,6279168,81489920,2,0.0,6340608,81489920,1,0.0,573817,197576,3,3806,3806,3806,12081,5228.147649860495,3,130711,130711,130711,245556,5228.147649860495,3,140831,140831,140831,301656,5228.147649860495,,,,,
c,dedicated,1,1,0,incoming,tcp,2,passed,,1,1646247,6258688,81489920,2,0.0,6258688,81489920,2,0.0,6320128,81489920,1,0.0,269966,112603,3,3058,3058,3058,18804,11112.510464280687,3,31335,31335,31335,96004,11112.510464280687,3,55798,55798,55798,167535,11112.510464280687,,,,,
c,dedicated,1,1,0,periodic,tcp,0,passed,,1,1745979,6209536,81489920,2,0.0,6209536,81489920,2,0.0,6397952,81489920,1,0.0,300855560,267493,3,57384,57384,57384,109621,9.971562433481369,3,229828,229828,229828,290378,9.971562433481369,,,,,,0.0,,,,,
c,dedicated,1,1,0,periodic,tcp,1,passed,,1,2089510,6213632,81489920,2,0.0,6213632,81489920,2,0.0,6402048,81489920,1,0.0,301104099,86338,3,13353,13353,13353,103420,9.963331651622584,3,207191,207191,207191,220345,9.963331651622584,,,,,,0.0,,,,,
c,dedicated,1,1,0,periodic,tcp,2,passed,,1,1599783,6168576,81489920,2,0.0,6168576,81489920,2,0.0,6356992,81489920,1,0.0,300669820,142588,3,13778,13778,13778,23611,9.977722406592054,3,206046,206046,206046,228273,9.977722406592054,,,,,,0.0,,,,,
c,dedicated,1,1,0,publish,tcp,0,passed,,1,1714778,6184960,81489920,2,0.0,6184960,81489920,2,0.0,6307840,81489920,1,0.0,805490,223884,3,9414,9414,9414,25621,3724.441023476393,3,265652,265652,265652,395642,3724.441023476393,,,,,,0.0,,,,,
c,dedicated,1,1,0,publish,tcp,1,passed,,1,1630437,6205440,81489920,2,0.0,6205440,81489920,2,0.0,6328320,81489920,1,0.0,371257,145289,3,19356,19356,19356,29741,8080.655718276019,3,121254,121254,121254,167555,8080.655718276019,,,,,,0.0,,,,,
c,dedicated,1,1,0,publish,tcp,2,passed,,1,1714755,6189056,81489920,2,0.0,6189056,81489920,2,0.0,6311936,81489920,1,0.0,186307,94090,3,6606,6606,6606,44457,16102.45455082203,3,52361,52361,52361,111482,16102.45455082203,,,,,,0.0,,,,,
c,dedicated,1,1,0,reconnect,tcp,0,passed,,1,1843098,6164480,81489920,2,0.0,6164480,81489920,2,0.0,6287360,81489920,1,0.0,1056452,209864,,,,,,0.0,,,,,,0.0,,,,,,0.0,,,,,
c,dedicated,1,1,0,reconnect,tcp,1,passed,,1,1528390,6184960,81489920,2,0.0,6184960,81489920,2,0.0,6307840,81489920,1,0.0,1009450,169410,,,,,,0.0,,,,,,0.0,,,,,,0.0,,,,,
c,dedicated,1,1,0,reconnect,tcp,2,passed,,1,1732090,6156288,81489920,2,0.0,6156288,81489920,2,0.0,6279168,81489920,1,0.0,764163,121272,,,,,,0.0,,,,,,0.0,,,,,,0.0,,,,,
c,dedicated,1,1,1,incoming,tcp,0,passed,,1,1659103,6266880,81489920,2,0.0,6266880,81489920,2,0.0,6328320,81489920,1,0.0,82773707,269377,3,14654,14654,14654,23795,36.243393086164424,3,41071128,41071128,41071128,41139153,36.243393086164424,3,41092965,41092965,41092965,41165412,36.243393086164424,,,,,
c,dedicated,1,1,1,incoming,tcp,1,passed,,1,1726329,6242304,81489920,2,0.0,6242304,81489920,2,0.0,6303744,81489920,1,0.0,81865169,197546,3,6564,6564,6564,16764,36.64562153411055,3,40518473,40518473,40518473,40930890,36.64562153411055,3,40542869,40542869,40542869,40959786,36.64562153411055,,,,,
c,dedicated,1,1,1,incoming,tcp,2,passed,,1,1974894,6275072,81489920,2,0.0,6275072,81489920,2,0.0,6336512,81489920,1,0.0,82083248,167945,3,6956,6956,6956,14433,36.54826134560367,3,40791477,40791477,40791477,40903699,36.54826134560367,3,40811446,40811446,40811446,40921928,36.54826134560367,,,,,
c,dedicated,1,1,1,periodic,tcp,0,passed,,1,2024194,6197248,81489920,2,0.0,6197248,81489920,2,0.0,6385664,81489920,1,0.0,301522994,162975,3,30927,30927,30927,42480,9.949489954984992,3,410388,410388,410388,542326,9.949489954984992,,,,,,0.0,,,,,
c,dedicated,1,1,1,periodic,tcp,1,passed,,1,1461438,6221824,81489920,2,0.0,6221824,81489920,2,0.0,6410240,81489920,1,0.0,301177085,107208,3,18892,18892,18892,29488,9.960917179339855,3,225876,225876,225876,229526,9.960917179339855,,,,,,0.0,,,,,
c,dedicated,1,1,1,periodic,tcp,2,passed,,1,1672101,6184960,81489920,2,0.0,6184960,81489920,2,0.0,6373376,81489920,1,0.0,301024884,93981,3,26920,26920,26920,74231,9.965953512334881,3,246438,246438,246438,365998,9.965953512334881,,,,,,0.0,,,,,
c,dedicated,1,1,1,publish,tcp,0,passed,,1,1576199,6180864,81489920,2,0.0,6180864,81489920,2,0.0,6303744,81489920,1,0.0,1251791,179414,3,9773,9773,9773,24711,2396.5661999487133,3,432636,432636,432636,473102,2396.5661999487133,,,,,,0.0,,,,,
c,dedicated,1,1,1,publish,tcp,1,passed,,1,1490670,6201344,81489920,2,0.0,6201344,81489920,2,0.0,6324224,81489920,1,0.0,310171,92146,3,6803,6803,6803,25241,9672.084108443407,3,42495,42495,42495,235756,9672.084108443407,,,,,,0.0,,,,,
c,dedicated,1,1,1,publish,tcp,2,passed,,1,1547228,6205440,81489920,2,0.0,6205440,81489920,2,0.0,6328320,81489920,1,0.0,561702,118927,3,5458,5458,5458,24624,5340.910304752342,3,197153,197153,197153,283672,5340.910304752342,,,,,,0.0,,,,,
c,dedicated,1,1,2,incoming,tcp,0,passed,,1,1638453,6275072,81489920,2,0.0,6275072,81489920,2,0.0,6336512,81489920,1,0.0,125348810,154630,3,7923,7923,7923,15937,23.933214842645892,3,42116753,42116753,42116753,42244693,23.933214842645892,3,42141136,42141136,42141136,42268987,23.933214842645892,,,,,
c,dedicated,1,1,2,incoming,tcp,1,passed,,1,1814722,6279168,81489920,2,0.0,6279168,81489920,2,0.0,6340608,81489920,1,0.0,122983295,102008,3,9148,9148,9148,17205,24.39355686477582,3,40977556,40977556,40977556,41177888,24.39355686477582,3,41001348,41001348,41001348,41201802,24.39355686477582,,,,,
c,dedicated,1,1,2,incoming,tcp,2,passed,,1,1588284,6225920,81489920,2,0.0,6225920,81489920,2,0.0,6287360,81489920,1,0.0,124976825,115948,3,14079,14079,14079,22226,24.004450425108814,3,41952340,41952340,41952340,42002747,24.004450425108814,3,41979087,41979087,41979087,42034524,24.004450425108814,,,,,
c,dedicated,1,1,2,periodic,tcp,0,passed,,1,1752527,6180864,81489920,2,0.0,6180864,81489920,2,0.0,6369280,81489920,1,0.0,302884228,287710,3,51605,51605,51605,51615,9.904774572811364,3,825526,825526,825526,849404,9.904774572811364,,,,,,0.0,,,,,
c,dedicated,1,1,2,periodic,tcp,1,passed,,1,1926099,6197248,81489920,2,0.0,6197248,81489920,2,0.0,6385664,81489920,1,0.0,302289766,295874,3,13232,13232,13232,80909,9.924252612640549,3,706102,706102,706102,787312,9.924252612640549,,,,,,0.0,,,,,
c,dedicated,1,1,2,periodic,tcp,2,passed,,1,1644824,6209536,81489920,2,0.0,6209536,81489920,2,0.0,6397952,81489920,1,0.0,301158662,166493,3,29399,29399,29399,47770,9.961526525841718,3,301159,301159,301159,438344,9.961526525841718,,,,,,0.0,,,,,
c,dedicated,1,1,2,publish,tcp,0,passed,,1,1593098,6184960,81489920,2,0.0,6184960,81489920,2,0.0,6307840,81489920,1,0.0,768621,92303,3,6280,6280,6280,23936,3903.093982600007,3,237089,237089,237089,326304,3903.093982600007,,,,,,0.0,,,,,
c,dedicated,1,1,2,publish,tcp,1,passed,,1,1611457,6217728,81489920,2,0.0,6217728,81489920,2,0.0,6340608,81489920,1,0.0,866936,147184,3,4376,4376,4376,21421,3460.4630560964133,3,174087,174087,174087,589731,3460.4630560964133,,,,,,0.0,,,,,
c,dedicated,1,1,2,publish,tcp,2,passed,,1,1574975,6213632,81489920,2,0.0,6213632,81489920,2,0.0,6336512,81489920,1,0.0,483814,107755,3,4443,4443,4443,27242,6200.73003261584,3,104341,104341,104341,301107,6200.73003261584,,,,,,0.0,,,,,
c,dedicated,1,2,0,idle,tcp,0,passed,,1,1588467,6402048,81629184,2,0.0,6402048,81629184,2,0.0,6516736,81629184,1,0.0,200124419,163607,,,,,,0.0,,,,,,0.0,,,,,,0.0,,,,,
c,dedicated,1,2,0,idle,tcp,1,passed,,1,1654692,6356992,81629184,2,0.0,6356992,81629184,2,0.0,6471680,81629184,1,0.0,200335829,354913,,,,,,0.0,,,,,,0.0,,,,,,0.0,,,,,
c,dedicated,1,2,0,idle,tcp,2,passed,,1,1853499,6361088,81629184,2,0.0,6361088,81629184,2,0.0,6475776,81629184,1,0.0,200042807,185790,,,,,,0.0,,,,,,0.0,,,,,,0.0,,,,,
c,dedicated,1,2,0,incoming,tcp,0,passed,,1,1742259,6475776,81629184,2,0.0,6475776,81629184,2,0.0,6529024,81629184,1,0.0,871902,73659,3,10761,10761,10761,22276,3440.753662682274,3,149651,149651,149651,360500,3440.753662682274,3,276664,276664,276664,400121,3440.753662682274,,,,,
c,dedicated,1,2,0,incoming,tcp,1,passed,,1,1746250,6463488,81629184,2,0.0,6463488,81629184,2,0.0,6516736,81629184,1,0.0,803591,82943,3,10158,10158,10158,18893,3733.2424081404597,3,99299,99299,99299,199888,3733.2424081404597,3,200075,200075,200075,409648,3733.2424081404597,,,,,
c,dedicated,1,2,0,incoming,tcp,2,passed,,1,1990007,6467584,81629184,2,0.0,6467584,81629184,2,0.0,6520832,81629184,1,0.0,1116036,131380,3,8579,8579,8579,21882,2688.085330580734,3,152091,152091,152091,313247,2688.085330580734,3,350210,350210,350210,568557,2688.085330580734,,,,,
c,dedicated,1,2,0,periodic,tcp,0,passed,,1,1722467,6406144,81629184,2,0.0,6406144,81629184,2,0.0,6586368,81629184,1,0.0,300362366,75723,3,25497,25497,25497,32850,9.98793570563364,3,91923,91923,91923,96085,9.98793570563364,,,,,,0.0,,,,,
c,dedicated,1,2,0,periodic,tcp,1,passed,,1,1751101,6369280,81629184,2,0.0,6369280,81629184,2,0.0,6549504,81629184,1,0.0,300890648,97014,3,27916,27916,27916,62949,9.970399611755298,3,171412,171412,171412,352207,9.970399611755298,,,,,,0.0,,,,,
c,dedicated,1,2,0,periodic,tcp,2,passed,,1,1642073,6373376,81629184,2,0.0,6373376,81629184,2,0.0,6553600,81629184,1,0.0,301016687,315212,3,52837,52837,52837,60181,9.966224895698224,3,228878,228878,228878,252458,9.966224895698224,,,,,,0.0,,,,,
c,dedicated,1,2,0,publish,tcp,0,passed,,1,1702150,6414336,81629184,2,0.0,6414336,81629184,2,0.0,6529024,81629184,1,0.0,790424,209702,3,23612,23612,23612,35386,3795.431312814388,3,255704,255704,255704,413431,3795.431312814388,,,,,,0.0,,,,,
c,dedicated,1,2,0,publish,tcp,1,passed,,1,1889772,6410240,81629184,2,0.0,6410240,81629184,2,0.0,6524928,81629184,1,0.0,492973,135482,3,9157,9157,9157,24826,6085.525982153181,3,148222,148222,148222,262597,6085.525982153181,,,,,,0.0,,,,,
c,dedicated,1,2,0,publish,tcp,2,passed,,1,1832276,6385664,81629184,2,0.0,6385664,81629184,2,0.0,6500352,81629184,1,0.0,354443,138346,3,4424,4424,4424,25434,8463.984335986323,3,108794,108794,108794,150221,8463.984335986323,,,,,,0.0,,,,,
c,dedicated,1,2,0,reconnect,tcp,0,passed,,1,1628069,6402048,81629184,2,0.0,6402048,81629184,2,0.0,6520832,81629184,1,0.0,760354,113022,,,,,,0.0,,,,,,0.0,,,,,,0.0,,,,,
c,dedicated,1,2,0,reconnect,tcp,1,passed,,1,1730477,6365184,81629184,2,0.0,6365184,81629184,2,0.0,6483968,81629184,1,0.0,981913,205257,,,,,,0.0,,,,,,0.0,,,,,,0.0,,,,,
c,dedicated,1,2,0,reconnect,tcp,2,passed,,1,1675331,6410240,81629184,2,0.0,6410240,81629184,2,0.0,6529024,81629184,1,0.0,742282,138700,,,,,,0.0,,,,,,0.0,,,,,,0.0,,,,,
c,dedicated,1,2,1,incoming,tcp,0,passed,,1,1676505,6479872,81629184,2,0.0,6479872,81629184,2,0.0,6533120,81629184,1,0.0,82414379,136855,3,8040,8040,8040,16435,36.401414855046106,3,41048864,41048864,41048864,41085442,36.401414855046106,3,41072535,41072535,41072535,41107474,36.401414855046106,,,,,
c,dedicated,1,2,1,incoming,tcp,1,passed,,1,1796704,6451200,81629184,2,0.0,6451200,81629184,2,0.0,6504448,81629184,1,0.0,82331180,262262,3,12188,12188,12188,23220,36.4381999626387,3,40754493,40754493,40754493,41013617,36.4381999626387,3,40780088,40780088,40780088,41046717,36.4381999626387,,,,,
c,dedicated,1,2,1,incoming,tcp,2,passed,,1,1743042,6451200,81629184,2,0.0,6451200,81629184,2,0.0,6504448,81629184,1,0.0,81706451,105166,3,11408,11408,11408,17745,36.71680709764276,3,40247779,40247779,40247779,41121617,36.71680709764276,3,40275051,40275051,40275051,41148979,36.71680709764276,,,,,
c,dedicated,1,2,1,periodic,tcp,0,passed,,1,1611909,6414336,81629184,2,0.0,6414336,81629184,2,0.0,6594560,81629184,1,0.0,300916207,101742,3,13751,13751,13751,41771,9.96955275326862,3,255246,255246,255246,408177,9.96955275326862,,,,,,0.0,,,,,
c,dedicated,1,2,1,periodic,tcp,1,passed,,1,1589566,6369280,81629184,2,0.0,6369280,81629184,2,0.0,6549504,81629184,1,0.0,301509137,191305,3,26681,26681,26681,42685,9.94994722166579,3,447316,447316,447316,488888,9.94994722166579,,,,,,0.0,,,,,
c,dedicated,1,2,1,periodic,tcp,2,passed,,1,1642084,6369280,81629184,2,0.0,6369280,81629184,2,0.0,6549504,81629184,1,0.0,301490202,174268,3,23611,23611,23611,68665,9.950572125060303,3,298064,298064,298064,445550,9.950572125060303,,,,,,0.0,,,,,
c,dedicated,1,2,1,publish,tcp,0,passed,,1,1535253,6402048,81629184,2,0.0,6402048,81629184,2,0.0,6516736,81629184,1,0.0,754314,102449,3,27660,27660,27660,30334,3977.1235851382844,3,299883,299883,299883,341366,3977.1235851382844,,,,,,0.0,,,,,
c,dedicated,1,2,1,publish,tcp,1,passed,,1,1542818,6410240,81629184,2,0.0,6410240,81629184,2,0.0,6524928,81629184,1,0.0,594912,101892,3,22447,22447,22447,29563,5042.762627077618,3,170582,170582,170582,283751,5042.762627077618,,,,,,0.0,,,,,
c,dedicated,1,2,1,publish,tcp,2,passed,,1,1682851,6381568,81629184,2,0.0,6381568,81629184,2,0.0,6496256,81629184,1,0.0,804045,98653,3,26012,26012,26012,31696,3731.134451429957,3,235530,235530,235530,385887,3731.134451429957,,,,,,0.0,,,,,
c,dedicated,1,2,2,incoming,tcp,0,passed,,1,1747978,6455296,81629184,2,0.0,6455296,81629184,2,0.0,6512640,81629184,1,0.0,123118053,168318,3,10109,10109,10109,24127,24.36685706847557,3,40963468,40963468,40963468,41128016,24.36685706847557,3,40992961,40992961,40992961,41157284,24.36685706847557,,,,,
c,dedicated,1,2,2,incoming,tcp,1,passed,,1,1888733,6471680,81629184,2,0.0,6471680,81629184,2,0.0,6529024,81629184,1,0.0,124379810,127950,3,10847,10847,10847,97002,24.119670226220798,3,41191304,41191304,41191304,42261700,24.119670226220798,3,41219799,41219799,41219799,42282580,24.119670226220798,,,,,
c,dedicated,1,2,2,incoming,tcp,2,passed,,1,2007509,6447104,81629184,2,0.0,6447104,81629184,2,0.0,6504448,81629184,1,0.0,123589949,195107,3,9465,9465,9465,18451,24.27381857726958,3,41080920,41080920,41080920,41480313,24.27381857726958,3,41125978,41125978,41125978,41509617,24.27381857726958,,,,,
c,dedicated,1,2,2,periodic,tcp,0,passed,,1,1740644,6406144,81629184,2,0.0,6406144,81629184,2,0.0,6586368,81629184,1,0.0,302531528,228944,3,22236,22236,22236,62852,9.916321845305326,3,629437,629437,629437,733435,9.916321845305326,,,,,,0.0,,,,,
c,dedicated,1,2,2,periodic,tcp,1,passed,,1,1990583,6406144,81629184,2,0.0,6406144,81629184,2,0.0,6586368,81629184,1,0.0,301215368,97800,3,50332,50332,50332,53005,9.959651195486147,3,288224,288224,288224,526236,9.959651195486147,,,,,,0.0,,,,,
c,dedicated,1,2,2,periodic,tcp,2,passed,,1,1664017,6381568,81629184,2,0.0,6381568,81629184,2,0.0,6561792,81629184,1,0.0,301486310,178843,3,30950,30950,30950,86617,9.950700580732837,3,387025,387025,387025,556597,9.950700580732837,,,,,,0.0,,,,,
c,dedicated,1,2,2,publish,tcp,0,passed,,1,1705144,6406144,81629184,2,0.0,6406144,81629184,2,0.0,6520832,81629184,1,0.0,1463889,123030,3,24166,24166,24166,35615,2049.335707830307,3,441491,441491,441491,615271,2049.335707830307,,,,,,0.0,,,,,
c,dedicated,1,2,2,publish,tcp,1,passed,,1,1697322,6361088,81629184,2,0.0,6361088,81629184,2,0.0,6475776,81629184,1,0.0,1162084,99243,3,12317,12317,12317,26081,2581.568974359857,3,435683,435683,435683,522938,2581.568974359857,,,,,,0.0,,,,,
c,dedicated,1,2,2,publish,tcp,2,passed,,1,1580995,6410240,81629184,2,0.0,6410240,81629184,2,0.0,6524928,81629184,1,0.0,856610,132583,3,14228,14228,14228,27152,3502.1771868178053,3,251960,251960,251960,500631,3502.1771868178053,,,,,,0.0,,,,,
c,dedicated,10,1,0,idle,tcp,0,passed,,10,13748207,7409664,704802816,11,0.0,7409664,704802816,11,0.0,7458816,704798720,1,0.0,200049937,918495,,,,,,0.0,,,,,,0.0,,,,,,0.0,,,,,
c,dedicated,10,1,0,idle,tcp,1,passed,,10,13472414,7385088,704802816,11,0.0,7385088,704802816,11,0.0,7434240,704798720,1,0.0,200025282,641186,,,,,,0.0,,,,,,0.0,,,,,,0.0,,,,,
c,dedicated,10,1,0,idle,tcp,2,passed,,10,13145198,7376896,704802816,11,0.0,7376896,704802816,11,0.0,7426048,704798720,1,0.0,200037665,981915,,,,,,0.0,,,,,,0.0,,,,,,0.0,,,,,
c,dedicated,10,1,0,incoming,tcp,0,passed,,10,13822626,7471104,704806912,11,0.0,7471104,704806912,11,0.0,7479296,704806912,1,0.0,926538,962901,3,5404,5404,5404,23586,3237.8596452600973,3,86630,86630,86630,120427,3237.8596452600973,30,211083,350040,362330,377183,32378.596452600974,,,,,
c,dedicated,10,1,0,incoming,tcp,1,passed,,10,13759047,7430144,704806912,11,0.0,7430144,704806912,11,0.0,7438336,704806912,1,0.0,1103867,1448195,3,5103,5103,5103,13920,2717.7187106780075,3,162140,162140,162140,257073,2717.7187106780075,30,342323,452314,462286,472359,27177.187106780075,,,,,
c,dedicated,10,1,0,incoming,tcp,2,passed,,10,14268030,7467008,704806912,11,0.0,7467008,704806912,11,0.0,7475200,704806912,1,0.0,1013598,1474921,3,4323,4323,4323,17719,2959.7532749669986,3,119499,119499,119499,241560,2959.7532749669986,30,231415,511913,519801,527640,29597.532749669987,,,,,
c,dedicated,10,1,0,periodic,tcp,0,passed,,10,13357396,7393280,704802816,11,0.0,7393280,704802816,11,0.0,7507968,704802816,1,0.0,300852976,1262131,30,3157,11750,13403,24559,99.7164807836237,30,135788,215282,218043,230499,99.7164807836237,,,,,,0.0,,,,,
c,dedicated,10,1,0,periodic,tcp,1,passed,,10,12751674,7385088,704802816,11,0.0,7385088,704802816,11,0.0,7499776,704802816,1,0.0,300841915,966009,30,3753,14680,15003,28800,99.72014704134561,30,174007,252965,256309,259257,99.72014704134561,,,,,,0.0,,,,,
c,dedicated,10,1,0,periodic,tcp,2,passed,,10,13297452,7405568,704802816,11,0.0,7405568,704802816,11,0.0,7520256,704802816,1,0.0,300673530,1099834,30,3199,15324,18005,40041,99.77599291829912,30,122036,175946,179146,181593,99.77599291829912,,,,,,0.0,,,,,
c,dedicated,10,1,0,publish,tcp,0,passed,,10,13124860,7376896,704802816,11,0.0,7376896,704802816,11,0.0,7426048,704802816,1,0.0,786527,1642191,30,2357,3553,7971,20879,38142.36510634727,30,287631,312927,313973,316676,38142.36510634727,,,,,,0.0,,,,,
c,dedicated,10,1,0,publish,tcp,1,passed,,10,13309329,7380992,704802816,11,0.0,7380992,704802816,11,0.0,7430144,704802816,1,0.0,456514,799243,30,1404,3454,4707,21690,65715.39974677666,30,78882,260124,263399,283516,65715.39974677666,,,,,,0.0,,,,,
c,dedicated,10,1,0,publish,tcp,2,passed,,10,13005260,7405568,704802816,11,0.0,7405568,704802816,11,0.0,7454720,704802816,1,0.0,640975,1095005,30,1914,4781,5115,26388,46803.69749210188,30,204066,229279,233683,244768,46803.69749210188,,,,,,0.0,,,,,
c,dedicated,10,1,0,reconnect,tcp,0,passed,,10,13219426,7401472,704802816,11,0.0,7401472,704802816,11,0.0,8032256,704798720,1,0.04,8628482,922253,,,,,,0.0,,,,,,0.0,,,,,,0.0,,,,,
c,dedicated,10,1,0,reconnect,tcp,1,passed,,10,12836289,7405568,704802816,11,0.0,7405568,704802816,11,0.0,8036352,704798720,1,0.03,7547624,709439,,,,,,0.0,,,,,,0.0,,,,,,0.0,,,,,
c,dedicated,10,1,0,reconnect,tcp,2,passed,,10,13605344,7352320,704802816,11,0.0,7352320,704802816,11,0.0,7983104,704798720,1,0.05,7439125,796911,,,,,,0.0,,,,,,0.0,,,,,,0.0,,,,,
c,dedicated,10,1,1,incoming,tcp,0,passed,,10,13581784,7471104,704806912,11,0.0,7471104,704806912,11,0.0,7479296,704806912,1,0.0,81968134,1327146,3,2141,2141,2141,14942,36.59958881093963,3,40407368,40407368,40407368,40896651,36.59958881093963,30,40447018,40968038,40975489,40982949,365.9958881093963,,,,,
c,dedicated,10,1,1,incoming,tcp,1,passed,,10,13934500,7438336,704806912,11,0.0,7438336,704806912,11,0.0,7446528,704806912,1,0.0,82064190,1586550,3,3774,3774,3774,31857,36.55674905217489,3,40393202,40393202,40393202,40789063,36.55674905217489,30,40466372,40859778,40867378,40876054,365.5674905217489,,,,,
c,dedicated,10,1,1,incoming,tcp,2,passed,,10,14011217,7467008,704806912,11,0.0,7467008,704806912,11,0.0,7475200,704806912,1,0.0,83896347,1086802,3,7075,7075,7075,15239,35.75841031552899,3,41311296,41311296,41311296,41951626,35.75841031552899,30,41366737,42034611,42043347,42051451,357.58410315528994,,,,,
c,dedicated,10,1,1,periodic,tcp,0,passed,,10,13198367,7401472,704802816,11,0.0,7401472,704802816,11,0.0,7516160,704802816,1,0.0,300995864,1053659,30,3189,13300,24374,24814,99.66914362650512,30,269629,303139,304644,306540,99.66914362650512,,,,,,0.0,,,,,
c,dedicated,10,1,1,periodic,tcp,1,passed,,10,13694427,7393280,704802816,11,0.0,7393280,704802816,11,0.0,7507968,704802816,1,0.0,301343892,1215852,30,4253,15982,17015,27661,99.55403376817075,30,364896,421637,425900,429728,99.55403376817075,,,,,,0.0,,,,,
c,dedicated,10,1,1,periodic,tcp,2,passed,,10,14371175,7401472,704802816,11,0.0,7401472,704802816,11,0.0,7516160,704802816,1,0.0,301718063,1182335,30,3753,14133,16511,127290,99.4305733694174,30,428084,555622,558863,571548,99.4305733694174,,,,,,0.0,,,,,
c,dedicated,10,1,1,publish,tcp,0,passed,,10,13079514,7389184,704802816,11,0.0,7389184,704802816,11,0.0,7438336,704802816,1,0.0,836796,990753,30,1288,3523,5914,33511,35851.031792694994,30,216463,378403,380933,384239,35851.031792694994,,,,,,0.0,,,,,
c,dedicated,10,1,1,publish,tcp,1,passed,,10,14084620,7389184,704802816,11,0.0,7389184,704802816,11,0.0,7438336,704802816,1,0.0,1092396,1355493,30,1408,4333,4580,38132,27462.568519108456,30,300748,416757,419629,422396,27462.568519108456,,,,,,0.0,,,,,
c,dedicated,10,1,1,publish,tcp,2,passed,,10,13460791,7401472,704802816,11,0.0,7401472,704802816,11,0.0,7450624,704802816,1,0.0,1072116,860661,30,1132,4229,5109,20921,27982.0467188252,30,243937,365247,368031,429977,27982.0467188252,,,,,,0.0,,,,,
c,dedicated,10,1,2,incoming,tcp,0,passed,,10,13254245,7471104,704806912,11,0.0,7471104,704806912,11,0.0,7479296,704806912,1,0.0,124473855,1273987,3,14628,14628,14628,15921,24.101446846006336,3,41343490,41343490,41343490,42027141,24.101446846006336,30,41400761,42139229,42149719,42160309,241.01446846006337,,,,,
c,dedicated,10,1,2,incoming,tcp,1,passed,,10,14555813,7471104,704806912,11,0.0,7471104,704806912,11,0.0,7479296,704806912,1,0.0,122881060,1526613,3,10570,10570,10570,14656,24.413851898738503,3,40849947,40849947,40849947,40865936,24.413851898738503,30,40921167,40961863,40969759,40977686,244.13851898738503,,,,,
c,dedicated,10,1,2,incoming,tcp,2,passed,,10,13788932,7462912,704806912,11,0.0,7462912,704806912,11,0.0,7471104,704806912,1,0.0,125059342,1202793,3,9123,9123,9123,15007,23.988611742415852,3,41867271,41867271,41867271,42010543,23.988611742415852,30,41942144,42103515,42112597,42121530,239.88611742415853,,,,,
c,dedicated,10,1,2,periodic,tcp,0,passed,,10,13799722,7380992,704802816,11,0.0,7380992,704802816,11,0.0,7495680,704802816,1,0.0,301596847,840214,30,3933,15207,25072,30364,99.47053591047654,30,393372,534196,538187,541310,99.47053591047654,,,,,,0.0,,,,,
c,dedicated,10,1,2,periodic,tcp,1,passed,,10,13175270,7409664,704802816,11,0.0,7409664,704802816,11,0.0,7524352,704802816,1,0.0,301140177,763051,30,4834,16618,18137,87426,99.62137997946385,30,266254,365224,367180,369067,99.62137997946385,,,,,,0.0,,,,,
c,dedicated,10,1,2,periodic,tcp,2,passed,,10,13794994,7393280,704802816,11,0.0,7393280,704802816,11,0.0,7507968,704802816,1,0.0,301634467,1085900,30,3775,30838,42613,102830,99.45812989601086,30,307616,625152,628793,631933,99.45812989601086,,,,,,0.0,,,,,
c,dedicated,10,1,2,publish,tcp,0,passed,,10,12973329,7372800,704802816,11,0.0,7372800,704802816,11,0.0,7421952,704802816,1,0.0,1100679,955733,30,1462,3561,4667,21117,27255.902947180784,30,222312,536507,537625,538028,27255.902947180784,,,,,,0.0,,,,,
c,dedicated,10,1,2,publish,tcp,1,passed,,10,12998897,7380992,704802816,11,0.0,7380992,704802816,11,0.0,7430144,704802816,1,0.0,1408038,1120217,30,1791,5918,9918,50942,21306.243155369386,30,329973,535822,539384,542253,21306.243155369386,,,,,,0.0,,,,,
c,dedicated,10,1,2,publish,tcp,2,passed,,10,14276071,7413760,704802816,11,0.0,7413760,704802816,11,0.0,7462912,704802816,1,0.0,1028914,695756,30,2026,4915,5209,29714,29156.955780560864,30,139792,379153,400838,424973,29156.955780560864,,,,,,0.0,,,,,
c,dedicated,10,2,0,idle,tcp,0,passed,,10,14952877,7970816,705384448,11,0.0,7970816,705384448,11,0.0,7942144,705384448,1,0.0,200116642,1133366,,,,,,0.0,,,,,,0.0,,,,,,0.0,,,,,
c,dedicated,10,2,0,idle,tcp,1,passed,,10,13576059,7970816,705384448,11,0.0,7970816,705384448,11,0.0,7942144,705384448,1,0.0,200058382,1444751,,,,,,0.0,,,,,,0.0,,,,,,0.0,,,,,
c,dedicated,10,2,0,idle,tcp,2,passed,,10,13889885,7917568,705384448,11,0.0,7917568,705384448,11,0.0,7888896,705384448,1,0.0,200060616,1081896,,,,,,0.0,,,,,,0.0,,,,,,0.0,,,,,
c,dedicated,10,2,0,incoming,tcp,0,passed,,10,14196030,7999488,705400832,11,0.0,7999488,705400832,11,0.0,7909376,705400832,1,0.0,635524,1602257,3,7082,7082,7082,18670,4720.514095455089,3,30759,30759,30759,91813,4720.514095455089,30,135090,280248,291279,302059,47205.14095455089,,,,,
c,dedicated,10,2,0,incoming,tcp,1,passed,,10,13906268,8044544,705400832,11,0.0,8044544,705400832,11,0.0,7954432,705400832,1,0.0,1075405,1108531,3,2661,2661,2661,18217,2789.6466912465535,3,120863,120863,120863,128583,2789.6466912465535,30,275888,468873,476652,484013,27896.466912465537,,,,,
c,dedicated,10,2,0,incoming,tcp,2,passed,,10,15170586,8044544,705400832,11,0.0,8044544,705400832,11,0.0,7954432,705400832,1,0.0,1429906,1684970,3,6461,6461,6461,36816,2098.0400110217033,3,229450,229450,229450,353110,2098.0400110217033,30,404364,545415,555208,565571,20980.400110217037,,,,,
c,dedicated,10,2,0,periodic,tcp,0,passed,,10,13531591,7958528,705384448,11,0.0,7958528,705384448,11,0.0,7999488,705384448,1,0.0,301321150,1013907,30,4119,15249,23434,69396,99.56154753823287,30,180192,355048,370198,381631,99.56154753823287,,,,,,0.0,,,,,
c,dedicated,10,2,0,periodic,tcp,1,passed,,10,14263397,7942144,705384448,11,0.0,7942144,705384448,11,0.0,7983104,705384448,1,0.0,301025261,1424115,30,3311,11153,28490,66290,99.65941031108349,30,224176,262028,271110,298568,99.65941031108349,,,,,,0.0,,,,,
c,dedicated,10,2,0,periodic,tcp,2,passed,,10,13742392,7979008,705384448,11,0.0,7979008,705384448,11,0.0,8019968,705384448,1,0.0,300784289,893455,30,4351,15917,16557,50698,99.73925200594503,30,149667,169093,172589,188104,99.73925200594503,,,,,,0.0,,,,,
c,dedicated,10,2,0,publish,tcp,0,passed,,10,14535414,7954432,705384448,11,0.0,7954432,705384448,11,0.0,7929856,705384448,1,0.0,561105,838125,30,1801,5188,14392,27302,53465.92883684872,30,119233,199394,201948,203321,53465.92883684872,,,,,,0.0,,,,,
c,dedicated,10,2,0,publish,tcp,1,passed,,10,13908834,7966720,705384448,11,0.0,7966720,705384448,11,0.0,7942144,705384448,1,0.0,563952,1446568,30,1525,4629,6013,34490,53196.016682270834,30,150903,179001,179277,211840,53196.016682270834,,,,,,0.0,,,,,
c,dedicated,10,2,0,publish,tcp,2,passed,,10,13986296,7974912,705384448,11,0.0,7974912,705384448,11,0.0,7950336,705384448,1,0.0,507795,1101048,30,1538,5057,5369,51878,59078.95902874191,30,132317,147490,150718,153959,59078.95902874191,,,,,,0.0,,,,,
c,dedicated,10,2,0,reconnect,tcp,0,passed,,10,13243196,7950336,705384448,11,0.0,7950336,705384448,11,0.0,8552448,705384448,1,0.04,8016436,1553282,,,,,,0.0,,,,,,0.0,,,,,,0.0,,,,,
c,dedicated,10,2,0,reconnect,tcp,1,passed,,10,12737580,7970816,705384448,11,0.0,7970816,705384448,11,0.0,8572928,705384448,1,0.05,7800590,960792,,,,,,0.0,,,,,,0.0,,,,,,0.0,,,,,
c,dedicated,10,2,0,reconnect,tcp,2,passed,,10,13755331,7966720,705384448,11,0.0,7966720,705384448,11,0.0,8568832,705384448,1,0.05,8155598,1168285,,,,,,0.0,,,,,,0.0,,,,,,0.0,,,,,
c,dedicated,10,2,1,incoming,tcp,0,passed,,10,14357829,7991296,705400832,11,0.0,7991296,705400832,11,0.0,7901184,705400832,1,0.0,83625596,1026673,3,11861,11861,11861,21766,35.8741837845915,3,40892428,40892428,40892428,41919906,35.8741837845915,30,40961536,42036287,42047567,42058716,358.74183784591503,,,,,
c,dedicated,10,2,1,incoming,tcp,1,passed,,10,15382580,8028160,705400832,11,0.0,8028160,705400832,11,0.0,7938048,705400832,1,0.0,82693716,1842578,3,5313,5313,5313,15100,36.278451920095115,3,40646135,40646135,40646135,41163565,36.278451920095115,30,40701130,41260178,41270403,41280570,362.78451920095114,,,,,
c,dedicated,10,2,1,incoming,tcp,2,passed,,10,14440646,8052736,705400832,11,0.0,8052736,705400832,11,0.0,7962624,705400832,1,0.0,81917451,970950,3,15584,15584,15584,19301,36.622233277253706,3,40220507,40220507,40220507,40915286,36.622233277253706,30,40305967,41031234,41042799,41058776,366.2223327725371,,,,,
c,dedicated,10,2,1,periodic,tcp,0,passed,,10,13940640,7954432,705384448,11,0.0,7954432,705384448,11,0.0,7995392,705384448,1,0.0,301337558,1102514,30,4522,13637,16505,35226,99.55612635581258,30,315325,384999,394560,410184,99.55612635581258,,,,,,0.0,,,,,
c,dedicated,10,2,1,periodic,tcp,1,passed,,10,13031758,7921664,705384448,11,0.0,7921664,705384448,11,0.0,7962624,705384448,1,0.0,301410225,1442409,30,3767,22675,28265,68847,99.53212436638472,30,311256,385273,390811,396487,99.53212436638472,,,,,,0.0,,,,,
c,dedicated,10,2,1,periodic,tcp,2,passed,,10,13600576,7921664,705384448,11,0.0,7921664,705384448,11,0.0,7962624,705384448,1,0.0,301474621,986932,30,3420,60296,66529,112903,99.51086396755102,30,284050,462502,467515,526987,99.51086396755102,,,,,,0.0,,,,,
c,dedicated,10,2,1,publish,tcp,0,passed,,10,14359484,7942144,705384448,11,0.0,7942144,705384448,11,0.0,7917568,705384448,1,0.0,685478,914903,30,1267,3719,3903,27455,43765.080717397206,30,178674,240735,243919,247257,43765.080717397206,,,,,,0.0,,,,,
c,dedicated,10,2,1,publish,tcp,1,passed,,10,13895260,7970816,705384448,11,0.0,7970816,705384448,11,0.0,7946240,705384448,1,0.0,907013,801209,30,1822,5037,5388,26678,33075.60090097937,30,255005,347410,352245,376967,33075.60090097937,,,,,,0.0,,,,,
c,dedicated,10,2,1,publish,tcp,2,passed,,10,13496929,7979008,705384448,11,0.0,7979008,705384448,11,0.0,7954432,705384448,1,0.0,969766,1214648,30,2292,3767,6909,42135,30935.297793488327,30,227673,368259,369524,369795,30935.297793488327,,,,,,0.0,,,,,
c,dedicated,10,2,2,incoming,tcp,0,passed,,10,13940209,8048640,705400832,11,0.0,8048640,705400832,11,0.0,7958528,705400832,1,0.0,122792940,1038834,3,9424,9424,9424,23755,24.431372031649378,3,40859173,40859173,40859173,40946472,24.431372031649378,30,40916119,41027703,41035825,41043838,244.31372031649377,,,,,
c,dedicated,10,2,2,incoming,tcp,1,passed,,10,14296581,8048640,705400832,11,0.0,8048640,705400832,11,0.0,7958528,705400832,1,0.0,123719962,1460993,3,9935,9935,9935,57290,24.248310066567917,3,40974014,40974014,40974014,41665641,24.248310066567917,30,41041981,41737923,41745547,41753124,242.48310066567916,,,,,
c,dedicated,10,2,2,incoming,tcp,2,passed,,10,13414216,8048640,705400832,11,0.0,8048640,705400832,11,0.0,7958528,705400832,1,0.0,122762111,1550510,3,9812,9812,9812,41755,24.43750743256606,3,40921782,40921782,40921782,41020359,24.43750743256606,30,41001427,41138732,41149740,41162317,244.37507432566062,,,,,
c,dedicated,10,2,2,periodic,tcp,0,passed,,10,13547857,7958528,705384448,11,0.0,7958528,705384448,11,0.0,8015872,705384448,1,0.0,301555184,1145013,30,3388,12042,24322,39403,99.48427880450565,30,340271,552408,555062,557610,99.48427880450565,,,,,,0.0,,,,,
c,dedicated,10,2,2,periodic,tcp,1,passed,,10,13073593,7966720,705384448,11,0.0,7966720,705384448,11,0.0,8024064,705384448,1,0.0,302116697,1150022,30,2459,10503,36173,55504,99.2993776838491,30,542331,701321,705534,708420,99.2993776838491,,,,,,0.0,,,,,
c,dedicated,10,2,2,periodic,tcp,2,passed,,10,15006445,7970816,705384448,11,0.0,7970816,705384448,11,0.0,8028160,705384448,1,0.0,301517872,1335957,30,4146,15839,25048,27359,99.49658970795602,30,308790,344064,358894,404954,99.49658970795602,,,,,,0.0,,,,,
c,dedicated,10,2,2,publish,tcp,0,passed,,10,13806075,7913472,705384448,11,0.0,7913472,705384448,11,0.0,7905280,705384448,1,0.0,1031770,944084,30,1426,3762,4991,21321,29076.247613324675,30,248681,410304,411844,412690,29076.247613324675,,,,,,0.0,,,,,
c,dedicated,10,2,2,publish,tcp,1,passed,,10,13052413,7970816,705384448,11,0.0,7970816,705384448,11,0.0,7962624,705384448,1,0.0,953752,983631,30,1883,4979,5875,25860,31454.717788272003,30,216826,458519,462043,465327,31454.717788272003,,,,,,0.0,,,,,
c,dedicated,10,2,2,publish,tcp,2,passed,,10,13325744,7950336,705384448,11,0.0,7950336,705384448,11,0.0,7942144,705384448,1,0.0,992452,809621,30,1561,4459,6043,23174,30228.1621680444,30,303145,312026,313290,314584,30228.1621680444,,,,,,0.0,,,,,
c,dedicated,100,1,0,idle,tcp,0,passed,,100,163447115,19017728,1233690624,101,0.01,19017728,1233690624,101,0.01,13938688,1063489536,1,0.03,200020458,9165244,,,,,,0.0,,,,,,0.0,,,,,,0.0,,,,,
c,dedicated,100,1,0,idle,tcp,1,passed,,100,144530028,19021824,1233690624,101,0.01,19021824,1233690624,101,0.01,13774848,1063489536,1,0.02,200025988,5902498,,,,,,0.0,,,,,,0.0,,,,,,0.0,,,,,
c,dedicated,100,1,0,idle,tcp,2,passed,,100,158033576,19013632,1233690624,101,0.02,19013632,1233690624,101,0.02,13766656,1063489536,1,0.02,200060416,6668249,,,,,,0.0,,,,,,0.0,,,,,,0.0,,,,,
c,dedicated,100,1,0,incoming,tcp,0,passed,,100,156801177,19324928,1233846272,101,0.01,19324928,1233846272,101,0.01,16592896,1063628800,1,0.02,4020424,5364461,3,10413,10413,10413,83170,746.189954094394,3,66742,66742,66742,270292,746.189954094394,300,829105,1444034,1570160,1600971,74618.9954094394,,,,,
c,dedicated,100,1,0,incoming,tcp,1,passed,,100,156334275,19329024,1233846272,101,0.02,19329024,1233846272,101,0.02,16592896,1063628800,1,0.03,3628810,6914492,3,6793,6793,6793,13310,826.7172985083264,3,101608,101608,101608,231173,826.7172985083264,300,729611,1499984,1631549,1664421,82671.72985083263,,,,,
c,dedicated,100,1,0,incoming,tcp,2,passed,,100,156621637,19308544,1233870848,101,0.02,19308544,1233870848,101,0.02,16584704,1063628800,1,0.04,3869682,8027329,3,9043,9043,9043,17603,775.257501779216,3,104594,104594,104594,155873,775.257501779216,300,764285,1316091,1458243,1491313,77525.7501779216,,,,,
c,dedicated,100,1,0,periodic,tcp,0,passed,,100,156931980,19021824,1233690624,101,0.01,19021824,1233690624,101,0.01,16117760,1063624704,1,0.03,302346792,8998968,300,3938,9030,15658,46029,992.2380787159137,300,256058,522425,569964,597474,992.2380787159137,,,,,,0.0,,,,,
c,dedicated,100,1,0,periodic,tcp,1,passed,,100,152269126,19021824,1233690624,101,0.01,19021824,1233690624,101,0.01,15605760,1063624704,1,0.03,302189118,7748049,300,3691,12189,43645,91428,992.755801352185,300,237181,482986,505676,577041,992.755801352185,,,,,,0.0,,,,,
c,dedicated,100,1,0,periodic,tcp,2,passed,,100,156955679,18980864,1233690624,101,0.02,18980864,1233690624,101,0.02,16117760,1063624704,1,0.04,302064826,8372800,300,3860,12524,26539,118025,993.1642951370975,300,227170,488439,527218,597260,993.1642951370975,,,,,,0.0,,,,,
c,dedicated,100,1,0,publish,tcp,0,passed,,100,159410032,18980864,1233690624,101,0.01,18980864,1233690624,101,0.01,15814656,1063624704,1,0.03,1437105,6230124,300,2417,7023,12292,35581,208753.01387163778,300,188440,435743,469400,510708,208753.01387163778,,,,,,0.0,,,,,
c,dedicated,100,1,0,publish,tcp,1,passed,,100,155612905,19030016,1233690624,101,0.01,19030016,1233690624,101,0.01,15495168,1063624704,1,0.02,1287080,5897243,300,2264,5819,17824,25917,233085.74447586786,300,175659,393400,422951,446483,233085.74447586786,,,,,,0.0,,,,,
c,dedicated,100,1,0,publish,tcp,2,passed,,100,169747012,18984960,1233690624,101,0.02,18984960,1233690624,101,0.02,15634432,1063624704,1,0.03,1268100,5686932,300,2253,6873,12923,34035,236574.4026496333,300,183346,434660,473395,502649,236574.4026496333,,,,,,0.0,,,,,
c,dedicated,100,1,0,reconnect,tcp,0,passed,,100,162294730,19013632,1233690624,101,0.01,19013632,1233690624,101,0.01,14573568,1063518208,1,0.42000000000000004,77824106,11026980,,,,,,0.0,,,,,,0.0,,,,,,0.0,,,,,
c,dedicated,100,1,0,reconnect,tcp,1,passed,,100,150920711,18997248,1233690624,101,0.02,18997248,1233690624,101,0.02,14704640,1063518208,1,0.37,75657191,10451782,,,,,,0.0,,,,,,0.0,,,,,,0.0,,,,,
c,dedicated,100,1,0,reconnect,tcp,2,passed,,100,159998463,19025920,1233690624,101,0.02,19025920,1233690624,101,0.02,15208448,1063518208,1,0.4,86284288,8675674,,,,,,0.0,,,,,,0.0,,,,,,0.0,,,,,
c,dedicated,100,1,1,incoming,tcp,0,passed,,100,166025344,19304448,1233846272,101,0.02,19304448,1233846272,101,0.02,16568320,1063628800,1,0.03,85342172,8850897,3,7028,7028,7028,22369,35.1526089586752,3,40700158,40700158,40700158,41213963,35.1526089586752,300,41099820,41868881,41958378,41980787,3515.26089586752,,,,,
c,dedicated,100,1,1,incoming,tcp,1,passed,,100,152349095,19312640,1233846272,101,0.01,19312640,1233846272,101,0.01,16576512,1063628800,1,0.04,85483117,8708795,3,14686,14686,14686,14792,35.09464915744708,3,40798647,40798647,40798647,41350717,35.09464915744708,300,41233269,42026728,42121197,42144829,3509.464915744708,,,,,
c,dedicated,100,1,1,incoming,tcp,2,passed,,100,162505068,19333120,1233846272,101,0.02,19333120,1233846272,101,0.02,16596992,1063628800,1,0.04,85607781,9858327,3,12395,12395,12395,27158,35.043543530231204,3,40885883,40885883,40885883,41136241,35.043543530231204,300,41231098,41856343,41955185,41983548,3504.3543530231204,,,,,
c,dedicated,100,1,1,periodic,tcp,0,passed,,100,149821682,19009536,1233690624,101,0.01,19009536,1233690624,101,0.01,16146432,1063624704,1,0.04,303473752,8129441,300,3694,10780,28519,97917,988.5533691889109,300,566298,675287,701764,709622,988.5533691889109,,,,,,0.0,,,,,
c,dedicated,100,1,1,periodic,tcp,1,passed,,100,145729138,18997248,1233690624,101,0.01,18997248,1233690624,101,0.01,16318464,1063624704,1,0.03,303725714,6472630,300,3916,9263,16642,37640,987.7332941260285,300,513308,865755,885430,895642,987.7332941260285,,,,,,0.0,,,,,
c,dedicated,100,1,1,periodic,tcp,2,passed,,100,161173257,19001344,1233690624,101,0.02,19001344,1233690624,101,0.02,16015360,1063624704,1,0.04,303787407,8957538,300,4249,9365,20784,125644,987.5327057253562,300,554602,797612,812386,821411,987.5327057253562,,,,,,0.0,,,,,
c,dedicated,100,1,1,publish,tcp,0,passed,,100,160176396,19013632,1233690624,101,0.01,19013632,1233690624,101,0.01,15663104,1063624704,1,0.03,2410989,6190308,300,2347,6630,15216,20618,124430.26492447704,300,463247,621225,652669,663465,124430.26492447704,,,,,,0.0,,,,,
c,dedicated,100,1,1,publish,tcp,1,passed,,100,141524321,19001344,1233690624,101,0.01,19001344,1233690624,101,0.01,15650816,1063624704,1,0.02,2845939,6978305,300,1938,5819,16140,22086,105413.36268978358,300,499340,766331,814923,836606,105413.36268978358,,,,,,0.0,,,,,
c,dedicated,100,1,1,publish,tcp,2,passed,,100,175066025,18997248,1233690624,101,0.02,18997248,1233690624,101,0.02,15831040,1063624704,1,0.03,2148661,8399827,300,2128,8094,14875,22598,139621.83890339147,300,373110,509495,530308,556265,139621.83890339147,,,,,,0.0,,,,,
c,dedicated,100,1,2,incoming,tcp,0,passed,,100,155173560,19341312,1233846272,101,0.02,19341312,1233846272,101,0.02,16605184,1063628800,1,0.03,127536750,8087780,3,11866,11866,11866,75196,23.522631712035942,3,42158561,42158561,42158561,42165011,23.522631712035942,300,42392042,42921635,42968348,42995766,2352.263171203594,,,,,
c,dedicated,100,1,2,incoming,tcp,1,passed,,100,153716327,19353600,1233846272,101,0.01,19353600,1233846272,101,0.01,16629760,1063628800,1,0.03,125932942,7866852,3,5910,5910,5910,19595,23.822202136753067,3,41067832,41067832,41067832,41414520,23.822202136753067,300,41589683,42084722,42178763,42201231,2382.2202136753067,,,,,
c,dedicated,100,1,2,incoming,tcp,2,passed,,100,166740295,19341312,1233870848,101,0.02,19341312,1233870848,101,0.02,16609280,1063628800,1,0.04,126607005,8221137,3,8742,8742,8742,24504,23.695371358006614,3,41116080,41116080,41116080,41822406,23.695371358006614,300,41696001,42739681,42870348,42901635,2369.5371358006614,,,,,
c,dedicated,100,1,2,periodic,tcp,0,passed,,100,155794173,18997248,1233690624,101,0.01,18997248,1233690624,101,0.01,16437248,1063624704,1,0.04,305090991,5702203,300,3412,11235,22133,70898,983.3132044203822,300,1240007,1578062,1608347,1615720,983.3132044203822,,,,,,0.0,,,,,
c,dedicated,100,1,2,periodic,tcp,1,passed,,100,150098574,19021824,1233690624,101,0.01,19021824,1233690624,101,0.01,16400384,1063624704,1,0.04,304979227,7042100,300,3735,10623,35787,68187,983.6735536089479,300,1070974,1212212,1238544,1245951,983.6735536089479,,,,,,0.0,,,,,
c,dedicated,100,1,2,periodic,tcp,2,passed,,100,170206760,18993152,1233690624,101,0.02,18993152,1233690624,101,0.02,16183296,1063624704,1,0.04,304875902,8507799,300,4185,10015,19619,38222,984.0069288257489,300,929188,1564846,1640992,1648926,984.0069288257489,,,,,,0.0,,,,,
c,dedicated,100,1,2,publish,tcp,0,passed,,100,161506304,19005440,1233690624,101,0.01,19005440,1233690624,101,0.01,15941632,1063624704,1,0.03,3894107,5989117,300,2352,7708,15731,28845,77039.48556113122,300,963234,1125670,1166511,1174988,77039.48556113122,,,,,,0.0,,,,,
c,dedicated,100,1,2,publish,tcp,1,passed,,100,139419561,19030016,1233690624,101,0.01,19030016,1233690624,101,0.01,16207872,1063624704,1,0.03,3853065,6857163,300,2256,6672,13113,31429,77860.09319853155,300,917225,1285912,1311976,1315984,77860.09319853155,,,,,,0.0,,,,,
c,dedicated,100,1,2,publish,tcp,2,passed,,100,158185431,19013632,1233690624,101,0.01,19013632,1233690624,101,0.01,15953920,1063624704,1,0.04,3640348,8860063,300,2490,6650,18784,58917,82409.70368766942,300,695046,1201152,1238572,1243060,82409.70368766942,,,,,,0.0,,,,,
c,dedicated,100,2,0,idle,tcp,0,passed,,100,146721807,22667264,1239142400,101,0.01,22667264,1239142400,101,0.01,16412672,1068941312,1,0.02,200010085,6482556,,,,,,0.0,,,,,,0.0,,,,,,0.0,,,,,
c,dedicated,100,2,0,idle,tcp,1,passed,,100,156017469,22622208,1239240704,101,0.01,22622208,1239240704,101,0.01,16601088,1069039616,1,0.02,200063116,7000621,,,,,,0.0,,,,,,0.0,,,,,,0.0,,,,,
c,dedicated,100,2,0,idle,tcp,2,passed,,100,159326940,22630400,1239146496,101,0.01,22630400,1239146496,101,0.01,17215488,1068945408,1,0.03,200019544,7711345,,,,,,0.0,,,,,,0.0,,,,,,0.0,,,,,
c,dedicated,100,2,0,incoming,tcp,0,passed,,100,175475592,23187456,1239416832,101,0.02,23187456,1239416832,101,0.02,19718144,1069215744,1,0.03,3725365,7084072,3,11086,11086,11086,16308,805.2902198844945,3,109152,109152,109152,236821,805.2902198844945,300,787064,1340010,1464274,1495663,80529.02198844946,,,,,
c,dedicated,100,2,0,incoming,tcp,1,passed,,100,165240371,23220224,1239416832,101,0.02,23220224,1239416832,101,0.02,19734528,1069215744,1,0.03,3293552,6687260,3,4144,4144,4144,30255,910.8706952250943,3,113163,113163,113163,238217,910.8706952250943,300,701828,1165021,1265719,1288815,91087.06952250944,,,,,
c,dedicated,100,2,0,incoming,tcp,2,passed,,100,166761259,23203840,1239425024,101,0.02,23203840,1239425024,101,0.02,19718144,1069072384,1,0.03,4230501,9136810,3,9320,9320,9320,28334,709.1358683049597,3,93589,93589,93589,237673,709.1358683049597,300,852953,1609231,1754298,1789762,70913.58683049596,,,,,
c,dedicated,100,2,0,periodic,tcp,0,passed,,100,159035219,22622208,1239187456,101,0.01,22622208,1239187456,101,0.01,19722240,1069244416,1,0.03,302292762,7980432,300,3706,10865,24049,126240,992.4154254146515,300,242887,579780,624356,647773,992.4154254146515,,,,,,0.0,,,,,
c,dedicated,100,2,0,periodic,tcp,1,passed,,100,152576584,22650880,1239146496,101,0.01,22650880,1239146496,101,0.01,19738624,1069215744,1,0.03,302225177,7962865,300,4007,12451,55879,108624,992.6373539686933,300,277721,514702,545208,653119,992.6373539686933,,,,,,0.0,,,,,
c,dedicated,100,2,0,periodic,tcp,2,passed,,100,151964301,22634496,1239187456,101,0.01,22634496,1239187456,101,0.01,19742720,1069244416,1,0.04,302023761,8854463,300,4272,11854,26684,38269,993.2993318363451,300,271442,510644,544241,588902,993.2993318363451,,,,,,0.0,,,,,
c,dedicated,100,2,0,publish,tcp,0,passed,,100,149165522,22650880,1239240704,101,0.01,22650880,1239240704,101,0.01,19668992,1069174784,1,0.03,1521604,6946145,300,1935,9810,21707,109661,197160.36498326765,300,158459,609064,649220,690919,197160.36498326765,,,,,,0.0,,,,,
c,dedicated,100,2,0,publish,tcp,1,passed,,100,146588328,22634496,1239142400,101,0.01,22634496,1239142400,101,0.01,19664896,1069211648,1,0.03,1355493,6245181,300,2210,9644,17412,22154,221321.68886154337,300,184516,470541,506343,533182,221321.68886154337,,,,,,0.0,,,,,
c,dedicated,100,2,0,publish,tcp,2,passed,,100,152572907,22650880,1239187456,101,0.02,22650880,1239187456,101,0.02,19685376,1069244416,1,0.03,1485222,7126519,300,2540,7406,15544,28581,201990.00553452616,300,201616,529963,564344,591574,201990.00553452616,,,,,,0.0,,,,,
c,dedicated,100,2,0,reconnect,tcp,0,passed,,100,155413774,22626304,1239187456,101,0.01,22626304,1239187456,101,0.01,19558400,1069056000,1,0.34,77090094,10184803,,,,,,0.0,,,,,,0.0,,,,,,0.0,,,,,
c,dedicated,100,2,0,reconnect,tcp,1,passed,,100,155748355,22630400,1239187456,101,0.01,22630400,1239187456,101,0.01,19714048,1069060096,1,0.37,75953874,10426465,,,,,,0.0,,,,,,0.0,,,,,,0.0,,,,,
c,dedicated,100,2,0,reconnect,tcp,2,passed,,100,171440627,22654976,1239187456,101,0.02,22654976,1239187456,101,0.02,19894272,1069060096,1,0.45,81677580,9453156,,,,,,0.0,,,,,,0.0,,,,,,0.0,,,,,
c,dedicated,100,2,1,incoming,tcp,0,passed,,100,163971450,23207936,1239416832,101,0.01,23207936,1239416832,101,0.01,19742720,1069215744,1,0.04,85767647,8754156,3,17074,17074,17074,24247,34.978224364718784,3,40799910,40799910,40799910,41281834,34.978224364718784,300,41228871,41991287,42086719,42110670,3497.8224364718785,,,,,
c,dedicated,100,2,1,incoming,tcp,1,passed,,100,173539615,23171072,1239416832,101,0.02,23171072,1239416832,101,0.02,19697664,1069215744,1,0.04,86786169,8371313,3,7255,7255,7255,13201,34.56772011678497,3,41287109,41287109,41287109,42156974,34.56772011678497,300,41710511,42815850,42906826,42929792,3456.7720116784967,,,,,
c,dedicated,100,2,1,incoming,tcp,2,passed,,100,160239072,23191552,1239416832,101,0.02,23191552,1239416832,101,0.02,19722240,1069215744,1,0.03,86017764,9836109,3,15442,15442,15442,17152,34.876516901787866,3,40609576,40609576,40609576,41426873,34.876516901787866,300,41216878,42512468,42680357,42721882,3487.651690178787,,,,,
c,dedicated,100,2,1,periodic,tcp,0,passed,,100,146583508,22638592,1239142400,101,0.01,22638592,1239142400,101,0.01,19791872,1069211648,1,0.04,304129288,8387275,300,4484,9598,20771,165511,986.422590118976,300,716936,1147137,1192170,1206644,986.422590118976,,,,,,0.0,,,,,
c,dedicated,100,2,1,periodic,tcp,1,passed,,100,158074671,22646784,1239187456,101,0.01,22646784,1239187456,101,0.01,19812352,1069248512,1,0.04,304366832,6546266,300,4468,11919,22955,113060,985.6527336723733,300,577946,774887,802815,811915,985.6527336723733,,,,,,0.0,,,,,
c,dedicated,100,2,1,periodic,tcp,2,passed,,100,165212058,22618112,1239187456,101,0.02,22618112,1239187456,101,0.02,19800064,1069248512,1,0.05,304227014,9120954,300,4146,11742,32120,58321,986.1057243259798,300,794561,1057685,1110967,1136595,986.1057243259798,,,,,,0.0,,,,,
c,dedicated,100,2,1,publish,tcp,0,passed,,100,157298548,22622208,1239187456,101,0.01,22622208,1239187456,101,0.01,19746816,1069248512,1,0.04,3153789,7407862,300,2579,8807,17776,32192,95123.6750461112,300,583104,831986,864252,888315,95123.6750461112,,,,,,0.0,,,,,
c,dedicated,100,2,1,publish,tcp,1,passed,,100,156984164,22650880,1239142400,101,0.01,22650880,1239142400,101,0.01,19726336,1069211648,1,0.03,2981435,8403588,300,2419,11799,18628,34638,100622.68672635828,300,507355,798936,870042,906731,100622.68672635828,,,,,,0.0,,,,,
c,dedicated,100,2,1,publish,tcp,2,passed,,100,151120171,22659072,1239187456,101,0.02,22659072,1239187456,101,0.02,19755008,1069248512,1,0.04,2416276,6752825,300,2444,7053,17485,116032,124158.00181767315,300,488702,818256,867107,876411,124158.00181767315,,,,,,0.0,,,,,
c,dedicated,100,2,2,incoming,tcp,0,passed,,100,159568070,23166976,1239425024,101,0.01,23166976,1239425024,101,0.01,19685376,1069072384,1,0.04,126977333,9061686,3,6939,6939,6939,21103,23.626264067146536,3,41410885,41410885,41410885,41867258,23.626264067146536,300,41937924,42556787,42655046,42677797,2362.6264067146535,,,,,
c,dedicated,100,2,2,incoming,tcp,1,passed,,100,169111270,23199744,1239416832,101,0.03,23199744,1239416832,101,0.03,19738624,1069215744,1,0.04,126179744,8786149,3,7007,7007,7007,173008,23.77560696271503,3,41166128,41166128,41166128,41429279,23.77560696271503,300,41667849,42109258,42202673,42225983,2377.560696271503,,,,,
c,dedicated,100,2,2,incoming,tcp,2,passed,,100,165144192,23224320,1239416832,101,0.03,23224320,1239416832,101,0.03,19746816,1069215744,1,0.05,126754894,9646524,3,14836,14836,14836,18261,23.667725208306354,3,41208452,41208452,41208452,41915518,23.667725208306354,300,41813332,42612280,42705472,42728500,2366.7725208306356,,,,,
c,dedicated,100,2,2,periodic,tcp,0,passed,,100,159297759,22585344,1239187456,101,0.01,22585344,1239187456,101,0.01,19877888,1069248512,1,0.04,305718918,7052175,300,4554,14295,31601,58282,981.2935423250451,300,1157727,1434784,1459902,1466942,981.2935423250451,,,,,,0.0,,,,,
c,dedicated,100,2,2,periodic,tcp,1,passed,,100,167069893,22601728,1239187456,101,0.02,22601728,1239187456,101,0.02,19894272,1069248512,1,0.05,305637338,8378160,300,4516,10919,21091,70894,981.5554668912866,300,1122351,1443216,1477253,1484292,981.5554668912866,,,,,,0.0,,,,,
c,dedicated,100,2,2,periodic,tcp,2,passed,,100,166902917,22659072,1239187456,101,0.02,22659072,1239187456,101,0.02,19931136,1069248512,1,0.05,304932745,9023629,300,4982,10375,18012,56863,983.8234985226004,300,1094196,1348274,1415070,1430384,983.8234985226004,,,,,,0.0,,,,,
c,dedicated,100,2,2,publish,tcp,0,passed,,100,151174603,22638592,1239187456,101,0.01,22638592,1239187456,101,0.01,19857408,1069248512,1,0.04,3549567,6623138,300,2586,7746,19295,23868,84517.35098957141,300,765674,1160279,1184316,1189591,84517.35098957141,,,,,,0.0,,,,,
c,dedicated,100,2,2,publish,tcp,1,passed,,100,162476650,22646784,1239187456,101,0.02,22646784,1239187456,101,0.02,19857408,1069248512,1,0.04,4656842,6152574,300,2396,9880,17136,165806,64421.33961169393,300,1006157,1298385,1336073,1344332,64421.33961169393,,,,,,0.0,,,,,
c,dedicated,100,2,2,publish,tcp,2,passed,,100,154533773,22634496,1239187456,101,0.02,22634496,1239187456,101,0.02,19845120,1069248512,1,0.04,4989941,8196468,300,4050,9912,15805,29586,60120.951329885465,300,1081542,1425047,1476370,1484257,60120.951329885465,,,,,,0.0,,,,,
c,dedicated,1000,1,0,idle,tcp,0,passed,,1000,1309837895,134930432,3167186944,1001,0.2,134930432,3167186944,1001,0.2,57765888,1105842176,1,0.24,200021411,46582592,,,,,,0.0,,,,,,0.0,,,,,,0.0,,,,,
c,dedicated,1000,1,0,idle,tcp,1,passed,,1000,1324891360,134995968,3167105024,1001,0.21,134995968,3167105024,1001,0.21,57810944,1105780736,1,0.26,200033107,53231030,,,,,,0.0,,,,,,0.0,,,,,,0.0,,,,,
c,dedicated,1000,1,0,idle,tcp,2,passed,,1000,1359819126,134946816,3167145984,1001,0.25,134946816,3167145984,1001,0.25,54558720,1105821696,1,0.3,200017625,62867085,,,,,,0.0,,,,,,0.0,,,,,,0.0,,,,,
c,dedicated,1000,1,0,incoming,tcp,0,passed,,1000,1345287114,137654272,3168198656,1001,0.22000000000000003,137654272,3168198656,1001,0.22000000000000003,106000384,1106874368,1,0.36,33622745,65445978,3,11092,11092,11092,14594,89.22531458987064,3,139149,139149,139149,150611,89.22531458987064,3000,6118359,10805543,11520844,11844361,89225.31458987064,,,,,
c,dedicated,1000,1,0,incoming,tcp,1,passed,,1000,1398134940,137502720,3168198656,1001,0.26,137502720,3168198656,1001,0.26,105746432,1106874368,1,0.4,28652767,70821597,3,12515,12515,12515,17892,104.70192983456013,3,119965,119965,119965,155982,104.70192983456013,3000,4933633,9818466,11147341,11479430,104701.92983456013,,,,,
c,dedicated,1000,1,0,incoming,tcp,2,passed,,1000,1422004178,137584640,3168198656,1001,0.26,137584640,3168198656,1001,0.26,105906176,1106874368,1,0.4,31022534,66931255,3,10920,10920,10920,14839,96.70389917213082,3,181270,181270,181270,289303,96.70389917213082,3000,5464583,10246630,11037325,11370532,96703.89917213081,,,,,
c,dedicated,1000,1,0,periodic,tcp,0,passed,,1000,1319328544,134987776,3167100928,1001,0.2,134987776,3167100928,1001,0.2,89948160,1107939328,1,0.35,313434875,73462045,3000,3463,5947,10702,123460,9571.366300575199,3000,2011429,3790287,4239630,4424499,9571.366300575199,,,,,,0.0,,,,,
c,dedicated,1000,1,0,periodic,tcp,1,passed,,1000,1341376847,135000064,3167145984,1001,0.22000000000000003,135000064,3167145984,1001,0.22000000000000003,79851520,1107849216,1,0.38,312101913,75627806,3000,3344,6068,11312,31195,9612.244831065806,3000,1853471,3540010,3807738,3888096,9612.244831065806,,,,,,0.0,,,,,
c,dedicated,1000,1,0,periodic,tcp,2,passed,,1000,1329297365,134955008,3167105024,1001,0.22000000000000003,134955008,3167105024,1001,0.22000000000000003,83152896,1107943424,1,0.37,313490849,77601469,3000,3615,6631,10638,48167,9569.65732674385,3000,2052009,3853971,4251104,4435373,9569.65732674385,,,,,,0.0,,,,,
c,dedicated,1000,1,0,publish,tcp,0,passed,,1000,1317692783,134914048,3167186944,1001,0.2,134914048,3167186944,1001,0.2,86396928,1107890176,1,0.33,10703495,69224415,3000,3055,4962,7239,35535,280282.28162857087,3000,1784167,3395449,3862672,3997068,280282.28162857087,,,,,,0.0,,,,,
c,dedicated,1000,1,0,publish,tcp,1,passed,,1000,1357609724,134942720,3167092736,1001,0.24,134942720,3167092736,1001,0.24,86425600,1107931136,1,0.37,11767420,73074592,3000,3341,5591,9383,33077,254941.18506860468,3000,1874442,3817633,4368014,4510006,254941.18506860468,,,,,,0.0,,,,,
c,dedicated,1000,1,0,publish,tcp,2,passed,,1000,1383452129,134860800,3167186944,1001,0.25,134860800,3167186944,1001,0.25,82984960,1107890176,1,0.4,13075483,77549895,3000,3656,5798,9189,30813,229437.03112152722,3000,2163090,3824285,4202393,4370052,229437.03112152722,,,,,,0.0,,,,,
c,dedicated,1000,1,0,reconnect,tcp,0,passed,,1000,1320729883,134950912,3167105024,1001,0.19,134950912,3167105024,1001,0.19,73838592,1105801216,1,5.42,2548768145,76212236,,,,,,0.0,,,,,,0.0,,,,,,0.0,,,,,
c,dedicated,1000,1,0,reconnect,tcp,1,passed,,1000,1382860442,134975488,3167105024,1001,0.25,134975488,3167105024,1001,0.25,73891840,1105842176,1,4.36,3487394679,86377368,,,,,,0.0,,,,,,0.0,,,,,,0.0,,,,,
c,dedicated,1000,1,0,reconnect,tcp,2,passed,,1000,1339761075,134860800,3167092736,1001,0.22000000000000003,134860800,3167092736,1001,0.22000000000000003,82890752,1105862656,1,8.83,2354763789,77147474,,,,,,0.0,,,,,,0.0,,,,,,0.0,,,,,
c,dedicated,1000,1,1,incoming,tcp,0,passed,,1000,1350365578,137682944,3168325632,1001,0.23,137682944,3168325632,1001,0.23,105955328,1106944000,1,0.36,116548410,68824401,3,11685,11685,11685,18939,25.740376895746582,3,41030888,41030888,41030888,41985135,25.740376895746582,3000,43877315,49421541,49895464,50037606,25740.376895746584,,,,,
c,dedicated,1000,1,1,incoming,tcp,1,passed,,1000,1418094768,137527296,3168198656,1001,0.28,137527296,3168198656,1001,0.28,105889792,1106874368,1,0.42,111024585,72120891,3,12402,12402,12402,16747,27.02104223132201,3,40549316,40549316,40549316,41026086,27.02104223132201,3000,42838879,48345722,49207594,49450785,27021.042231322008,,,,,
c,dedicated,1000,1,1,incoming,tcp,2,passed,,1000,1360444901,137584640,3168325632,1001,0.25,137584640,3168325632,1001,0.25,105869312,1106944000,1,0.37,111853064,68920345,3,11899,11899,11899,15072,26.820901392562657,3,41032818,41032818,41032818,41319958,26.820901392562657,3000,43212104,48554775,49083188,49316930,26820.901392562657,,,,,
c,dedicated,1000,1,1,periodic,tcp,0,passed,,1000,1325104795,134930432,3167166464,1001,0.22,134930432,3167166464,1001,0.22,83173376,1107869696,1,0.44,328844512,80025751,3000,4125,6878,12302,69052,9122.852565652669,3000,3671020,6346398,6737451,6792939,9122.852565652669,,,,,,0.0,,,,,
c,dedicated,1000,1,1,periodic,tcp,1,passed,,1000,1344095140,134991872,3167166464,1001,0.22999999999999998,134991872,3167166464,1001,0.22999999999999998,82923520,1107517440,1,0.45,324756277,81280633,3000,3925,6554,11885,56046,9237.69673588172,3000,3284797,4274054,4556387,4672388,9237.69673588172,,,,,,0.0,,,,,
c,dedicated,1000,1,1,periodic,tcp,2,passed,,1000,1354002544,134959104,3167105024,1001,0.24,134959104,3167105024,1001,0.24,89878528,1107808256,1,0.44,329310136,75729364,3000,3826,7025,11609,195139,9109.953420929625,3000,3707297,7271485,7612693,7703992,9109.953420929625,,,,,,0.0,,,,,
c,dedicated,1000,1,1,publish,tcp,0,passed,,1000,1306241361,134963200,3167223808,1001,0.19,134963200,3167223808,1001,0.19,82870272,1107517440,1,0.39,28808828,72351779,3000,3856,6257,11073,38487,104134.74647424047,3000,3562388,5916686,6072204,6356466,104134.74647424047,,,,,,0.0,,,,,
c,dedicated,1000,1,1,publish,tcp,1,passed,,1000,1337120488,135004160,3167223808,1001,0.23,135004160,3167223808,1001,0.23,83136512,1107927040,1,0.45999999999999996,26526705,84504931,3000,4009,6537,9979,24490,113093.57871624087,3000,3534575,4693713,5470358,5603348,113093.57871624087,,,,,,0.0,,,,,
c,dedicated,1000,1,1,publish,tcp,2,passed,,1000,1344862337,134930432,3167162368,1001,0.22000000000000003,134930432,3167162368,1001,0.22000000000000003,89866240,1107865600,1,0.43,21667344,75968620,3000,3808,6251,11194,72113,138457.21007614039,3000,2744550,4019600,4415213,4577063,138457.21007614039,,,,,,0.0,,,,,
c,dedicated,1000,1,2,incoming,tcp,0,passed,,1000,1362448690,137621504,3168239616,1001,0.23,137621504,3168239616,1001,0.23,105996288,1106915328,1,0.36,149768045,69281762,3,10026,10026,10026,18937,20.03097523240021,3,41203550,41203550,41203550,41563879,20.03097523240021,3000,45772430,49579838,50602592,50848819,20030.975232400207,,,,,
c,dedicated,1000,1,2,incoming,tcp,1,passed,,1000,1373173528,137658368,3168198656,1001,0.25,137658368,3168198656,1001,0.25,105992192,1106874368,1,0.37,148360828,62096497,3,9293,9293,9293,13202,20.22097099646815,3,41052312,41052312,41052312,42144681,20.22097099646815,3000,45462091,49093082,50060831,50299104,20220.97099646815,,,,,
c,dedicated,1000,1,2,incoming,tcp,2,passed,,1000,1365790564,137666560,3168239616,1001,0.24,137666560,3168239616,1001,0.24,105967616,1106915328,1,0.37,146845325,67209236,3,9117,9117,9117,15552,20.42965957547508,3,41099086,41099086,41099086,41147656,20.42965957547508,3000,45038248,48562216,48919018,49050211,20429.659575475078,,,,,
c,dedicated,1000,1,2,periodic,tcp,0,passed,,1000,1308555281,134942720,3167105024,1001,0.19,134942720,3167105024,1001,0.19,83382272,1107808256,1,0.47,340699776,71677633,3000,3864,6506,10676,77973,8805.4064350192,3000,8329430,9357480,9518742,9551634,8805.4064350192,,,,,,0.0,,,,,
c,dedicated,1000,1,2,periodic,tcp,1,passed,,1000,1327726152,134955008,3167105024,1001,0.22000000000000003,134955008,3167105024,1001,0.22000000000000003,86728704,1107808256,1,0.51,353351497,81495349,3000,3806,6740,12143,30576,8490.12958900808,3000,10961239,15235165,15873280,15983266,8490.12958900808,,,,,,0.0,,,,,
c,dedicated,1000,1,2,periodic,tcp,2,passed,,1000,1317402537,134909952,3167137792,1001,0.21000000000000002,134909952,3167137792,1001,0.21000000000000002,86663168,1107841024,1,0.47,340306267,72151394,3000,3654,6132,10550,76848,8815.588459321556,3000,8312202,9899298,10079736,10124210,8815.588459321556,,,,,,0.0,,,,,
c,dedicated,1000,1,2,publish,tcp,0,passed,,1000,1326619135,134955008,3167186944,1001,0.21000000000000002,134955008,3167186944,1001,0.21000000000000002,90148864,1107890176,1,0.5,44484211,79539008,3000,4245,7267,11199,133440,67439.65853412573,3000,9184009,10707922,11074968,11214595,67439.65853412573,,,,,,0.0,,,,,
c,dedicated,1000,1,2,publish,tcp,1,passed,,1000,1347307849,134950912,3167166464,1001,0.22,134950912,3167166464,1001,0.22,89964544,1107869696,1,0.51,43284994,77513707,3000,4012,6997,11082,132313,69308.08399788619,3000,7915179,12130549,12271345,12306454,69308.08399788619,,,,,,0.0,,,,,
c,dedicated,1000,1,2,publish,tcp,2,passed,,1000,1317369083,134950912,3167186944,1001,0.21,134950912,3167186944,1001,0.21,89673728,1107509248,1,0.47,38057430,71542608,3000,3739,5969,9229,43721,78828.23406625197,3000,7280302,9342602,9481914,9530840,78828.23406625197,,,,,,0.0,,,,,
c,dedicated,1000,2,0,idle,tcp,0,passed,,1000,1318241098,169267200,3221975040,1001,0.21000000000000002,169267200,3221975040,1001,0.21000000000000002,71278592,1160626176,1,0.26,200167713,57228043,,,,,,0.0,,,,,,0.0,,,,,,0.0,,,,,
c,dedicated,1000,2,0,idle,tcp,1,passed,,1000,1303903703,169242624,3221975040,1001,0.21000000000000002,169242624,3221975040,1001,0.21000000000000002,70557696,1160626176,1,0.26,200053697,54333007,,,,,,0.0,,,,,,0.0,,,,,,0.0,,,,,
c,dedicated,1000,2,0,idle,tcp,2,passed,,1000,1323041493,169259008,3221975040,1001,0.2,169259008,3221975040,1001,0.2,72859648,1160626176,1,0.25,200016017,53805228,,,,,,0.0,,,,,,0.0,,,,,,0.0,,,,,
c,dedicated,1000,2,0,incoming,tcp,0,passed,,1000,1364519735,174432256,3223781376,1001,0.25,174432256,3223781376,1001,0.25,134787072,1162366976,1,0.41000000000000003,31274794,81148334,3,15901,15901,15901,28572,95.9238932157315,3,154921,154921,154921,157931,95.9238932157315,3000,5466200,10621047,12017298,12350341,95923.8932157315,,,,,
c,dedicated,1000,2,0,incoming,tcp,1,passed,,1000,1414514713,174358528,3223781376,1001,0.27,174358528,3223781376,1001,0.27,134590464,1162366976,1,0.42,27836309,75078871,3,10900,10900,10900,16865,107.77290911665048,3,120888,120888,120888,140898,107.77290911665048,3000,4934066,8875505,9530600,9773565,107772.90911665048,,,,,
c,dedicated,1000,2,0,incoming,tcp,2,passed,,1000,1450660767,174424064,3223781376,1001,0.32,174424064,3223781376,1001,0.32,134733824,1162366976,1,0.49,32281307,88102833,3,14048,14048,14048,23590,92.93304016469965,3,98436,98436,98436,180996,92.93304016469965,3000,5882985,10661081,11447078,11704550,92933.04016469965,,,,,
c,dedicated,1000,2,0,periodic,tcp,0,passed,,1000,1333745391,169259008,3221975040,1001,0.22000000000000003,169259008,3221975040,1001,0.22000000000000003,134152192,1162551296,1,0.38,314953561,76128332,3000,4064,6740,11134,99393,9525.213782231216,3000,2341133,4401365,4857804,5008314,9525.213782231216,,,,,,0.0,,,,,
c,dedicated,1000,2,0,periodic,tcp,1,passed,,1000,1333380878,169275392,3221975040,1001,0.23,169275392,3221975040,1001,0.23,134631424,1162981376,1,0.41000000000000003,315916413,77031701,3000,4185,8676,14836,117591,9496.182776676436,3000,2358043,4600623,5069860,5276533,9496.182776676436,,,,,,0.0,,,,,
c,dedicated,1000,2,0,periodic,tcp,2,passed,,1000,1362730410,169238528,3221975040,1001,0.24000000000000002,169238528,3221975040,1001,0.24000000000000002,134176768,1162551296,1,0.41000000000000003,314559772,80211304,3000,3998,7146,12582,96829,9537.138143653028,3000,2398945,4210613,4507974,4690471,9537.138143653028,,,,,,0.0,,,,,
c,dedicated,1000,2,0,publish,tcp,0,passed,,1000,1340488297,169267200,3221975040,1001,0.21,169267200,3221975040,1001,0.21,134123520,1162551296,1,0.37,13548910,74335278,3000,3859,6524,11012,26964,221420.02566996164,3000,2252193,4442160,5048495,5156163,221420.02566996164,,,,,,0.0,,,,,
c,dedicated,1000,2,0,publish,tcp,1,passed,,1000,1330144483,169267200,3221975040,1001,0.21000000000000002,169267200,3221975040,1001,0.21000000000000002,134545408,1162993664,1,0.38,14501376,77482239,3000,4087,6733,11317,39314,206876.9198178159,3000,2531125,4293100,4801527,4938838,206876.9198178159,,,,,,0.0,,,,,
c,dedicated,1000,2,0,publish,tcp,2,passed,,1000,1412706130,169259008,3221975040,1001,0.28,169259008,3221975040,1001,0.28,134086656,1162551296,1,0.43,13365802,74272972,3000,3797,6225,10210,40974,224453.42224881082,3000,2187497,4291165,4867690,4998944,224453.42224881082,,,,,,0.0,,,,,
c,dedicated,1000,2,0,reconnect,tcp,0,passed,,1000,1313180224,169259008,3221975040,1001,0.21000000000000002,169259008,3221975040,1001,0.21000000000000002,96739328,1160626176,1,4.15,2701619760,81172157,,,,,,0.0,,,,,,0.0,,,,,,0.0,,,,,
c,dedicated,1000,2,0,reconnect,tcp,1,passed,,1000,1351218094,169283584,3221975040,1001,0.22999999999999998,169283584,3221975040,1001,0.22999999999999998,101392384,1160626176,1,8.66,3073100541,84148920,,,,,,0.0,,,,,,0.0,,,,,,0.0,,,,,
c,dedicated,1000,2,0,reconnect,tcp,2,passed,,1000,1361656569,169279488,3221975040,1001,0.24,169279488,3221975040,1001,0.24,110403584,1160626176,1,11.93,3552337457,99911844,,,,,,0.0,,,,,,0.0,,,,,,0.0,,,,,
c,dedicated,1000,2,1,incoming,tcp,0,passed,,1000,1380783961,174362624,3223781376,1001,0.25,174362624,3223781376,1001,0.25,134803456,1162436608,1,0.39,111725002,72991036,3,15176,15176,15176,37522,26.851644182561753,3,40779702,40779702,40779702,40866533,26.851644182561753,3000,42865723,48238071,48710529,48863266,26851.64418256175,,,,,
c,dedicated,1000,2,1,incoming,tcp,1,passed,,1000,1370158253,174358528,3223781376,1001,0.25,174358528,3223781376,1001,0.25,134754304,1162436608,1,0.39,111725719,70865011,3,14792,14792,14792,19452,26.851471862087546,3,40546170,40546170,40546170,40803515,26.851471862087546,3000,42812283,48247519,48730402,48874137,26851.471862087546,,,,,
c,dedicated,1000,2,1,incoming,tcp,2,passed,,1000,1432035174,174350336,3223781376,1001,0.29000000000000004,174350336,3223781376,1001,0.29000000000000004,134778880,1162436608,1,0.44,112432743,75930125,3,11624,11624,11624,16776,26.682618603372507,3,40572794,40572794,40572794,40853311,26.682618603372507,3000,42787278,48537721,49027016,49264359,26682.618603372506,,,,,
c,dedicated,1000,2,1,periodic,tcp,0,passed,,1000,1343519236,169234432,3221975040,1001,0.22999999999999998,169234432,3221975040,1001,0.22999999999999998,134766592,1162571776,1,0.47,326157580,72874973,3000,4692,7658,12653,70284,9198.007907711359,3000,3414904,4911904,5474905,5630765,9198.007907711359,,,,,,0.0,,,,,
c,dedicated,1000,2,1,periodic,tcp,1,passed,,1000,1330628271,169263104,3221975040,1001,0.22,169263104,3221975040,1001,0.22,134950912,1162862592,1,0.44999999999999996,334737905,77127731,3000,4673,8126,14963,101252,8962.235693026758,3000,4435207,6440738,6977507,7108920,8962.235693026758,,,,,,0.0,,,,,
c,dedicated,1000,2,1,periodic,tcp,2,passed,,1000,1378655482,169271296,3221975040,1001,0.26,169271296,3221975040,1001,0.26,134627328,1162563584,1,0.5,332367196,77966103,3000,4618,7744,12503,111509,9026.161534906712,3000,4244270,5808532,6236542,6312524,9026.161534906712,,,,,,0.0,,,,,
c,dedicated,1000,2,1,publish,tcp,0,passed,,1000,1330988683,169238528,3221975040,1001,0.22,169238528,3221975040,1001,0.22,134684672,1162584064,1,0.44,20287007,74615819,3000,4831,7505,11426,53816,147877.90037239107,3000,2882111,5022317,5576966,5683262,147877.90037239107,,,,,,0.0,,,,,
c,dedicated,1000,2,1,publish,tcp,1,passed,,1000,1317882706,169263104,3221950464,1001,0.22,169263104,3221950464,1001,0.22,134623232,1162481664,1,0.44,28435889,78467512,3000,4791,7304,10726,46768,105500.48215478686,3000,3917317,5317037,5557948,5640004,105500.48215478686,,,,,,0.0,,,,,
c,dedicated,1000,2,1,publish,tcp,2,passed,,1000,1360187691,169267200,3222036480,1001,0.24,169267200,3222036480,1001,0.24,134631424,1162563584,1,0.48,30673532,86988334,3000,4861,8114,12386,75165,97804.19157467748,3000,4159559,5186147,5715212,5933383,97804.19157467748,,,,,,0.0,,,,,
c,dedicated,1000,2,2,incoming,tcp,0,passed,,1000,1395433765,174448640,3223781376,1001,0.26,174448640,3223781376,1001,0.26,134852608,1162436608,1,0.4,150349817,71154869,3,13836,13836,13836,18929,19.953466255299798,3,41467894,41467894,41467894,42243467,19.953466255299798,3000,46053732,49834399,50408880,50642916,19953.466255299798,,,,,
c,dedicated,1000,2,2,incoming,tcp,1,passed,,1000,1385187369,174419968,3223699456,1001,0.26,174419968,3223699456,1001,0.26,134803456,1162354688,1,0.4,148071115,68437510,3,12964,12964,12964,17488,20.26053494633305,3,41126640,41126640,41126640,41905640,20.26053494633305,3000,45357175,49017190,49713119,49949946,20260.53494633305,,,,,
c,dedicated,1000,2,2,incoming,tcp,2,passed,,1000,1399282419,174346240,3223781376,1001,0.27,174346240,3223781376,1001,0.27,134758400,1162436608,1,0.41000000000000003,147407979,69636378,3,11455,11455,11455,16926,20.351679877518706,3,41003138,41003138,41003138,41262533,20.351679877518706,3000,45166089,48740971,49059970,49222622,20351.679877518705,,,,,
c,dedicated,1000,2,2,periodic,tcp,0,passed,,1000,1334437278,169259008,3221975040,1001,0.21000000000000002,169259008,3221975040,1001,0.21000000000000002,135806976,1162547200,1,0.53,348262070,74549333,3000,4672,7610,11334,66829,8614.202517087204,3000,9061571,11353629,11387023,11499871,8614.202517087204,,,,,,0.0,,,,,
c,dedicated,1000,2,2,periodic,tcp,1,passed,,1000,1353099936,169283584,3221975040,1001,0.22000000000000003,169283584,3221975040,1001,0.22000000000000003,135802880,1162543104,1,0.53,355003981,77367170,3000,4569,7489,14739,97482,8450.609459503497,3000,9428144,14880226,15250216,15324771,8450.609459503497,,,,,,0.0,,,,,
c,dedicated,1000,2,2,periodic,tcp,2,passed,,1000,1329893780,169295872,3221975040,1001,0.21000000000000002,169295872,3221975040,1001,0.21000000000000002,135831552,1162543104,1,0.54,353708949,81448555,3000,4906,8493,14320,142673,8481.549614397796,3000,10895607,13197121,13231490,13293174,8481.549614397796,,,,,,0.0,,,,,
c,dedicated,1000,2,2,publish,tcp,0,passed,,1000,1351162524,169267200,3221975040,1001,0.22000000000000003,169267200,3221975040,1001,0.22000000000000003,135749632,1162551296,1,0.5,56634182,68145834,3000,4857,7344,10775,72241,52971.54287493726,3000,11557147,15995219,16279471,16354392,52971.54287493726,,,,,,0.0,,,,,
c,dedicated,1000,2,2,publish,tcp,1,passed,,1000,1302580879,169242624,3221975040,1001,0.2,169242624,3221975040,1001,0.2,135761920,1162547200,1,0.5,45399512,73820620,3000,4768,9825,13693,123467,66080.00544146818,3000,8024418,10416166,10437862,10458035,66080.00544146818,,,,,,0.0,,,,,
c,dedicated,1000,2,2,publish,tcp,2,passed,,1000,1330796126,169230336,3221975040,1001,0.22000000000000003,169230336,3221975040,1001,0.22000000000000003,135757824,1162547200,1,0.56,47294751,80646728,3000,5012,8245,12791,134315,63431.98635298873,3000,9521317,11678501,11803896,11868063,63431.98635298873,,,,,,0.0,,,,,
c,shards,1,1,0,idle,tcp,0,passed,,1,1345772,6299648,150700032,3,0.0,6299648,150700032,3,0.0,6422528,150700032,1,0.0,200040473,400611,,,,,,0.0,,,,,,0.0,,,,,,0.0,,,,,
c,shards,1,1,0,idle,tcp,1,passed,,1,1419198,6250496,150700032,3,0.0,6250496,150700032,3,0.0,6373376,150700032,1,0.0,200016753,208496,,,,,,0.0,,,,,,0.0,,,,,,0.0,,,,,
c,shards,1,1,0,idle,tcp,2,passed,,1,1422652,6287360,150700032,3,0.0,6287360,150700032,3,0.0,6410240,150700032,1,0.0,200011160,129120,,,,,,0.0,,,,,,0.0,,,,,,0.0,,,,,
c,shards,1,1,0,incoming,tcp,0,passed,,1,1484314,6299648,150700032,3,0.0,6299648,150700032,3,0.0,6356992,150700032,1,0.0,595679,123505,3,4524,4524,4524,16692,5036.269534430457,3,111466,111466,111466,153852,5036.269534430457,3,171820,171820,171820,325721,5036.269534430457,,,,,
c,shards,1,1,0,incoming,tcp,1,passed,,1,1507651,6295552,150700032,3,0.0,6295552,150700032,3,0.0,6352896,150700032,1,0.0,510371,173979,3,4002,4002,4002,48347,5878.07692835212,3,100508,100508,100508,192062,5878.07692835212,3,118572,118572,118572,300329,5878.07692835212,,,,,
c,shards,1,1,0,incoming,tcp,2,passed,,1,1663933,6295552,150700032,3,0.0,6295552,150700032,3,0.0,6352896,150700032,1,0.0,513923,137253,3,2530,2530,2530,16563,5837.450357349253,3,45660,45660,45660,180915,5837.450357349253,3,99503,99503,99503,352657,5837.450357349253,,,,,
c,shards,1,1,0,periodic,tcp,0,passed,,1,1535153,6299648,150700032,3,0.0,6299648,150700032,3,0.0,6426624,150700032,1,0.0,300885669,186733,3,37645,37645,37645,39119,9.970564600070734,3,231953,231953,231953,351430,9.970564600070734,,,,,,0.0,,,,,
c,shards,1,1,0,periodic,tcp,1,passed,,1,1485688,6299648,150700032,3,0.0,6299648,150700032,3,0.0,6426624,150700032,1,0.0,300701833,92090,3,16482,16482,16482,58468,9.976660168878984,3,203838,203838,203838,272865,9.976660168878984,,,,,,0.0,,,,,
c,shards,1,1,0,periodic,tcp,2,passed,,1,1353558,6299648,150700032,3,0.0,6299648,150700032,3,0.0,6426624,150700032,1,0.0,300859502,312778,3,16927,16927,16927,61170,9.971431781469876,3,257420,257420,257420,283578,9.971431781469876,,,,,,0.0,,,,,
c,shards,1,1,0,publish,tcp,0,passed,,1,1631175,6299648,150700032,3,0.0,6299648,150700032,3,0.0,6361088,150700032,1,0.0,268879,143942,3,4703,4703,4703,20711,11157.435128812589,3,58659,58659,58659,154465,11157.435128812589,,,,,,0.0,,,,,
c,shards,1,1,0,publish,tcp,1,passed,,1,1488326,6275072,150700032,3,0.0,6275072,150700032,3,0.0,6336512,150700032,1,0.0,313172,81653,3,8804,8804,8804,16344,9579.400457256716,3,101567,101567,101567,190482,9579.400457256716,,,,,,0.0,,,,,
c,shards,1,1,0,publish,tcp,2,passed,,1,1456635,6311936,150700032,3,0.0,6311936,150700032,3,0.0,6373376,150700032,1,0.0,269904,109068,3,5231,5231,5231,20079,11115.063133558599,3,84001,84001,84001,109678,11115.063133558599,,,,,,0.0,,,,,
c,shards,1,1,0,reconnect,tcp,0,passed,,1,1455111,6299648,150700032,3,0.0,6299648,150700032,3,0.0,6426624,150700032,1,0.0,992029,161823,,,,,,0.0,,,,,,0.0,,,,,,0.0,,,,,
c,shards,1,1,0,reconnect,tcp,1,passed,,1,1432566,6270976,150700032,3,0.0,6270976,150700032,3,0.0,6397952,150700032,1,0.0,776347,101071,,,,,,0.0,,,,,,0.0,,,,,,0.0,,,,,
c,shards,1,1,0,reconnect,tcp,2,passed,,1,1551367,6279168,150700032,3,0.0,6279168,150700032,3,0.0,6406144,150700032,1,0.0,1071896,129678,,,,,,0.0,,,,,,0.0,,,,,,0.0,,,,,
c,shards,1,1,1,incoming,tcp,0,passed,,1,1433425,6303744,150700032,3,0.0,6303744,150700032,3,0.0,6361088,150700032,1,0.0,82378993,160801,3,7485,7485,7485,17232,36.41705112855652,3,40937444,40937444,40937444,41130628,36.41705112855652,3,40961869,40961869,40961869,41154929,36.41705112855652,,,,,
c,shards,1,1,1,incoming,tcp,1,passed,,1,1608878,6279168,150700032,3,0.0,6279168,150700032,3,0.0,6336512,150700032,1,0.0,83167591,156170,3,8209,8209,8209,17628,36.0717433789804,3,40940858,40940858,40940858,41914499,36.0717433789804,3,40965678,40965678,40965678,41938463,36.0717433789804,,,,,
c,shards,1,1,1,incoming,tcp,2,passed,,1,1606624,6291456,150700032,3,0.0,6291456,150700032,3,0.0,6348800,150700032,1,0.0,82713979,133839,3,7783,7783,7783,15922,36.269564543618436,3,40428033,40428033,40428033,41920617,36.269564543618436,3,40454523,40454523,40454523,41942920,36.269564543618436,,,,,
c,shards,1,1,1,periodic,tcp,0,passed,,1,1291297,6275072,150700032,3,0.0,6275072,150700032,3,0.0,6402048,150700032,1,0.0,301163144,96747,3,37068,37068,37068,81547,9.961378275424034,3,403618,403618,403618,440316,9.961378275424034,,,,,,0.0,,,,,
c,shards,1,1,1,periodic,tcp,1,passed,,1,1340197,6303744,150700032,3,0.0,6303744,150700032,3,0.0,6430720,150700032,1,0.0,301198317,168021,3,15270,15270,15270,19972,9.960215016739287,3,240970,240970,240970,248337,9.960215016739287,,,,,,0.0,,,,,
c,shards,1,1,1,periodic,tcp,2,passed,,1,1387328,6303744,150700032,3,0.0,6303744,150700032,3,0.0,6430720,150700032,1,0.0,301532126,171790,3,48740,48740,48740,63103,9.949188631396444,3,479088,479088,479088,506309,9.949188631396444,,,,,,0.0,,,,,
c,shards,1,1,1,publish,tcp,0,passed,,1,1380339,6295552,150700032,3,0.0,6295552,150700032,3,0.0,6356992,150700032,1,0.0,1115065,102469,3,9286,9286,9286,21984,2690.42611865676,3,352986,352986,352986,512214,2690.42611865676,,,,,,0.0,,,,,
c,shards,1,1,1,publish,tcp,1,passed,,1,1438853,6279168,150700032,3,0.0,6279168,150700032,3,0.0,6340608,150700032,1,0.0,922008,301395,3,5218,5218,5218,16445,3253.767863185569,3,286653,286653,286653,342077,3253.767863185569,,,,,,0.0,,,,,
c,shards,1,1,1,publish,tcp,2,passed,,1,1498227,6295552,150700032,3,0.0,6295552,150700032,3,0.0,6356992,150700032,1,0.0,688155,128957,3,20021,20021,20021,41315,4359.482965320313,3,123304,123304,123304,447447,4359.482965320313,,,,,,0.0,,,,,
c,shards,1,1,2,incoming,tcp,0,passed,,1,1374821,6307840,150700032,3,0.0,6307840,150700032,3,0.0,6365184,150700032,1,0.0,123194099,130852,3,5636,5636,5636,18641,24.35181574727861,3,41073599,41073599,41073599,41087823,24.35181574727861,3,41095385,41095385,41095385,41107318,24.35181574727861,,,,,
c,shards,1,1,2,incoming,tcp,1,passed,,1,1397434,6307840,150700032,3,0.0,6307840,150700032,3,0.0,6365184,150700032,1,0.0,123653905,197557,3,10069,10069,10069,38234,24.26126372636594,3,41123503,41123503,41123503,41385740,24.26126372636594,3,41153762,41153762,41153762,41408694,24.26126372636594,,,,,
c,shards,1,1,2,incoming,tcp,2,passed,,1,1493084,6307840,150700032,3,0.0,6307840,150700032,3,0.0,6365184,150700032,1,0.0,122525267,117380,3,10083,10083,10083,17422,24.484745664745216,3,40909485,40909485,40909485,41058859,24.484745664745216,3,40931000,40931000,40931000,41081234,24.484745664745216,,,,,
c,shards,1,1,2,periodic,tcp,0,passed,,1,1429865,6279168,150700032,3,0.0,6279168,150700032,3,0.0,6406144,150700032,1,0.0,301356707,149358,3,34061,34061,34061,74856,9.95498002969617,3,382148,382148,382148,386947,9.95498002969617,,,,,,0.0,,,,,
c,shards,1,1,2,periodic,tcp,1,passed,,1,1377803,6299648,150700032,3,0.0,6299648,150700032,3,0.0,6426624,150700032,1,0.0,302619355,205222,3,27811,27811,27811,83295,9.913443903811109,3,880487,880487,880487,959626,9.913443903811109,,,,,,0.0,,,,,
c,shards,1,1,2,periodic,tcp,2,passed,,1,1388474,6307840,150700032,3,0.0,6307840,150700032,3,0.0,6434816,150700032,1,0.0,301498961,169136,3,40907,40907,40907,52932,9.950283045917363,3,451456,451456,451456,482045,9.950283045917363,,,,,,0.0,,,,,
c,shards,1,1,2,publish,tcp,0,passed,,1,1298810,6303744,150700032,3,0.0,6303744,150700032,3,0.0,6365184,150700032,1,0.0,881289,184905,3,17191,17191,17191,33740,3404.104669410375,3,300825,300825,300825,425448,3404.104669410375,,,,,,0.0,,,,,
c,shards,1,1,2,publish,tcp,1,passed,,1,1310591,6307840,150700032,3,0.0,6307840,150700032,3,0.0,6369280,150700032,1,0.0,1541104,289948,3,7607,7607,7607,17204,1946.6564229279788,3,537957,537957,537957,540850,1946.6564229279788,,,,,,0.0,,,,,
c,shards,1,1,2,publish,tcp,2,passed,,1,1566206,6250496,150700032,3,0.0,6250496,150700032,3,0.0,6311936,150700032,1,0.0,525403,81237,3,7243,7243,7243,19942,5709.9026842252515,3,149724,149724,149724,293082,5709.9026842252515,,,,,,0.0,,,,,
c,shards,1,2,0,idle,tcp,0,passed,,1,1478739,6500352,150835200,3,0.0,6500352,150835200,3,0.0,6615040,150835200,1,0.0,200348430,444275,,,,,,0.0,,,,,,0.0,,,,,,0.0,,,,,
c,shards,1,2,0,idle,tcp,1,passed,,1,1637872,6483968,150835200,3,0.0,6483968,150835200,3,0.0,6598656,150835200,1,0.0,200034215,185700,,,,,,0.0,,,,,,0.0,,,,,,0.0,,,,,
c,shards,1,2,0,idle,tcp,2,passed,,1,1460244,6483968,150835200,3,0.0,6483968,150835200,3,0.0,6598656,150835200,1,0.0,200112955,274152,,,,,,0.0,,,,,,0.0,,,,,,0.0,,,,,
c,shards,1,2,0,incoming,tcp,0,passed,,1,1758859,6475776,150835200,3,0.0,6475776,150835200,3,0.0,6524928,150835200,1,0.0,1054685,240245,3,1838,1838,1838,22824,2844.4511868472578,3,159252,159252,159252,216196,2844.4511868472578,3,333683,333683,333683,552673,2844.4511868472578,,,,,
c,shards,1,2,0,incoming,tcp,1,passed,,1,1468175,6508544,150835200,3,0.0,6508544,150835200,3,0.0,6557696,150835200,1,0.0,688349,145676,3,5179,5179,5179,35643,4358.254315761336,3,125007,125007,125007,183558,4358.254315761336,3,164670,164670,164670,415390,4358.254315761336,,,,,
c,shards,1,2,0,incoming,tcp,2,passed,,1,1629702,6483968,150835200,3,0.0,6483968,150835200,3,0.0,6533120,150835200,1,0.0,583552,170221,3,4759,4759,4759,15861,5140.930028515025,3,105522,105522,105522,213216,5140.930028515025,3,128382,128382,128382,340314,5140.930028515025,,,,,
c,shards,1,2,0,periodic,tcp,0,passed,,1,1476412,6455296,150835200,3,0.0,6455296,150835200,3,0.0,6569984,150835200,1,0.0,300848700,234033,3,53114,53114,53114,56868,9.971789806637023,3,223939,223939,223939,314546,9.971789806637023,,,,,,0.0,,,,,
c,shards,1,2,0,periodic,tcp,1,passed,,1,1377012,6451200,150835200,3,0.0,6451200,150835200,3,0.0,6565888,150835200,1,0.0,301547843,157174,3,63597,63597,63597,89331,9.948670068915067,3,422355,422355,422355,423635,9.948670068915067,,,,,,0.0,,,,,
c,shards,1,2,0,periodic,tcp,2,passed,,1,1497865,6479872,150835200,3,0.0,6479872,150835200,3,0.0,6594560,150835200,1,0.0,300512163,159827,3,35363,35363,35363,38476,9.982956995986882,3,164086,164086,164086,175664,9.982956995986882,,,,,,0.0,,,,,
c,shards,1,2,0,publish,tcp,0,passed,,1,1362560,6451200,150835200,3,0.0,6451200,150835200,3,0.0,6500352,150835200,1,0.0,501312,190079,3,17555,17555,17555,25774,5984.297204136346,3,165809,165809,165809,201485,5984.297204136346,,,,,,0.0,,,,,
c,shards,1,2,0,publish,tcp,1,passed,,1,1568670,6496256,150835200,3,0.0,6496256,150835200,3,0.0,6545408,150835200,1,0.0,556001,205890,3,7000,7000,7000,15708,5395.673748788222,3,117183,117183,117183,350226,5395.673748788222,,,,,,0.0,,,,,
c,shards,1,2,0,publish,tcp,2,passed,,1,1677170,6492160,150835200,3,0.0,6492160,150835200,3,0.0,6541312,150835200,1,0.0,214444,65699,3,7411,7411,7411,18852,13989.666299826527,3,75388,75388,75388,117342,13989.666299826527,,,,,,0.0,,,,,
c,shards,1,2,0,reconnect,tcp,0,passed,,1,1466077,6500352,150835200,3,0.0,6500352,150835200,3,0.0,6627328,150835200,1,0.0,806823,156399,,,,,,0.0,,,,,,0.0,,,,,,0.0,,,,,
c,shards,1,2,0,reconnect,tcp,1,passed,,1,1477232,6500352,150835200,3,0.0,6500352,150835200,3,0.0,6627328,150835200,1,0.0,972711,147346,,,,,,0.0,,,,,,0.0,,,,,,0.0,,,,,
c,shards,1,2,0,reconnect,tcp,2,passed,,1,1627436,6504448,150835200,3,0.0,6504448,150835200,3,0.0,6631424,150835200,1,0.0,1048947,133163,,,,,,0.0,,,,,,0.0,,,,,,0.0,,,,,
c,shards,1,2,1,incoming,tcp,0,passed,,1,1576153,6496256,150835200,3,0.0,6496256,150835200,3,0.0,6545408,150835200,1,0.0,82305943,316585,3,11850,11850,11850,18201,36.449372799240024,3,40814766,40814766,40814766,41038257,36.449372799240024,3,40835818,40835818,40835818,41056610,36.449372799240024,,,,,
c,shards,1,2,1,incoming,tcp,1,passed,,1,1642253,6500352,150835200,3,0.0,6500352,150835200,3,0.0,6549504,150835200,1,0.0,82891920,251979,3,12456,12456,12456,34944,36.19170601911501,3,40990207,40990207,40990207,41328023,36.19170601911501,3,41017129,41017129,41017129,41355447,36.19170601911501,,,,,
c,shards,1,2,1,incoming,tcp,2,passed,,1,1541726,6492160,150835200,3,0.0,6492160,150835200,3,0.0,6541312,150835200,1,0.0,81901702,168300,3,10274,10274,10274,22191,36.6292754209186,3,40707241,40707241,40707241,40873405,36.6292754209186,3,40765011,40765011,40765011,40896360,36.6292754209186,,,,,
c,shards,1,2,1,periodic,tcp,0,passed,,1,1425000,6504448,150835200,3,0.0,6504448,150835200,3,0.0,6619136,150835200,1,0.0,301057815,173469,3,21161,21161,21161,78639,9.96486339343159,3,293474,293474,293474,396850,9.96486339343159,,,,,,0.0,,,,,
c,shards,1,2,1,periodic,tcp,1,passed,,1,1511262,6496256,150835200,3,0.0,6496256,150835200,3,0.0,6610944,150835200,1,0.0,302072285,241501,3,14814,14814,14814,21080,9.931397711643754,3,485269,485269,485269,647601,9.931397711643754,,,,,,0.0,,,,,
c,shards,1,2,1,periodic,tcp,2,passed,,1,1423748,6467584,150835200,3,0.0,6467584,150835200,3,0.0,6582272,150835200,1,0.0,301384959,90775,3,69332,69332,69332,99890,9.954046844122702,3,420599,420599,420599,487057,9.954046844122702,,,,,,0.0,,,,,
c,shards,1,2,1,publish,tcp,0,passed,,1,1438485,6406144,150835200,3,0.0,6406144,150835200,3,0.0,6455296,150835200,1,0.0,970767,157224,3,13088,13088,13088,33682,3090.3399064863142,3,357054,357054,357054,376470,3090.3399064863142,,,,,,0.0,,,,,
c,shards,1,2,1,publish,tcp,1,passed,,1,1528887,6479872,150835200,3,0.0,6479872,150835200,3,0.0,6529024,150835200,1,0.0,606784,101300,3,5446,5446,5446,19756,4944.098723763316,3,144341,144341,144341,336723,4944.098723763316,,,,,,0.0,,,,,
c,shards,1,2,1,publish,tcp,2,passed,,1,1456465,6508544,150835200,3,0.0,6508544,150835200,3,0.0,6557696,150835200,1,0.0,684583,165953,3,33755,33755,33755,38592,4382.229766149612,3,264093,264093,264093,287115,4382.229766149612,,,,,,0.0,,,,,
c,shards,1,2,2,incoming,tcp,0,passed,,1,1522728,6492160,150835200,3,0.0,6492160,150835200,3,0.0,6541312,150835200,1,0.0,123273068,240219,3,9061,9061,9061,14347,24.33621592025275,3,41093964,41093964,41093964,41254313,24.33621592025275,3,41114756,41114756,41114756,41280114,24.33621592025275,,,,,
c,shards,1,2,2,incoming,tcp,1,passed,,1,1641122,6508544,150835200,3,0.0,6508544,150835200,3,0.0,6557696,150835200,1,0.0,122929726,146612,3,9494,9494,9494,15820,24.40418682784667,3,40977864,40977864,40977864,40987591,24.40418682784667,3,41011421,41011421,41011421,41011533,24.40418682784667,,,,,
c,shards,1,2,2,incoming,tcp,2,passed,,1,1650423,6471680,150835200,3,0.0,6471680,150835200,3,0.0,6520832,150835200,1,0.0,123486633,142349,3,11435,11435,11435,18252,24.29412744616658,3,41135260,41135260,41135260,41498142,24.29412744616658,3,41160312,41160312,41160312,41525506,24.29412744616658,,,,,
c,shards,1,2,2,periodic,tcp,0,passed,,1,1525846,6500352,150835200,3,0.0,6500352,150835200,3,0.0,6615040,150835200,1,0.0,301249914,151243,3,13939,13939,13939,43962,9.958509066993459,3,239325,239325,239325,417657,9.958509066993459,,,,,,0.0,,,,,
c,shards,1,2,2,periodic,tcp,1,passed,,1,1362204,6504448,150835200,3,0.0,6504448,150835200,3,0.0,6619136,150835200,1,0.0,301709887,135255,3,54144,54144,54144,87133,9.9433267826586,3,493566,493566,493566,612605,9.9433267826586,,,,,,0.0,,,,,
c,shards,1,2,2,periodic,tcp,2,passed,,1,1531194,6492160,150835200,3,0.0,6492160,150835200,3,0.0,6606848,150835200,1,0.0,301538066,208089,3,22785,22785,22785,49715,9.948992642275552,3,419362,419362,419362,436983,9.948992642275552,,,,,,0.0,,,,,
c,shards,1,2,2,publish,tcp,0,passed,,1,1390529,6500352,150835200,3,0.0,6500352,150835200,3,0.0,6549504,150835200,1,0.0,353621,128108,3,7345,7345,7345,22039,8483.659058709749,3,78369,78369,78369,210539,8483.659058709749,,,,,,0.0,,,,,
c,shards,1,2,2,publish,tcp,1,passed,,1,1469610,6467584,150835200,3,0.0,6467584,150835200,3,0.0,6516736,150835200,1,0.0,1871966,203480,3,24023,24023,24023,30233,1602.5932094920527,3,677675,677675,677675,748106,1602.5932094920527,,,,,,0.0,,,,,
c,shards,1,2,2,publish,tcp,2,passed,,1,1476322,6504448,150835200,3,0.0,6504448,150835200,3,0.0,6553600,150835200,1,0.0,632697,213435,3,7435,7435,7435,24268,4741.6061716745935,3,115877,115877,115877,396778,4741.6061716745935,,,,,,0.0,,,,,
c,shards,10,1,0,idle,tcp,0,passed,,10,12365081,6959104,150974464,3,0.0,6959104,150974464,3,0.0,7077888,150941696,1,0.0,200145216,432236,,,,,,0.0,,,,,,0.0,,,,,,0.0,,,,,
c,shards,10,1,0,idle,tcp,1,passed,,10,12683168,6991872,150974464,3,0.0,6991872,150974464,3,0.0,7106560,150941696,1,0.0,200282222,510232,,,,,,0.0,,,,,,0.0,,,,,,0.0,,,,,
c,shards,10,1,0,idle,tcp,2,passed,,10,12922229,6983680,150974464,3,0.0,6983680,150974464,3,0.0,7106560,150941696,1,0.0,200038101,354552,,,,,,0.0,,,,,,0.0,,,,,,0.0,,,,,
c,shards,10,1,0,incoming,tcp,0,passed,,10,12856351,6983680,150962176,3,0.0,6983680,150962176,3,0.0,7041024,150929408,1,0.0,846568,299126,3,3930,3930,3930,18292,3543.7200555655304,3,106962,106962,106962,126826,3543.7200555655304,30,200128,386389,396276,406066,35437.200555655305,,,,,
c,shards,10,1,0,incoming,tcp,1,passed,,10,12907093,6963200,150962176,3,0.0,6963200,150962176,3,0.0,7020544,150929408,1,0.0,1036821,285600,3,7806,7806,7806,18551,2893.4599125596415,3,130473,130473,130473,141895,2893.4599125596415,30,276673,417465,427541,437667,28934.599125596415,,,,,
c,shards,10,1,0,incoming,tcp,2,passed,,10,13326479,6991872,150962176,3,0.0,6991872,150962176,3,0.0,7049216,150929408,1,0.0,905731,250872,3,1910,1910,1910,19399,3312.241714151332,3,32695,32695,32695,137077,3312.241714151332,30,224915,412109,420095,427913,33122.41714151332,,,,,
c,shards,10,1,0,periodic,tcp,0,passed,,10,13067640,6971392,150974464,3,0.0,6971392,150974464,3,0.0,7094272,150945792,1,0.0,300849235,330831,30,1991,17511,22962,23587,99.7177207380966,30,209107,302017,307096,329348,99.7177207380966,,,,,,0.0,,,,,
c,shards,10,1,0,periodic,tcp,1,passed,,10,12589110,6991872,150974464,3,0.0,6991872,150974464,3,0.0,7114752,150945792,1,0.0,301402673,173435,30,1792,9440,21033,51102,99.53461826133174,30,263148,443599,447847,487618,99.53461826133174,,,,,,0.0,,,,,
c,shards,10,1,0,periodic,tcp,2,passed,,10,12782348,6995968,150974464,3,0.0,6995968,150974464,3,0.0,7118848,150945792,1,0.0,300864642,293546,30,1566,20266,29761,32078,99.71261428586214,30,236815,278600,281801,310890,99.71261428586214,,,,,,0.0,,,,,
c,shards,10,1,0,publish,tcp,0,passed,,10,12552976,6959104,150974464,3,0.0,6959104,150974464,3,0.0,7016448,150945792,1,0.0,466658,340399,30,843,4475,4616,11915,64286.90818543773,30,139805,172708,173671,174552,64286.90818543773,,,,,,0.0,,,,,
c,shards,10,1,0,publish,tcp,1,passed,,10,12744266,6979584,150974464,3,0.0,6979584,150974464,3,0.0,7036928,150945792,1,0.0,511501,239505,30,1706,4603,4676,17886,58650.91172842282,30,170691,213943,215902,219781,58650.91172842282,,,,,,0.0,,,,,
c,shards,10,1,0,publish,tcp,2,passed,,10,12882480,6967296,150974464,3,0.0,6967296,150974464,3,0.0,7024640,150945792,1,0.0,670877,385553,30,1345,6209,18737,22174,44717.58608507968,30,158366,293111,296515,302206,44717.58608507968,,,,,,0.0,,,,,
c,shards,10,1,0,reconnect,tcp,0,passed,,10,12788637,6955008,150974464,3,0.0,6955008,150974464,3,0.0,7217152,150941696,1,0.02,8200481,408509,,,,,,0.0,,,,,,0.0,,,,,,0.0,,,,,
c,shards,10,1,0,reconnect,tcp,1,passed,,10,13074601,6979584,150974464,3,0.0,6979584,150974464,3,0.0,7204864,150941696,1,0.01,8499472,323874,,,,,,0.0,,,,,,0.0,,,,,,0.0,,,,,
c,shards,10,1,0,reconnect,tcp,2,passed,,10,12915557,6979584,150974464,3,0.0,6979584,150974464,3,0.0,7172096,150941696,1,0.03,7200395,352780,,,,,,0.0,,,,,,0.0,,,,,,0.0,,,,,
c,shards,10,1,1,incoming,tcp,0,passed,,10,13124431,6991872,150962176,3,0.0,6991872,150962176,3,0.0,7049216,150929408,1,0.0,83058382,353089,3,8690,8690,8690,18676,36.11917217457956,3,40967865,40967865,40967865,41117794,36.11917217457956,30,41044456,41219880,41230012,41239864,361.19172174579563,,,,,
c,shards,10,1,1,incoming,tcp,1,passed,,10,13323951,6991872,150962176,3,0.0,6991872,150962176,3,0.0,7049216,150929408,1,0.0,82618644,315032,3,8962,8962,8962,16354,36.3114165853412,3,40795409,40795409,40795409,40861320,36.3114165853412,30,40867850,40978312,40988490,40998493,363.114165853412,,,,,
c,shards,10,1,1,incoming,tcp,2,passed,,10,13215670,6971392,150962176,3,0.0,6971392,150962176,3,0.0,7028736,150929408,1,0.0,83179385,367533,3,10330,10330,10330,16571,36.06662876865464,3,40732799,40732799,40732799,41871579,36.06662876865464,30,40813858,41960624,41968871,41976769,360.66628768654635,,,,,
c,shards,10,1,1,periodic,tcp,0,passed,,10,12417892,6995968,150974464,3,0.0,6995968,150974464,3,0.0,7118848,150945792,1,0.0,301098489,243836,30,1444,23940,32446,39237,99.63517286199334,30,299253,306123,308272,346107,99.63517286199334,,,,,,0.0,,,,,
c,shards,10,1,1,periodic,tcp,1,passed,,10,12319586,6995968,150974464,3,0.0,6995968,150974464,3,0.0,7118848,150945792,1,0.0,301293037,357585,30,1259,17087,30115,58900,99.57083741035808,30,291247,475926,486436,544585,99.57083741035808,,,,,,0.0,,,,,
c,shards,10,1,1,periodic,tcp,2,passed,,10,13372976,6967296,150974464,3,0.0,6967296,150974464,3,0.0,7090176,150945792,1,0.0,301585741,384240,30,1919,16150,25720,57118,99.474198947622,30,372278,584612,590175,613381,99.474198947622,,,,,,0.0,,,,,
c,shards,10,1,1,publish,tcp,0,passed,,10,13263258,6971392,150974464,3,0.0,6971392,150974464,3,0.0,7028736,150945792,1,0.0,630793,198577,30,1006,1705,3975,27799,47559.183440526445,30,126269,343288,347041,373500,47559.183440526445,,,,,,0.0,,,,,
c,shards,10,1,1,publish,tcp,1,passed,,10,13092380,6991872,150974464,3,0.0,6991872,150974464,3,0.0,7049216,150945792,1,0.0,847241,390105,30,774,4518,4688,27673,35409.05126168351,30,262737,325188,327449,353366,35409.05126168351,,,,,,0.0,,,,,
c,shards,10,1,1,publish,tcp,2,passed,,10,13345239,6959104,150974464,3,0.0,6959104,150974464,3,0.0,7016448,150945792,1,0.0,756738,225821,30,1111,4208,5289,30310,39643.83974374222,30,208139,311286,315328,342744,39643.83974374222,,,,,,0.0,,,,,
c,shards,10,1,2,incoming,tcp,0,passed,,10,12493842,6991872,150962176,3,0.0,6991872,150962176,3,0.0,7049216,150929408,1,0.0,122778450,326193,3,7452,7452,7452,27291,24.43425535995934,3,40843233,40843233,40843233,40854247,24.43425535995934,30,40892970,40959631,40971085,40982160,244.3425535995934,,,,,
c,shards,10,1,2,incoming,tcp,1,passed,,10,13122788,6987776,150962176,3,0.0,6987776,150962176,3,0.0,7045120,150929408,1,0.0,123607083,377301,3,8773,8773,8773,17655,24.2704538218089,3,40999129,40999129,40999129,41450779,24.2704538218089,30,41070951,41558497,41568647,41578857,242.704538218089,,,,,
c,shards,10,1,2,incoming,tcp,2,passed,,10,13323179,6983680,150962176,3,0.0,6983680,150962176,3,0.0,7041024,150929408,1,0.0,122891247,390766,3,8424,8424,8424,17610,24.411828126375834,3,40813241,40813241,40813241,40938145,24.411828126375834,30,40888767,41082490,41090892,41099246,244.11828126375835,,,,,
c,shards,10,1,2,periodic,tcp,0,passed,,10,12557344,6987776,150974464,3,0.0,6987776,150974464,3,0.0,7110656,150945792,1,0.0,301832784,499480,30,1144,6871,32385,39492,99.39278166681854,30,476637,557871,558363,559193,99.39278166681854,,,,,,0.0,,,,,
c,shards,10,1,2,periodic,tcp,1,passed,,10,13250171,6995968,150974464,3,0.0,6995968,150974464,3,0.0,7118848,150945792,1,0.0,301738215,302355,30,1337,17643,59509,80561,99.42393276237814,30,434185,557218,561321,564748,99.42393276237814,,,,,,0.0,,,,,
c,shards,10,1,2,periodic,tcp,2,passed,,10,12219842,6942720,150974464,3,0.0,6942720,150974464,3,0.0,7065600,150945792,1,0.0,301171625,150847,30,1687,12659,31774,47665,99.61097762778947,30,259034,417432,419222,423755,99.61097762778947,,,,,,0.0,,,,,
c,shards,10,1,2,publish,tcp,0,passed,,10,12629079,6995968,150974464,3,0.0,6995968,150974464,3,0.0,7053312,150945792,1,0.0,714978,223192,30,882,1759,4385,26590,41959.3330144424,30,169933,322211,323280,327535,41959.3330144424,,,,,,0.0,,,,,
c,shards,10,1,2,publish,tcp,1,passed,,10,12721136,6995968,150974464,3,0.0,6995968,150974464,3,0.0,7053312,150945792,1,0.0,1261938,377652,30,957,4313,4750,15770,23772.958734898228,30,369997,625384,630011,638077,23772.958734898228,,,,,,0.0,,,,,
c,shards,10,1,2,publish,tcp,2,passed,,10,12872129,6991872,150974464,3,0.0,6991872,150974464,3,0.0,7049216,150945792,1,0.0,1150471,468638,30,1508,5811,6161,33041,26076.27658585049,30,409256,457869,459648,461008,26076.27658585049,,,,,,0.0,,,,,
c,shards,10,2,0,idle,tcp,0,passed,,10,12750373,7380992,151425024,3,0.0,7380992,151425024,3,0.0,7487488,151425024,1,0.0,200017280,341752,,,,,,0.0,,,,,,0.0,,,,,,0.0,,,,,
c,shards,10,2,0,idle,tcp,1,passed,,10,12653537,7421952,151425024,3,0.0,7421952,151425024,3,0.0,7536640,151425024,1,0.0,200025177,462867,,,,,,0.0,,,,,,0.0,,,,,,0.0,,,,,
c,shards,10,2,0,idle,tcp,2,passed,,10,12746884,7421952,151425024,3,0.0,7421952,151425024,3,0.0,7528448,151425024,1,0.0,200014904,370339,,,,,,0.0,,,,,,0.0,,,,,,0.0,,,,,
c,shards,10,2,0,incoming,tcp,0,passed,,10,13100767,7426048,151437312,3,0.0,7426048,151437312,3,0.0,7467008,151437312,1,0.0,810987,340631,3,2760,2760,2760,16845,3699.1961646734167,3,71022,71022,71022,182287,3699.1961646734167,30,191792,368695,376436,384029,36991.96164673416,,,,,
c,shards,10,2,0,incoming,tcp,1,passed,,10,13177203,7438336,151437312,3,0.0,7438336,151437312,3,0.0,7483392,151437312,1,0.0,719190,235635,3,4661,4661,4661,25607,4171.359446043465,3,114165,114165,114165,146318,4171.359446043465,30,174423,349500,357274,364867,41713.59446043466,,,,,
c,shards,10,2,0,incoming,tcp,2,passed,,10,13926063,7467008,151437312,3,0.0,7467008,151437312,3,0.0,7507968,151437312,1,0.0,976692,363386,3,8760,8760,8760,27915,3071.5926822375936,3,84705,84705,84705,246160,3071.5926822375936,30,271852,360839,372923,382860,30715.92682237594,,,,,
c,shards,10,2,0,periodic,tcp,0,passed,,10,13141279,7417856,151425024,3,0.0,7417856,151425024,3,0.0,7544832,151425024,1,0.0,301235093,368541,30,2125,12141,18724,78189,99.58999033356316,30,280331,298895,300072,367849,99.58999033356316,,,,,,0.0,,,,,
c,shards,10,2,0,periodic,tcp,1,passed,,10,13328962,7417856,151425024,3,0.0,7417856,151425024,3,0.0,7548928,151425024,1,0.0,301072981,278617,30,1322,23302,28759,75821,99.64361431688883,30,270505,301949,308146,344868,99.64361431688883,,,,,,0.0,,,,,
c,shards,10,2,0,periodic,tcp,2,passed,,10,13108639,7409664,151425024,3,0.0,7409664,151425024,3,0.0,7536640,151425024,1,0.0,300947295,305739,30,1440,14396,63640,115289,99.68522893684757,30,212401,235326,249321,289292,99.68522893684757,,,,,,0.0,,,,,
c,shards,10,2,0,publish,tcp,0,passed,,10,12648947,7417856,151425024,3,0.0,7417856,151425024,3,0.0,7483392,151425024,1,0.0,412941,191073,30,1251,5001,5272,25884,72649.60369641184,30,64050,243680,248490,272016,72649.60369641184,,,,,,0.0,,,,,
c,shards,10,2,0,publish,tcp,1,passed,,10,12919576,7368704,151425024,3,0.0,7368704,151425024,3,0.0,7438336,151425024,1,0.0,453445,191274,30,1409,3584,7148,17344,66160.17378072313,30,73992,282194,285528,299986,66160.17378072313,,,,,,0.0,,,,,
c,shards,10,2,0,publish,tcp,2,passed,,10,13336452,7409664,151425024,3,0.0,7409664,151425024,3,0.0,7471104,151425024,1,0.0,348193,235005,30,1416,4224,5165,20096,86159.11290577352,30,59946,178007,179425,181273,86159.11290577352,,,,,,0.0,,,,,
c,shards,10,2,0,reconnect,tcp,0,passed,,10,13023441,7380992,151425024,3,0.0,7380992,151425024,3,0.0,7602176,151425024,1,0.03,9599684,250564,,,,,,0.0,,,,,,0.0,,,,,,0.0,,,,,
c,shards,10,2,0,reconnect,tcp,1,passed,,10,13374439,7421952,151425024,3,0.0,7421952,151425024,3,0.0,7630848,151425024,1,0.02,6972294,208628,,,,,,0.0,,,,,,0.0,,,,,,0.0,,,,,
c,shards,10,2,0,reconnect,tcp,2,passed,,10,13337654,7413760,151425024,3,0.0,7413760,151425024,3,0.0,7622656,151425024,1,0.02,7501769,378461,,,,,,0.0,,,,,,0.0,,,,,,0.0,,,,,
c,shards,10,2,1,incoming,tcp,0,passed,,10,13505073,7454720,151437312,3,0.0,7454720,151437312,3,0.0,7495680,151437312,1,0.0,83168624,374810,3,10216,10216,10216,25500,36.071295348111086,3,40511369,40511369,40511369,41906020,36.071295348111086,30,40586528,42018600,42029612,42040710,360.71295348111084,,,,,
c,shards,10,2,1,incoming,tcp,1,passed,,10,13011477,7467008,151437312,3,0.0,7467008,151437312,3,0.0,7507968,151437312,1,0.0,82742015,451237,3,7724,7724,7724,17128,36.25727509778436,3,40635851,40635851,40635851,41313823,36.25727509778436,30,40682808,41411470,41421615,41431783,362.5727509778436,,,,,
c,shards,10,2,1,incoming,tcp,2,passed,,10,13280538,7471104,151437312,3,0.0,7471104,151437312,3,0.0,7512064,151437312,1,0.0,81966113,311700,3,12789,12789,12789,18942,36.60049122983299,3,40548942,40548942,40548942,40851767,36.60049122983299,30,40622759,40937136,40945079,40952641,366.00491229832994,,,,,
c,shards,10,2,1,periodic,tcp,0,passed,,10,12975149,7405568,151425024,3,0.0,7405568,151425024,3,0.0,7536640,151425024,1,0.0,301639432,300411,30,1398,36917,49199,68530,99.45649281026361,30,334516,597849,599174,599743,99.45649281026361,,,,,,0.0,,,,,
c,shards,10,2,1,periodic,tcp,1,passed,,10,13057875,7389184,151425024,3,0.0,7389184,151425024,3,0.0,7520256,151425024,1,0.0,301421253,290316,30,2089,10708,15799,20181,99.52848281736789,30,389935,415816,417947,420166,99.52848281736789,,,,,,0.0,,,,,
c,shards,10,2,1,periodic,tcp,2,passed,,10,12648964,7409664,151425024,3,0.0,7409664,151425024,3,0.0,7540736,151425024,1,0.0,300997039,343777,30,2574,21148,24182,30350,99.66875454877814,30,274098,295941,300243,314407,99.66875454877814,,,,,,0.0,,,,,
c,shards,10,2,1,publish,tcp,0,passed,,10,12721402,7421952,151425024,3,0.0,7421952,151425024,3,0.0,7483392,151425024,1,0.0,871290,239964,30,1230,4647,5940,24213,34431.704713700376,30,206537,406640,410031,432006,34431.704713700376,,,,,,0.0,,,,,
c,shards,10,2,1,publish,tcp,1,passed,,10,12834932,7430144,151425024,3,0.0,7430144,151425024,3,0.0,7491584,151425024,1,0.0,800714,297622,30,1423,4937,4954,19022,37466.561094223405,30,274365,288677,293426,310442,37466.561094223405,,,,,,0.0,,,,,
c,shards,10,2,1,publish,tcp,2,passed,,10,13588350,7368704,151425024,3,0.0,7368704,151425024,3,0.0,7430144,151425024,1,0.0,729284,295945,30,1829,6493,7455,27180,41136.23773454512,30,233049,245887,248400,254317,41136.23773454512,,,,,,0.0,,,,,
c,shards,10,2,2,incoming,tcp,0,passed,,10,13621742,7467008,151437312,3,0.0,7467008,151437312,3,0.0,7512064,151437312,1,0.0,123088818,303581,3,10985,10985,10985,19356,24.372644475308878,3,40881381,40881381,40881381,41032624,24.372644475308878,30,40959453,41134206,41144390,41154472,243.72644475308877,,,,,
c,shards,10,2,2,incoming,tcp,1,passed,,10,13067212,7471104,151437312,3,0.0,7471104,151437312,3,0.0,7520256,151437312,1,0.0,123191842,323599,3,11041,11041,11041,19107,24.352261897342196,3,40928321,40928321,40928321,41164349,24.352261897342196,30,40999157,41293473,41303542,41313517,243.52261897342197,,,,,
c,shards,10,2,2,incoming,tcp,2,passed,,10,13756951,7467008,151437312,3,0.0,7467008,151437312,3,0.0,7512064,151437312,1,0.0,124450376,404575,3,13408,13408,13408,20214,24.105993862163984,3,40897351,40897351,40897351,42355851,24.105993862163984,30,40983499,42433964,42441581,42449343,241.05993862163984,,,,,
c,shards,10,2,2,periodic,tcp,0,passed,,10,12874302,7413760,151425024,3,0.0,7413760,151425024,3,0.0,7548928,151425024,1,0.0,301873921,289708,30,2006,16385,55565,66990,99.37923720148055,30,394436,465042,471045,524685,99.37923720148055,,,,,,0.0,,,,,
c,shards,10,2,2,periodic,tcp,1,passed,,10,13335864,7380992,151425024,3,0.0,7380992,151425024,3,0.0,7516160,151425024,1,0.0,301520654,315970,30,1962,17632,19408,20933,99.49567169617508,30,375539,467575,469504,473404,99.49567169617508,,,,,,0.0,,,,,
c,shards,10,2,2,periodic,tcp,2,passed,,10,12657287,7401472,151425024,3,0.0,7401472,151425024,3,0.0,7536640,151425024,1,0.0,301308862,284013,30,2375,18528,23236,56461,99.56560786453072,30,345964,444848,454994,509254,99.56560786453072,,,,,,0.0,,,,,
c,shards,10,2,2,publish,tcp,0,passed,,10,13312434,7401472,151425024,3,0.0,7401472,151425024,3,0.0,7471104,151425024,1,0.0,1105050,240726,30,1843,5524,6003,20408,27148.092846477535,30,292170,522170,524459,528405,27148.092846477535,,,,,,0.0,,,,,
c,shards,10,2,2,publish,tcp,1,passed,,10,13297560,7393280,151425024,3,0.0,7393280,151425024,3,0.0,7462912,151425024,1,0.0,925000,239195,30,1398,5364,7842,32084,32432.432432432433,30,278922,361583,363915,371448,32432.432432432433,,,,,,0.0,,,,,
c,shards,10,2,2,publish,tcp,2,passed,,10,13510771,7430144,151425024,3,0.0,7430144,151425024,3,0.0,7499776,151425024,1,0.0,858427,258894,30,1501,4793,5483,19484,34947.642606767964,30,245951,370087,374710,392243,34947.642606767964,,,,,,0.0,,,,,
c,shards,100,1,0,idle,tcp,0,passed,,100,133205809,13443072,152834048,3,0.0,13443072,152834048,3,0.0,13561856,152801280,1,0.01,200149926,1767862,,,,,,0.0,,,,,,0.0,,,,,,0.0,,,,,
c,shards,100,1,0,idle,tcp,1,passed,,100,134165691,13406208,152834048,3,0.01,13406208,152834048,3,0.01,13164544,152805376,1,0.02,200048569,1953737,,,,,,0.0,,,,,,0.0,,,,,,0.0,,,,,
c,shards,100,1,0,idle,tcp,2,passed,,100,134353963,13430784,152834048,3,0.02,13430784,152834048,3,0.02,13082624,152801280,1,0.02,200115331,2001509,,,,,,0.0,,,,,,0.0,,,,,,0.0,,,,,
c,shards,100,1,0,incoming,tcp,0,passed,,100,137018212,13590528,152829952,3,0.01,13590528,152829952,3,0.01,13701120,152829952,1,0.02,3345164,1766664,3,5194,5194,5194,20046,896.8170170431106,3,88344,88344,88344,153189,896.8170170431106,300,720107,1256376,1353145,1376570,89681.70170431105,,,,,
c,shards,100,1,0,incoming,tcp,1,passed,,100,131371026,13590528,152829952,3,0.01,13590528,152829952,3,0.01,13697024,152829952,1,0.02,2852311,1563211,3,2452,2452,2452,22673,1051.7787155748445,3,73817,73817,73817,129673,1051.7787155748445,300,556820,923256,978470,1002175,105177.87155748444,,,,,
c,shards,100,1,0,incoming,tcp,2,passed,,100,139995459,13594624,152829952,3,0.02,13594624,152829952,3,0.02,13701120,152829952,1,0.02,3700705,1687455,3,5861,5861,5861,22755,810.656347912087,3,87773,87773,87773,244928,810.656347912087,300,753095,1197840,1268048,1292635,81065.63479120871,,,,,
c,shards,100,1,0,periodic,tcp,0,passed,,100,130307385,13426688,152834048,3,0.0,13426688,152834048,3,0.0,13807616,152834048,1,0.02,303508656,2151702,300,1452,2612,10610,34511,988.4396839080596,300,897584,1117237,1127615,1130397,988.4396839080596,,,,,,0.0,,,,,
c,shards,100,1,0,periodic,tcp,1,passed,,100,136103611,13426688,152834048,3,0.01,13426688,152834048,3,0.01,13791232,152834048,1,0.01,303155192,1686584,300,1815,4267,7817,20297,989.5921558222892,300,576559,939715,1008805,1011802,989.5921558222892,,,,,,0.0,,,,,
c,shards,100,1,0,periodic,tcp,2,passed,,100,133194375,13447168,152834048,3,0.02,13447168,152834048,3,0.02,13795328,152834048,1,0.02,303040053,1142239,300,2094,5771,8142,59898,989.968147873839,300,622677,741767,766178,773469,989.968147873839,,,,,,0.0,,,,,
c,shards,100,1,0,publish,tcp,0,passed,,100,125998381,13406208,152834048,3,0.01,13406208,152834048,3,0.01,13692928,152834048,1,0.02,1840364,1425264,300,1448,3305,6048,14367,163011.23038703212,300,425961,755108,776170,783339,163011.23038703212,,,,,,0.0,,,,,
c,shards,100,1,0,publish,tcp,1,passed,,100,133944345,13430784,152834048,3,0.01,13430784,152834048,3,0.01,13746176,152834048,1,0.02,2085556,1369563,300,1592,3249,6515,37561,143846.53301086137,300,539322,816806,828012,861082,143846.53301086137,,,,,,0.0,,,,,
c,shards,100,1,0,publish,tcp,2,passed,,100,132647400,13418496,152834048,3,0.01,13418496,152834048,3,0.01,13709312,152834048,1,0.02,2372181,1508314,300,1570,4129,8481,31380,126465.89783831841,300,691010,939027,953304,956983,126465.89783831841,,,,,,0.0,,,,,
c,shards,100,1,0,reconnect,tcp,0,passed,,100,129145401,13434880,152834048,3,0.01,13434880,152834048,3,0.01,15032320,152801280,1,0.14,50684530,1835682,,,,,,0.0,,,,,,0.0,,,,,,0.0,,,,,
c,shards,100,1,0,reconnect,tcp,1,passed,,100,137461626,13434880,152834048,3,0.01,13434880,152834048,3,0.01,15507456,152801280,1,0.14,49203304,1921760,,,,,,0.0,,,,,,0.0,,,,,,0.0,,,,,
c,shards,100,1,0,reconnect,tcp,2,passed,,100,132902189,13430784,152834048,3,0.01,13430784,152834048,3,0.01,15413248,152805376,1,0.16,49803299,2357907,,,,,,0.0,,,,,,0.0,,,,,,0.0,,,,,
c,shards,100,1,1,incoming,tcp,0,passed,,100,135703576,13594624,152829952,3,0.01,13594624,152829952,3,0.01,13701120,152829952,1,0.02,85855154,1206716,3,6955,6955,6955,17298,34.94257316223555,3,41037668,41037668,41037668,41090162,34.94257316223555,300,41305475,41908004,42091254,42113896,3494.257316223555,,,,,
c,shards,100,1,1,incoming,tcp,1,passed,,100,137410884,13594624,152829952,3,0.01,13594624,152829952,3,0.01,13713408,152829952,1,0.02,86153269,1594632,3,7947,7947,7947,20094,34.821661845472164,3,40581669,40581669,40581669,42300204,34.821661845472164,300,41014255,42999914,43095459,43119009,3482.1661845472167,,,,,
c,shards,100,1,1,incoming,tcp,2,passed,,100,135616359,13611008,152829952,3,0.01,13611008,152829952,3,0.01,13729792,152829952,1,0.03,85618881,2060041,3,7350,7350,7350,33745,35.03900033451733,3,40634795,40634795,40634795,41140257,35.03900033451733,300,41059961,41868288,41969882,41996870,3503.9000334517336,,,,,
c,shards,100,1,1,periodic,tcp,0,passed,,100,137659769,13430784,152834048,3,0.01,13430784,152834048,3,0.01,13778944,152834048,1,0.02,303786368,886190,300,1597,3415,13934,49962,987.5360832517672,300,787112,1126774,1144116,1146500,987.5360832517672,,,,,,0.0,,,,,
c,shards,100,1,1,periodic,tcp,1,passed,,100,132608040,13434880,152834048,3,0.01,13434880,152834048,3,0.01,13819904,152834048,1,0.02,303654469,1734422,300,1357,2730,8403,87154,987.9650412785461,300,862663,1071191,1082183,1084352,987.9650412785461,,,,,,0.0,,,,,
c,shards,100,1,1,periodic,tcp,2,passed,,100,141287305,13418496,152834048,3,0.01,13418496,152834048,3,0.01,13795328,152834048,1,0.03,304616129,1621105,300,1927,3864,18339,51173,984.8460781930559,300,1188929,1555489,1573722,1600577,984.8460781930559,,,,,,0.0,,,,,
c,shards,100,1,1,publish,tcp,0,passed,,100,128571695,13438976,152834048,3,0.0,13438976,152834048,3,0.0,13750272,152834048,1,0.02,2575670,846349,300,800,2446,5676,17185,116474.5483699387,300,698217,950953,974103,980074,116474.5483699387,,,,,,0.0,,,,,
c,shards,100,1,1,publish,tcp,1,passed,,100,128247694,13430784,152834048,3,0.01,13430784,152834048,3,0.01,13737984,152834048,1,0.01,3059176,1288719,300,912,2459,4151,17484,98065.62289976125,300,884233,924034,939928,943852,98065.62289976125,,,,,,0.0,,,,,
c,shards,100,1,1,publish,tcp,2,passed,,100,134125940,13430784,152834048,3,0.01,13430784,152834048,3,0.01,13742080,152834048,1,0.02,3475916,1696720,300,1130,2301,5950,36892,86308.18466269036,300,846007,1244001,1256627,1282134,86308.18466269036,,,,,,0.0,,,,,
c,shards,100,1,2,incoming,tcp,0,passed,,100,129944484,13578240,152829952,3,0.01,13578240,152829952,3,0.01,13688832,152829952,1,0.02,126535925,1853526,3,5196,5196,5196,16319,23.708681941511866,3,41248801,41248801,41248801,41693234,23.708681941511866,300,41782731,42379314,42472155,42495920,2370.868194151187,,,,,
c,shards,100,1,2,incoming,tcp,1,passed,,100,132772411,13533184,152829952,3,0.01,13533184,152829952,3,0.01,13643776,152829952,1,0.02,125513286,1771519,3,8511,8511,8511,17400,23.901852111496787,3,40938575,40938575,40938575,41314878,23.901852111496787,300,41439230,42044027,42145804,42169699,2390.1852111496787,,,,,
c,shards,100,1,2,incoming,tcp,2,passed,,100,141948319,13578240,152829952,3,0.01,13578240,152829952,3,0.01,13688832,152829952,1,0.03,127469394,2258706,3,14032,14032,14032,42826,23.535061286947045,3,41426758,41426758,41426758,42194827,23.535061286947045,300,41899665,43007925,43156065,43189206,2353.5061286947043,,,,,
c,shards,100,1,2,periodic,tcp,0,passed,,100,129844178,13430784,152834048,3,0.01,13430784,152834048,3,0.01,13832192,152834048,1,0.01,305494362,986290,300,1931,4378,8205,53512,982.0148497535938,300,1322931,1988278,2019501,2027311,982.0148497535938,,,,,,0.0,,,,,
c,shards,100,1,2,periodic,tcp,1,passed,,100,127280531,13430784,152834048,3,0.01,13430784,152834048,3,0.01,13864960,152834048,1,0.02,305805073,1003682,300,1491,2760,14912,101695,981.0170807728883,300,1816884,2018256,2042233,2046195,981.0170807728883,,,,,,0.0,,,,,
c,shards,100,1,2,periodic,tcp,2,passed,,100,137105188,13377536,152834048,3,0.02,13377536,152834048,3,0.02,13803520,152834048,1,0.03,306700386,1770953,300,2021,4961,15411,87466,978.1533173551337,300,1930043,2102329,2119412,2125920,978.1533173551337,,,,,,0.0,,,,,
c,shards,100,1,2,publish,tcp,0,passed,,100,132499243,13414400,152834048,3,0.01,13414400,152834048,3,0.01,13766656,152834048,1,0.02,4999897,926370,300,785,2370,5629,19213,60001.23602546212,300,1503886,1805812,1821601,1844074,60001.23602546212,,,,,,0.0,,,,,
c,shards,100,1,2,publish,tcp,1,passed,,100,129150177,13434880,152834048,3,0.01,13434880,152834048,3,0.01,13783040,152834048,1,0.02,5137095,1524832,300,767,2248,4932,15985,58398.76428214779,300,1376450,1775676,1781801,1782907,58398.76428214779,,,,,,0.0,,,,,
c,shards,100,1,2,publish,tcp,2,passed,,100,132059627,13434880,152834048,3,0.01,13434880,152834048,3,0.01,13766656,152834048,1,0.02,6031296,1556529,300,1731,3680,9599,22007,49740.553274122176,300,1904167,2023712,2048016,2053620,49740.553274122176,,,,,,0.0,,,,,
c,shards,100,2,0,idle,tcp,0,passed,,100,132802922,16150528,158208000,3,0.01,16150528,158208000,3,0.01,16330752,158343168,1,0.02,200020629,1450118,,,,,,0.0,,,,,,0.0,,,,,,0.0,,,,,
c,shards,100,2,0,idle,tcp,1,passed,,100,129222345,16158720,158208000,3,0.01,16158720,158208000,3,0.01,16338944,158339072,1,0.01,200162960,2029528,,,,,,0.0,,,,,,0.0,,,,,,0.0,,,,,
c,shards,100,2,0,idle,tcp,2,passed,,100,137827995,16080896,158208000,3,0.02,16080896,158208000,3,0.02,16261120,158208000,1,0.02,200043979,1402353,,,,,,0.0,,,,,,0.0,,,,,,0.0,,,,,
c,shards,100,2,0,incoming,tcp,0,passed,,100,146557139,16576512,158343168,3,0.01,16576512,158343168,3,0.01,16732160,158343168,1,0.02,4200449,1976003,3,6223,6223,6223,37035,714.2093619039298,3,110375,110375,110375,188202,714.2093619039298,300,884787,1422985,1558816,1589133,71420.93619039298,,,,,
c,shards,100,2,0,incoming,tcp,1,passed,,100,134717236,16584704,158343168,3,0.01,16584704,158343168,3,0.01,16740352,158343168,1,0.01,3404930,2001110,3,2606,2606,2606,29874,881.0753818727551,3,224241,224241,224241,233986,881.0753818727551,300,740940,1187856,1284296,1308459,88107.53818727551,,,,,
c,shards,100,2,0,incoming,tcp,2,passed,,100,139361335,16572416,158343168,3,0.02,16572416,158343168,3,0.02,16715776,158343168,1,0.02,3058990,1064534,3,5787,5787,5787,19225,980.715857194695,3,57874,57874,57874,201569,980.715857194695,300,630342,1010440,1101723,1124415,98071.5857194695,,,,,
c,shards,100,2,0,periodic,tcp,0,passed,,100,138956444,16146432,158208000,3,0.01,16146432,158208000,3,0.01,16785408,158466048,1,0.02,303942311,1353047,300,1415,2893,6712,21100,987.0294103278039,300,1055556,1238218,1252200,1254932,987.0294103278039,,,,,,0.0,,,,,
c,shards,100,2,0,periodic,tcp,1,passed,,100,129279258,16179200,158208000,3,0.01,16179200,158208000,3,0.01,16777216,158478336,1,0.02,303400620,1951468,300,1880,4418,18756,122625,988.7916511179179,300,867549,1132885,1144694,1170738,988.7916511179179,,,,,,0.0,,,,,
c,shards,100,2,0,periodic,tcp,2,passed,,100,133179100,16171008,158208000,3,0.01,16171008,158208000,3,0.01,16826368,158478336,1,0.02,302851402,1587672,300,1503,4025,18984,75316,990.5848149251757,300,688334,1037842,1055581,1151243,990.5848149251757,,,,,,0.0,,,,,
c,shards,100,2,0,publish,tcp,0,passed,,100,134380207,16158720,158208000,3,0.02,16158720,158208000,3,0.02,16732160,158343168,1,0.02,2799801,1510551,300,1216,3651,7476,28538,107150.47248000841,300,773996,982509,1005497,1009288,107150.47248000841,,,,,,0.0,,,,,
c,shards,100,2,0,publish,tcp,1,passed,,100,142254198,16187392,158208000,3,0.0,16187392,158208000,3,0.0,16736256,158343168,1,0.02,1700802,918645,300,1744,5062,13948,42751,176387.37489725434,300,244127,715195,736078,742642,176387.37489725434,,,,,,0.0,,,,,
c,shards,100,2,0,publish,tcp,2,passed,,100,134960833,16166912,158208000,3,0.01,16166912,158208000,3,0.01,16740352,158478336,1,0.02,2849921,1388755,300,1992,3988,6884,21296,105266.07579648698,300,745779,1032085,1056715,1065357,105266.07579648698,,,,,,0.0,,,,,
c,shards,100,2,0,reconnect,tcp,0,passed,,100,136269608,16187392,158208000,3,0.01,16187392,158208000,3,0.01,17199104,158343168,1,0.14,45853545,1305441,,,,,,0.0,,,,,,0.0,,,,,,0.0,,,,,
c,shards,100,2,0,reconnect,tcp,1,passed,,100,128055048,16084992,158208000,3,0.01,16084992,158208000,3,0.01,17051648,158343168,1,0.14,51350605,1598453,,,,,,0.0,,,,,,0.0,,,,,,0.0,,,,,
c,shards,100,2,0,reconnect,tcp,2,passed,,100,132158854,16138240,158208000,3,0.01,16138240,158208000,3,0.01,17154048,158334976,1,0.15,45444646,2132050,,,,,,0.0,,,,,,0.0,,,,,,0.0,,,,,
c,shards,100,2,1,incoming,tcp,0,passed,,100,137153810,16564224,158343168,3,0.02,16564224,158343168,3,0.02,16736256,158478336,1,0.02,85980240,1828076,3,6702,6702,6702,19638,34.89173791559549,3,40840214,40840214,40840214,41455950,34.89173791559549,300,41231855,42422944,42518686,42541623,3489.173791559549,,,,,
c,shards,100,2,1,incoming,tcp,1,passed,,100,138721904,16568320,158343168,3,0.02,16568320,158343168,3,0.02,16723968,158478336,1,0.02,85727906,1077272,3,16438,16438,16438,43002,34.99443926695235,3,40826166,40826166,40826166,41075376,34.99443926695235,300,41184681,42037822,42130429,42153349,3499.443926695235,,,,,
c,shards,100,2,1,incoming,tcp,2,passed,,100,149451466,16576512,158343168,3,0.02,16576512,158343168,3,0.02,16740352,158461952,1,0.03,86695487,1608117,3,10233,10233,10233,18475,34.6038773621515,3,41158784,41158784,41158784,42076921,34.6038773621515,300,41624203,42760429,42854314,42877467,3460.38773621515,,,,,
c,shards,100,2,1,periodic,tcp,0,passed,,100,136908973,16130048,158208000,3,0.01,16130048,158208000,3,0.01,16785408,158478336,1,0.02,302935534,972031,300,1203,2983,9649,54894,990.3097072791732,300,799326,910849,921542,968029,990.3097072791732,,,,,,0.0,,,,,
c,shards,100,2,1,periodic,tcp,1,passed,,100,131456271,16187392,158208000,3,0.01,16187392,158208000,3,0.01,16855040,158478336,1,0.03,305514247,2028057,300,1428,4765,16699,36688,981.9509333716932,300,1563775,1897651,1943784,1953630,981.9509333716932,,,,,,0.0,,,,,
c,shards,100,2,1,periodic,tcp,2,passed,,100,133954625,16183296,158208000,3,0.01,16183296,158208000,3,0.01,16855040,158478336,1,0.02,305090561,2219364,300,2362,5994,12050,68344,983.3145903192986,300,1487911,1756524,1771383,1773494,983.3145903192986,,,,,,0.0,,,,,
c,shards,100,2,1,publish,tcp,0,passed,,100,135001711,16162816,158208000,3,0.01,16162816,158208000,3,0.01,16764928,158478336,1,0.02,4097316,1807826,300,1368,2978,7204,26981,73218.66314436085,300,1087908,1524172,1543047,1572069,73218.66314436085,,,,,,0.0,,,,,
c,shards,100,2,1,publish,tcp,1,passed,,100,132943220,16162816,158208000,3,0.01,16162816,158208000,3,0.01,16769024,158478336,1,0.02,3834977,1753514,300,867,3773,6518,20803,78227.32704785453,300,1055002,1478365,1503422,1528870,78227.32704785453,,,,,,0.0,,,,,
c,shards,100,2,1,publish,tcp,2,passed,,100,137983142,16171008,158208000,3,0.01,16171008,158208000,3,0.01,16756736,158474240,1,0.02,4665008,2014322,300,1946,4416,14154,222262,64308.57138937382,300,1373837,1627686,1654192,1659544,64308.57138937382,,,,,,0.0,,,,,
c,shards,100,2,2,incoming,tcp,0,passed,,100,141566152,16576512,158343168,3,0.01,16576512,158343168,3,0.01,16764928,158470144,1,0.02,126625969,1919408,3,9072,9072,9072,19795,23.691822646585237,3,41348696,41348696,41348696,41772428,23.691822646585237,300,41822489,42474647,42565794,42588336,2369.1822646585238,,,,,
c,shards,100,2,2,incoming,tcp,1,passed,,100,136123623,16478208,158343168,3,0.01,16478208,158343168,3,0.01,16646144,158343168,1,0.02,126050779,1183285,3,11277,11277,11277,17307,23.799932247939537,3,41158866,41158866,41158866,41450097,23.799932247939537,300,41541742,42394840,42487374,42510335,2379.9932247939537,,,,,
c,shards,100,2,2,incoming,tcp,2,passed,,100,130706299,16547840,158343168,3,0.01,16547840,158343168,3,0.01,16723968,158457856,1,0.02,127247220,2450572,3,9135,9135,9135,17368,23.576153569406074,3,41289394,41289394,41289394,41929174,23.576153569406074,300,41769712,43096166,43240341,43274749,2357.6153569406074,,,,,
c,shards,100,2,2,periodic,tcp,0,passed,,100,136165488,16179200,158208000,3,0.01,16179200,158208000,3,0.01,16953344,158474240,1,0.02,307213424,1532255,300,1525,3827,21624,93543,976.5198281179275,300,2082745,2234262,2249992,2250458,976.5198281179275,,,,,,0.0,,,,,
c,shards,100,2,2,periodic,tcp,1,passed,,100,130403934,16134144,158208000,3,0.0,16134144,158208000,3,0.0,16883712,158343168,1,0.01,304643552,1043469,300,1533,3302,12240,41161,984.7574256224533,300,1294682,1412629,1430963,1440745,984.7574256224533,,,,,,0.0,,,,,
c,shards,100,2,2,periodic,tcp,2,passed,,100,132162272,16171008,158208000,3,0.01,16171008,158208000,3,0.01,16908288,158470144,1,0.02,307716666,1974006,300,1577,4091,11827,48251,974.9228207223589,300,2167529,2729465,2750203,2753079,974.9228207223589,,,,,,0.0,,,,,
c,shards,100,2,2,publish,tcp,0,passed,,100,129223581,16158720,158208000,3,0.01,16158720,158208000,3,0.01,16846848,158457856,1,0.02,5467540,1801039,300,759,2725,6714,40070,54869.2830779473,300,1765179,1982624,1987324,1989242,54869.2830779473,,,,,,0.0,,,,,
c,shards,100,2,2,publish,tcp,1,passed,,100,131587410,16171008,158208000,3,0.01,16171008,158208000,3,0.01,16891904,158478336,1,0.02,6128369,1783318,300,1183,3742,9225,22171,48952.66587243686,300,1869927,2135474,2160351,2166108,48952.66587243686,,,,,,0.0,,,,,
c,shards,100,2,2,publish,tcp,2,passed,,100,135609090,16138240,158208000,3,0.01,16138240,158208000,3,0.01,16859136,158478336,1,0.03,7136710,1997310,300,1032,3076,11483,18449,42036.17633335248,300,2496614,2602113,2609856,2612143,42036.17633335248,,,,,,0.0,,,,,
c,shards,1000,1,0,idle,tcp,0,passed,,1000,1256403916,77881344,171429888,3,0.15,77881344,171429888,3,0.15,76795904,171429888,1,0.17,200055910,11706595,,,,,,0.0,,,,,,0.0,,,,,,0.0,,,,,
c,shards,1000,1,0,idle,tcp,1,passed,,1000,1237991748,77856768,171429888,3,0.14,77856768,171429888,3,0.14,76435456,171429888,1,0.16999999999999998,200129320,12630084,,,,,,0.0,,,,,,0.0,,,,,,0.0,,,,,
c,shards,1000,1,0,idle,tcp,2,passed,,1000,1290575500,77791232,171429888,3,0.18,77791232,171429888,3,0.18,73834496,171335680,1,0.21000000000000002,200120531,18178956,,,,,,0.0,,,,,,0.0,,,,,,0.0,,,,,
c,shards,1000,1,0,incoming,tcp,0,passed,,1000,1295722675,79691776,172269568,3,0.18,79691776,172269568,3,0.18,80347136,172384256,1,0.26,26543852,12776387,3,11366,11366,11366,18301,113.02052166354756,3,97863,97863,97863,116596,113.02052166354756,3000,4730393,8499609,9232564,9459658,113020.52166354755,,,,,
c,shards,1000,1,0,incoming,tcp,1,passed,,1000,1325869192,79740928,172281856,3,0.21000000000000002,79740928,172281856,3,0.21000000000000002,80326656,172281856,1,0.29,28805730,13373560,3,10788,10788,10788,20139,104.14594596283447,3,85389,85389,85389,146684,104.14594596283447,3000,5226886,9211447,9921270,10156329,104145.94596283448,,,,,
c,shards,1000,1,0,incoming,tcp,2,passed,,1000,1298980575,79728640,172269568,3,0.18,79728640,172269568,3,0.18,80261120,172224512,1,0.26,31458023,12036368,3,11121,11121,11121,18845,95.36517917861526,3,93197,93197,93197,175514,95.36517917861526,3000,5489240,10214095,10792349,11031658,95365.17917861526,,,,,
c,shards,1000,1,0,periodic,tcp,0,passed,,1000,1267204088,77848576,171425792,3,0.17,77848576,171425792,3,0.17,80236544,172507136,1,0.22,325426365,11923235,3000,1781,4121,8010,161440,9218.675321527806,3000,3875717,6185180,6503265,6599537,9218.675321527806,,,,,,0.0,,,,,
c,shards,1000,1,0,periodic,tcp,1,passed,,1000,1273160652,77873152,171429888,3,0.16999999999999998,77873152,171429888,3,0.16999999999999998,80257024,172511232,1,0.23,328544438,15744551,3000,2228,4491,11705,139373,9131.184865774534,3000,3616641,6262979,6960311,7110149,9131.184865774534,,,,,,0.0,,,,,
c,shards,1000,1,0,periodic,tcp,2,passed,,1000,1245714852,77840384,171429888,3,0.15000000000000002,77840384,171429888,3,0.15000000000000002,80175104,172511232,1,0.21000000000000002,317863328,11416961,3000,2020,4050,8638,160063,9438.018593953688,3000,2293205,3233638,3498019,3612098,9438.018593953688,,,,,,0.0,,,,,
c,shards,1000,1,0,publish,tcp,0,passed,,1000,1265502066,77844480,171429888,3,0.16999999999999998,77844480,171429888,3,0.16999999999999998,80121856,172511232,1,0.21,14727535,9941725,3000,1528,3318,4876,17621,203700.07608197842,3000,2018875,3718025,4001492,4080269,203700.07608197842,,,,,,0.0,,,,,
c,shards,1000,1,0,publish,tcp,1,passed,,1000,1266697589,77828096,171429888,3,0.16999999999999998,77828096,171429888,3,0.16999999999999998,80101376,172511232,1,0.24,20546794,17173099,3000,2018,4269,7528,48587,146008.18015696268,3000,2285368,5164775,5956121,6110496,146008.18015696268,,,,,,0.0,,,,,
c,shards,1000,1,0,publish,tcp,2,passed,,1000,1256691609,77852672,171429888,3,0.15,77852672,171429888,3,0.15,80142336,172511232,1,0.24,26281802,21244659,3000,2302,5264,9933,281892,114147.42413781217,3000,3492918,7254989,8093065,8174219,114147.42413781217,,,,,,0.0,,,,,
c,shards,1000,1,0,reconnect,tcp,0,passed,,1000,1251881504,77852672,171429888,3,0.15,77852672,171429888,3,0.15,84881408,171429888,1,0.51,130988718,12596316,,,,,,0.0,,,,,,0.0,,,,,,0.0,,,,,
c,shards,1000,1,0,reconnect,tcp,1,passed,,1000,1287046156,77832192,171429888,3,0.19,77832192,171429888,3,0.19,88190976,171429888,1,0.6,1214601743,16661324,,,,,,0.0,,,,,,0.0,,,,,,0.0,,,,,
c,shards,1000,1,0,reconnect,tcp,2,passed,,1000,1294925112,77864960,171425792,3,0.19,77864960,171425792,3,0.19,90951680,171397120,1,0.58,126934291,16075036,,,,,,0.0,,,,,,0.0,,,,,,0.0,,,,,
c,shards,1000,1,1,incoming,tcp,0,passed,,1000,1294425123,79720448,172281856,3,0.18,79720448,172281856,3,0.18,80240640,172281856,1,0.26,116458524,14107068,3,13260,13260,13260,18140,25.760244050491316,3,40408190,40408190,40408190,40923751,25.760244050491316,3000,43470596,49326611,50139790,50395881,25760.244050491314,,,,,
c,shards,1000,1,1,incoming,tcp,1,passed,,1000,1320834470,79720448,172285952,3,0.2,79720448,172285952,3,0.2,80408576,172285952,1,0.27,113339644,12792631,3,13216,13216,13216,18033,26.469114372725574,3,40731356,40731356,40731356,41196978,26.469114372725574,3000,43440649,49131691,50140306,50458988,26469.114372725577,,,,,
c,shards,1000,1,1,incoming,tcp,2,passed,,1000,1312860651,79728640,172285952,3,0.19,79728640,172285952,3,0.19,80375808,172285952,1,0.27,113056767,16759812,3,13123,13123,13123,17977,26.535342196721405,3,40598635,40598635,40598635,41607723,26.535342196721405,3000,43283945,48749638,49642803,49924911,26535.342196721405,,,,,
c,shards,1000,1,1,periodic,tcp,0,passed,,1000,1243926691,77869056,171429888,3,0.14,77869056,171429888,3,0.14,80261120,172498944,1,0.21000000000000002,323524278,13370274,3000,1776,3714,6450,80143,9272.874414698485,3000,3215305,5425083,6112819,6155876,9272.874414698485,,,,,,0.0,,,,,
c,shards,1000,1,1,periodic,tcp,1,passed,,1000,1244391374,77869056,171425792,3,0.15,77869056,171425792,3,0.15,80302080,172552192,1,0.22,326231493,12614116,3000,1979,4319,7064,31022,9195.923950849221,3000,3712898,6754193,7330696,7376352,9195.923950849221,,,,,,0.0,,,,,
c,shards,1000,1,1,periodic,tcp,2,passed,,1000,1247343640,77852672,171429888,3,0.14,77852672,171429888,3,0.14,80191488,172462080,1,0.22,329976243,11147145,3000,1837,3893,7318,115447,9091.563600837773,3000,4446620,8947924,9527293,9558182,9091.563600837773,,,,,,0.0,,,,,
c,shards,1000,1,1,publish,tcp,0,passed,,1000,1239569966,77860864,171425792,3,0.13,77860864,171425792,3,0.13,80207872,172613632,1,0.21,31123528,12951287,3000,1877,4069,8965,88465,96390.10076235574,3000,4365829,8222436,8867176,8917754,96390.10076235574,,,,,,0.0,,,,,
c,shards,1000,1,1,publish,tcp,1,passed,,1000,1275151820,77860864,171425792,3,0.17,77860864,171425792,3,0.17,80220160,172621824,1,0.25,29790916,14325784,3000,1907,4030,7189,55008,100701.83810393745,3000,3750132,8865773,10289633,10356360,100701.83810393745,,,,,,0.0,,,,,
c,shards,1000,1,1,publish,tcp,2,passed,,1000,1273763978,77881344,171429888,3,0.16,77881344,171429888,3,0.16,80220160,172630016,1,0.24,31393886,12212355,3000,1832,3496,7349,122560,95560.00808565081,3000,4197761,9093144,9452052,9484864,95560.00808565081,,,,,,0.0,,,,,
c,shards,1000,1,2,incoming,tcp,0,passed,,1000,1312171642,79683584,172269568,3,0.19,79683584,172269568,3,0.19,80449536,172404736,1,0.27,147582851,12213440,3,12804,12804,12804,18160,20.32756502312047,3,41227401,41227401,41227401,41522573,20.32756502312047,3000,45253937,48948988,49699742,49938927,20327.56502312047,,,,,
c,shards,1000,1,2,incoming,tcp,1,passed,,1000,1319655959,79650816,172269568,3,0.2,79650816,172269568,3,0.2,80273408,172224512,1,0.26,147122357,10551157,3,8803,8803,8803,17094,20.391190442931798,3,40848757,40848757,40848757,41143068,20.391190442931798,3000,45094664,48651658,49143226,49375647,20391.1904429318,,,,,
c,shards,1000,1,2,incoming,tcp,2,passed,,1000,1279998371,79699968,172269568,3,0.18,79699968,172269568,3,0.18,80281600,172224512,1,0.25,147236166,10995326,3,12880,12880,12880,28324,20.375428683737933,3,41127995,41127995,41127995,41258804,20.375428683737933,3000,45184448,48693448,49032640,49227596,20375.428683737933,,,,,
c,shards,1000,1,2,periodic,tcp,0,passed,,1000,1258666770,77856768,171429888,3,0.16,77856768,171429888,3,0.16,80695296,172642304,1,0.25,332627254,12480660,3000,1870,3840,7045,106016,9019.104610111113,3000,4456959,8237898,8483856,8535995,9019.104610111113,,,,,,0.0,,,,,
c,shards,1000,1,2,periodic,tcp,1,passed,,1000,1259549599,77803520,171429888,3,0.16,77803520,171429888,3,0.16,80728064,172646400,1,0.27,349787743,16479673,3000,1506,3172,6001,48136,8576.629856352629,3000,8464483,14523174,15438007,15485562,8576.629856352629,,,,,,0.0,,,,,
c,shards,1000,1,2,periodic,tcp,2,passed,,1000,1261129505,77869056,171429888,3,0.15000000000000002,77869056,171429888,3,0.15000000000000002,80756736,172646400,1,0.24,334916701,11860949,3000,1734,3361,5813,56562,8957.451184257307,3000,5433383,9389832,10617624,10688304,8957.451184257307,,,,,,0.0,,,,,
c,shards,1000,1,2,publish,tcp,0,passed,,1000,1260284488,77856768,171429888,3,0.16,77856768,171429888,3,0.16,80670720,172646400,1,0.25,42967445,12514049,3000,1753,3176,5468,53468,69820.30232423641,3000,7155651,14538186,15523017,15559934,69820.30232423641,,,,,,0.0,,,,,
c,shards,1000,1,2,publish,tcp,1,passed,,1000,1262003218,77856768,171429888,3,0.17,77856768,171429888,3,0.17,80674816,172634112,1,0.26,41005005,12102588,3000,1524,2895,5719,107454,73161.80061433963,3000,6960711,11971231,12830392,12880415,73161.80061433963,,,,,,0.0,,,,,
c,shards,1000,1,2,publish,tcp,2,passed,,1000,1256381896,77852672,171429888,3,0.16,77852672,171429888,3,0.16,80666624,172576768,1,0.25,37456637,12123699,3000,1900,3800,6737,19579,80092.61482818119,3000,6362718,10389812,11035888,11072148,80092.61482818119,,,,,,0.0,,,,,
c,shards,1000,2,0,idle,tcp,0,passed,,1000,1298077954,103747584,226111488,3,0.19,103747584,226111488,3,0.19,104742912,226111488,1,0.21000000000000002,200043174,15264422,,,,,,0.0,,,,,,0.0,,,,,,0.0,,,,,
c,shards,1000,2,0,idle,tcp,1,passed,,1000,1286255579,103747584,226111488,3,0.19,103747584,226111488,3,0.19,104849408,226111488,1,0.22,200153456,19356709,,,,,,0.0,,,,,,0.0,,,,,,0.0,,,,,
c,shards,1000,2,0,idle,tcp,2,passed,,1000,1263680968,103751680,226111488,3,0.16999999999999998,103751680,226111488,3,0.16999999999999998,104517632,225984512,1,0.18,200044371,16262184,,,,,,0.0,,,,,,0.0,,,,,,0.0,,,,,
c,shards,1000,2,0,incoming,tcp,0,passed,,1000,1309563643,107495424,227442688,3,0.19,107495424,227442688,3,0.19,108847104,227385344,1,0.28,24866443,13005037,3,15301,15301,15301,25188,120.64451678915235,3,164452,164452,164452,246744,120.64451678915235,3000,4396522,7902257,8222186,8374509,120644.51678915236,,,,,
c,shards,1000,2,0,incoming,tcp,1,passed,,1000,1314110368,107474944,227442688,3,0.21000000000000002,107474944,227442688,3,0.21000000000000002,108818432,227385344,1,0.28,30242721,12536476,3,11142,11142,11142,45396,99.19742340644547,3,212121,212121,212121,287600,99.19742340644547,3000,5511189,9643659,10186483,10370548,99197.42340644546,,,,,
c,shards,1000,2,0,incoming,tcp,2,passed,,1000,1341065165,107511808,227442688,3,0.21000000000000002,107511808,227442688,3,0.21000000000000002,108896256,227442688,1,0.28,26064504,13180355,3,12005,12005,12005,19343,115.09906346194042,3,98271,98271,98271,124303,115.09906346194042,3000,4618866,8413635,8887247,9102883,115099.06346194043,,,,,
c,shards,1000,2,0,periodic,tcp,0,passed,,1000,1253950726,103735296,226111488,3,0.15000000000000002,103735296,226111488,3,0.15000000000000002,108027904,227733504,1,0.22,322428489,13108891,3000,2486,5564,16565,280363,9304.38873222521,3000,2618185,4032054,4419305,4558883,9304.38873222521,,,,,,0.0,,,,,
c,shards,1000,2,0,periodic,tcp,1,passed,,1000,1246834338,103755776,226111488,3,0.14,103755776,226111488,3,0.14,108142592,227733504,1,0.21000000000000002,321268040,12895887,3000,2191,4224,8103,174644,9337.997019560366,3000,2696171,4208314,4572890,4608519,9337.997019560366,,,,,,0.0,,,,,
c,shards,1000,2,0,periodic,tcp,2,passed,,1000,1303941111,103727104,226111488,3,0.2,103727104,226111488,3,0.2,108433408,227852288,1,0.27,327399704,15522462,3000,1813,3853,7220,115357,9163.111521933446,3000,3782216,7481615,8407745,8625380,9163.111521933446,,,,,,0.0,,,,,
c,shards,1000,2,0,publish,tcp,0,passed,,1000,1268863669,103723008,226111488,3,0.17,103723008,226111488,3,0.17,107778048,227733504,1,0.22,18229618,13978922,3000,2330,5210,8133,138155,164567.35407181873,3000,2348359,3631756,4102368,4227546,164567.35407181873,,,,,,0.0,,,,,
c,shards,1000,2,0,publish,tcp,1,passed,,1000,1265501901,103747584,226111488,3,0.18,103747584,226111488,3,0.18,108077056,227749888,1,0.22999999999999998,17154739,11696966,3000,1511,3443,4938,101587,174878.7900532908,3000,2304547,4409980,4836983,4903797,174878.7900532908,,,,,,0.0,,,,,
c,shards,1000,2,0,publish,tcp,2,passed,,1000,1264988616,103677952,226111488,3,0.17,103677952,226111488,3,0.17,107683840,227733504,1,0.25,23512096,17465261,3000,2567,6206,10106,126153,127593.89890208002,3000,3000045,5353736,5745790,5798467,127593.89890208002,,,,,,0.0,,,,,
c,shards,1000,2,0,reconnect,tcp,0,passed,,1000,1259932721,103743488,226111488,3,0.16,103743488,226111488,3,0.16,109981696,226111488,1,0.51,119258554,15122467,,,,,,0.0,,,,,,0.0,,,,,,0.0,,,,,
c,shards,1000,2,0,reconnect,tcp,1,passed,,1000,1268898038,103723008,226111488,3,0.16999999999999998,103723008,226111488,3,0.16999999999999998,110215168,226111488,1,0.53,1053378236,14435687,,,,,,0.0,,,,,,0.0,,,,,,0.0,,,,,
c,shards,1000,2,0,reconnect,tcp,2,passed,,1000,1296164458,103731200,226111488,3,0.18,103731200,226111488,3,0.18,109899776,226111488,1,0.58,132838173,20218429,,,,,,0.0,,,,,,0.0,,,,,,0.0,,,,,
c,shards,1000,2,1,incoming,tcp,0,passed,,1000,1319883036,107483136,227442688,3,0.2,107483136,227442688,3,0.2,109084672,227442688,1,0.27,110977664,14855571,3,11522,11522,11522,19046,27.032466641215297,3,40511215,40511215,40511215,41206525,27.032466641215297,3000,42875948,48158845,48871874,49113846,27032.4666412153,,,,,
c,shards,1000,2,1,incoming,tcp,1,passed,,1000,1326251002,107544576,227442688,3,0.2,107544576,227442688,3,0.2,109010944,227385344,1,0.28,117150983,14315488,3,11626,11626,11626,58280,25.607979746956115,3,40578034,40578034,40578034,41472503,25.607979746956115,3000,43675468,50258374,50791961,50953738,25607.979746956113,,,,,
c,shards,1000,2,1,incoming,tcp,2,passed,,1000,1350073539,107503616,227442688,3,0.22,107503616,227442688,3,0.22,109031424,227577856,1,0.30000000000000004,113350059,14637963,3,20808,20808,20808,33804,26.466682297889232,3,41035034,41035034,41035034,41217917,26.466682297889232,3000,43477039,48893951,49428509,49666825,26466.68229788923,,,,,
c,shards,1000,2,1,periodic,tcp,0,passed,,1000,1257094871,103751680,226111488,3,0.15,103751680,226111488,3,0.15,108236800,227975168,1,0.25,334799157,14572082,3000,2059,3397,6101,201728,8960.596038776765,3000,5754854,10000893,10610174,10704900,8960.596038776765,,,,,,0.0,,,,,
c,shards,1000,2,1,periodic,tcp,1,passed,,1000,1270264697,103743488,226111488,3,0.18,103743488,226111488,3,0.18,108290048,227868672,1,0.27,331788416,14386339,3000,2206,3881,6613,93014,9041.906996536009,3000,4314407,10739943,11288114,11329165,9041.906996536009,,,,,,0.0,,,,,
c,shards,1000,2,1,periodic,tcp,2,passed,,1000,1270748210,103743488,226111488,3,0.16999999999999998,103743488,226111488,3,0.16999999999999998,108572672,227794944,1,0.27,338046797,14434344,3000,2319,4780,9612,144562,8874.510945299682,3000,5507639,10020987,10818154,10859389,8874.510945299682,,,,,,0.0,,,,,
c,shards,1000,2,1,publish,tcp,0,passed,,1000,1287380396,103751680,226111488,3,0.16999999999999998,103751680,226111488,3,0.16999999999999998,108113920,227868672,1,0.25,28481939,13108460,3000,1533,3075,4940,32275,105329.90748979556,3000,4452162,8330111,9062323,9110203,105329.90748979556,,,,,,0.0,,,,,
c,shards,1000,2,1,publish,tcp,1,passed,,1000,1263647297,103714816,226111488,3,0.16,103714816,226111488,3,0.16,108838912,227762176,1,0.24,27464560,14367732,3000,2217,4476,8522,142920,109231.67893459789,3000,3665057,6284602,6611813,6658618,109231.67893459789,,,,,,0.0,,,,,
c,shards,1000,2,1,publish,tcp,2,passed,,1000,1300278783,103739392,226111488,3,0.19,103739392,226111488,3,0.19,107933696,227856384,1,0.27,26534426,14918477,3000,2004,3964,5773,48992,113060.67069248078,3000,3638009,6526236,6892732,6928279,113060.67069248078,,,,,,0.0,,,,,
c,shards,1000,2,2,incoming,tcp,0,passed,,1000,1322840547,107487232,227442688,3,0.19,107487232,227442688,3,0.19,108937216,227389440,1,0.27,146591700,18148240,3,9846,9846,9846,34123,20.46500586322418,3,40617439,40617439,40617439,40764755,20.46500586322418,3000,44911934,48473992,48876660,49012460,20465.005863224178,,,,,
c,shards,1000,2,2,incoming,tcp,1,passed,,1000,1301555868,107548672,227442688,3,0.18,107548672,227442688,3,0.18,109084672,227442688,1,0.26,147639595,13631763,3,16704,16704,16704,24124,20.319752299510167,3,40970273,40970273,40970273,41583681,20.319752299510167,3000,45238583,48816404,49373938,49610378,20319.752299510168,,,,,
c,shards,1000,2,2,incoming,tcp,2,passed,,1000,1324459372,107495424,227442688,3,0.22,107495424,227442688,3,0.22,109002752,227385344,1,0.29000000000000004,149126731,12952790,3,10871,10871,10871,40024,20.117117701721767,3,40926884,40926884,40926884,41424317,20.117117701721767,3000,45626060,49297706,49679509,49917742,20117.117701721767,,,,,
c,shards,1000,2,2,periodic,tcp,0,passed,,1000,1259725606,103743488,226111488,3,0.16,103743488,226111488,3,0.16,109764608,228003840,1,0.26,342445016,14545979,3000,1944,3543,5859,120050,8760.530478855035,3000,7061232,12240517,13303948,13400358,8760.530478855035,,,,,,0.0,,,,,
c,shards,1000,2,2,periodic,tcp,1,passed,,1000,1259657126,103727104,226111488,3,0.16,103727104,226111488,3,0.16,109563904,227868672,1,0.26,340042837,14044654,3000,2246,4169,7186,206816,8822.417864958585,3000,6067727,10068867,11229013,11265974,8822.417864958585,,,,,,0.0,,,,,
c,shards,1000,2,2,periodic,tcp,2,passed,,1000,1255726940,103714816,226111488,3,0.16,103714816,226111488,3,0.16,109780992,227868672,1,0.27,346356435,14853801,3000,2048,4049,7949,73709,8661.597409039045,3000,7440882,13364685,14847465,15033663,8661.597409039045,,,,,,0.0,,,,,
c,shards,1000,2,2,publish,tcp,0,passed,,1000,1266838650,103731200,226111488,3,0.16,103731200,226111488,3,0.16,109494272,227868672,1,0.26,39556267,15176188,3000,2184,4088,6566,99557,75841.33255041482,3000,5761090,10460174,11013769,11042483,75841.33255041482,,,,,,0.0,,,,,
c,shards,1000,2,2,publish,tcp,1,passed,,1000,1262381354,103714816,226111488,3,0.16,103714816,226111488,3,0.16,109395968,227831808,1,0.27,43397261,14459695,3000,2102,4075,6640,111620,69128.78672227725,3000,6887543,12780862,13185313,13254037,69128.78672227725,,,,,,0.0,,,,,
c,shards,1000,2,2,publish,tcp,2,passed,,1000,1283222885,103702528,226111488,3,0.16999999999999998,103702528,226111488,3,0.16999999999999998,109268992,227868672,1,0.28,41664849,15268173,3000,1620,3201,6244,509179,72003.14106502582,3000,6727777,11541361,12186685,12202524,72003.14106502582,,,,,,0.0,,,,,
c,shared,1,1,0,idle,tcp,0,passed,,1,1471658,6508544,219910144,4,0.0,6508544,219910144,4,0.0,6623232,219910144,1,0.0,200012065,275403,,,,,,0.0,,,,,,0.0,,,,,,0.0,,,,,
c,shared,1,1,0,idle,tcp,1,passed,,1,1370401,6565888,219910144,4,0.0,6565888,219910144,4,0.0,6680576,219910144,1,0.0,200190821,517404,,,,,,0.0,,,,,,0.0,,,,,,0.0,,,,,
c,shared,1,1,0,idle,tcp,2,passed,,1,1395837,6529024,219910144,4,0.0,6529024,219910144,4,0.0,6643712,219910144,1,0.0,200019406,471694,,,,,,0.0,,,,,,0.0,,,,,,0.0,,,,,
c,shared,1,1,0,incoming,tcp,0,passed,,1,1687329,6524928,219910144,4,0.0,6524928,219910144,4,0.0,6574080,219910144,1,0.0,850019,248144,3,4059,4059,4059,15314,3529.3328737357638,3,194155,194155,194155,194298,3529.3328737357638,3,209585,209585,209585,450292,3529.3328737357638,,,,,
c,shared,1,1,0,incoming,tcp,1,passed,,1,1638014,6475776,219910144,4,0.0,6475776,219910144,4,0.0,6537216,219910144,1,0.0,979447,249236,3,11727,11727,11727,17904,3062.952870344184,3,119092,119092,119092,218333,3062.952870344184,3,321323,321323,321323,392704,3062.952870344184,,,,,
c,shared,1,1,0,incoming,tcp,2,passed,,1,1553430,6512640,219910144,4,0.0,6512640,219910144,4,0.0,6561792,219910144,1,0.0,626190,119589,3,4715,4715,4715,19223,4790.878167968189,3,44434,44434,44434,126646,4790.878167968189,3,163982,163982,163982,339825,4790.878167968189,,,,,
c,shared,1,1,0,periodic,tcp,0,passed,,1,1377293,6524928,219910144,4,0.0,6524928,219910144,4,0.0,6639616,219910144,1,0.0,301210072,299875,3,21198,21198,21198,66742,9.959826310190584,3,252497,252497,252497,459761,9.959826310190584,,,,,,0.0,,,,,
c,shared,1,1,0,periodic,tcp,1,passed,,1,1591448,6574080,219910144,4,0.0,6574080,219910144,4,0.0,6692864,219910144,1,0.0,301427668,436790,3,21681,21681,21681,56743,9.952636464679149,3,361697,361697,361697,470930,9.952636464679149,,,,,,0.0,,,,,
c,shared,1,1,0,periodic,tcp,2,passed,,1,1464526,6479872,219910144,4,0.0,6479872,219910144,4,0.0,6594560,219910144,1,0.0,300741145,242272,3,19669,19669,19669,40376,9.975356049136542,3,163711,163711,163711,164465,9.975356049136542,,,,,,0.0,,,,,
c,shared,1,1,0,publish,tcp,0,passed,,1,1587557,6533120,219910144,4,0.0,6533120,219910144,4,0.0,6582272,219910144,1,0.0,512695,301632,3,17226,17226,17226,17890,5851.432138015779,3,153161,153161,153161,269703,5851.432138015779,,,,,,0.0,,,,,
c,shared,1,1,0,publish,tcp,1,passed,,1,1417989,6508544,219910144,4,0.0,6508544,219910144,4,0.0,6557696,219910144,1,0.0,402065,416861,3,6924,6924,6924,18984,7461.48010893761,3,136881,136881,136881,162510,7461.48010893761,,,,,,0.0,,,,,
c,shared,1,1,0,publish,tcp,2,passed,,1,1395811,6529024,219910144,4,0.0,6529024,219910144,4,0.0,6582272,219910144,1,0.0,145168,503603,3,5053,5053,5053,18055,20665.71145155957,3,24570,24570,24570,103838,20665.71145155957,,,,,,0.0,,,,,
c,shared,1,1,0,reconnect,tcp,0,passed,,1,1484006,6483968,219910144,4,0.0,6483968,219910144,4,0.0,6606848,219910144,1,0.0,746418,410418,,,,,,0.0,,,,,,0.0,,,,,,0.0,,,,,
c,shared,1,1,0,reconnect,tcp,1,passed,,1,1414370,6479872,219910144,4,0.0,6479872,219910144,4,0.0,6602752,219910144,1,0.0,988503,324964,,,,,,0.0,,,,,,0.0,,,,,,0.0,,,,,
c,shared,1,1,0,reconnect,tcp,2,passed,,1,1480250,6529024,219910144,4,0.0,6529024,219910144,4,0.0,6656000,219910144,1,0.0,968949,277426,,,,,,0.0,,,,,,0.0,,,,,,0.0,,,,,
c,shared,1,1,1,incoming,tcp,0,passed,,1,1688831,6524928,219910144,4,0.0,6524928,219910144,4,0.0,6574080,219910144,1,0.0,82128184,398003,3,6979,6979,6979,17268,36.52826415837954,3,40524649,40524649,40524649,41015843,36.52826415837954,3,40553107,40553107,40553107,41045582,36.52826415837954,,,,,
c,shared,1,1,1,incoming,tcp,1,passed,,1,1652552,6508544,219910144,4,0.0,6508544,219910144,4,0.0,6561792,219910144,1,0.0,82603247,297332,3,6358,6358,6358,16726,36.31818492558773,3,40987980,40987980,40987980,41045277,36.31818492558773,3,41018261,41018261,41018261,41078648,36.31818492558773,,,,,
c,shared,1,1,1,incoming,tcp,2,passed,,1,1600710,6492160,219910144,4,0.0,6492160,219910144,4,0.0,6561792,219910144,1,0.0,82509834,388864,3,10878,10878,10878,16391,36.35930233479806,3,40981739,40981739,40981739,41121104,36.35930233479806,3,41008023,41008023,41008023,41150968,36.35930233479806,,,,,
c,shared,1,1,1,periodic,tcp,0,passed,,1,1487553,6492160,219910144,4,0.0,6492160,219910144,4,0.0,6631424,219910144,1,0.0,301653380,339987,3,15199,15199,15199,46200,9.945189409115853,3,414611,414611,414611,417354,9.945189409115853,,,,,,0.0,,,,,
c,shared,1,1,1,periodic,tcp,1,passed,,1,1533070,6479872,219910144,4,0.0,6479872,219910144,4,0.0,6598656,219910144,1,0.0,301282786,160669,3,50827,50827,50827,73555,9.957422525958718,3,407984,407984,407984,440854,9.957422525958718,,,,,,0.0,,,,,
c,shared,1,1,1,periodic,tcp,2,passed,,1,1454237,6492160,219910144,4,0.0,6492160,219910144,4,0.0,6610944,219910144,1,0.0,301380452,337991,3,21694,21694,21694,27699,9.954195702115411,3,402069,402069,402069,413118,9.954195702115411,,,,,,0.0,,,,,
c,shared,1,1,1,publish,tcp,0,passed,,1,1462930,6533120,219910144,4,0.0,6533120,219910144,4,0.0,6586368,219910144,1,0.0,920810,289759,3,9253,9253,9253,19176,3258.0011077203767,3,300901,300901,300901,318128,3258.0011077203767,,,,,,0.0,,,,,
c,shared,1,1,1,publish,tcp,1,passed,,1,1389257,6529024,219910144,4,0.0,6529024,219910144,4,0.0,6582272,219910144,1,0.0,787111,156415,3,8169,8169,8169,15591,3811.4065233493116,3,246413,246413,246413,298927,3811.4065233493116,,,,,,0.0,,,,,
c,shared,1,1,1,publish,tcp,2,passed,,1,1412038,6496256,219910144,4,0.0,6496256,219910144,4,0.0,6545408,219910144,1,0.0,743778,303182,3,4232,4232,4232,19164,4033.461597412131,3,226245,226245,226245,294056,4033.461597412131,,,,,,0.0,,,,,
c,shared,1,1,2,incoming,tcp,0,passed,,1,1632220,6524928,219910144,4,0.0,6524928,219910144,4,0.0,6574080,219910144,1,0.0,123182011,323966,3,17163,17163,17163,22174,24.354205420465167,3,40996680,40996680,40996680,41116260,24.354205420465167,3,41025814,41025814,41025814,41141003,24.354205420465167,,,,,
c,shared,1,1,2,incoming,tcp,1,passed,,1,1634192,6471680,219910144,4,0.0,6471680,219910144,4,0.0,6524928,219910144,1,0.0,123420384,482320,3,5005,5005,5005,14958,24.307167931028314,3,41086039,41086039,41086039,41505943,24.307167931028314,3,41122628,41122628,41122628,41528817,24.307167931028314,,,,,
c,shared,1,1,2,incoming,tcp,2,passed,,1,1543386,6541312,219910144,4,0.0,6541312,219910144,4,0.0,6598656,219910144,1,0.0,124649023,261551,3,8064,8064,8064,38729,24.067577328704775,3,41608688,41608688,41608688,41987549,24.067577328704775,3,41634687,41634687,41634687,42009776,24.067577328704775,,,,,
c,shared,1,1,2,periodic,tcp,0,passed,,1,1591782,6537216,219910144,4,0.0,6537216,219910144,4,0.0,6656000,219910144,1,0.0,301574894,272568,3,9348,9348,9348,31293,9.947777682050681,3,443636,443636,443636,449150,9.947777682050681,,,,,,0.0,,,,,
c,shared,1,1,2,periodic,tcp,1,passed,,1,1393292,6541312,219910144,4,0.0,6541312,219910144,4,0.0,6660096,219910144,1,0.0,301282430,449142,3,48923,48923,48923,61239,9.957434291803873,3,364128,364128,364128,488264,9.957434291803873,,,,,,0.0,,,,,
c,shared,1,1,2,periodic,tcp,2,passed,,1,1504394,6455296,219910144,4,0.0,6455296,219910144,4,0.0,6590464,219910144,1,0.0,301323702,259385,3,18609,18609,18609,21749,9.956070432189234,3,338626,338626,338626,419699,9.956070432189234,,,,,,0.0,,,,,
c,shared,1,1,2,publish,tcp,0,passed,,1,1464174,6533120,219910144,4,0.0,6533120,219910144,4,0.0,6586368,219910144,1,0.0,1054106,250121,3,4504,4504,4504,22957,2846.013588766215,3,353513,353513,353513,555223,2846.013588766215,,,,,,0.0,,,,,
c,shared,1,1,2,publish,tcp,1,passed,,1,1717180,6500352,219910144,4,0.0,6500352,219910144,4,0.0,6553600,219910144,1,0.0,578906,299897,3,2261,2261,2261,22004,5182.188472739961,3,144167,144167,144167,323302,5182.188472739961,,,,,,0.0,,,,,
c,shared,1,1,2,publish,tcp,2,passed,,1,1467386,6496256,219910144,4,0.0,6496256,219910144,4,0.0,6549504,219910144,1,0.0,478524,182794,3,3878,3878,3878,20109,6269.278029942072,3,116500,116500,116500,284907,6269.278029942072,,,,,,0.0,,,,,
c,shared,1,2,0,idle,tcp,0,passed,,1,1628216,6709248,220045312,4,0.0,6709248,220045312,4,0.0,6807552,220045312,1,0.0,200049691,379356,,,,,,0.0,,,,,,0.0,,,,,,0.0,,,,,
c,shared,1,2,0,idle,tcp,1,passed,,1,1476933,6742016,220045312,4,0.0,6742016,220045312,4,0.0,6840320,220045312,1,0.0,200247817,480917,,,,,,0.0,,,,,,0.0,,,,,,0.0,,,,,
c,shared,1,2,0,idle,tcp,2,passed,,1,1527513,6705152,220045312,4,0.0,6705152,220045312,4,0.0,6803456,220045312,1,0.0,200057500,268582,,,,,,0.0,,,,,,0.0,,,,,,0.0,,,,,
c,shared,1,2,0,incoming,tcp,0,passed,,1,1766695,6737920,220045312,4,0.0,6737920,220045312,4,0.0,6774784,220045312,1,0.0,979788,179376,3,2588,2588,2588,29100,3061.886857156854,3,108931,108931,108931,252223,3061.886857156854,3,317755,317755,317755,485954,3061.886857156854,,,,,
c,shared,1,2,0,incoming,tcp,1,passed,,1,1858323,6742016,220045312,4,0.0,6742016,220045312,4,0.0,6778880,220045312,1,0.0,605578,159165,3,1129,1129,1129,17947,4953.944826265155,3,87283,87283,87283,213814,4953.944826265155,3,150603,150603,150603,310916,4953.944826265155,,,,,
c,shared,1,2,0,incoming,tcp,2,passed,,1,1968933,6733824,220045312,4,0.0,6733824,220045312,4,0.0,6770688,220045312,1,0.0,443747,176847,3,5302,5302,5302,19626,6760.609085807904,3,135569,135569,135569,151149,6760.609085807904,3,166938,166938,166938,175797,6760.609085807904,,,,,
c,shared,1,2,0,periodic,tcp,0,passed,,1,1550145,6713344,220045312,4,0.0,6713344,220045312,4,0.0,6848512,220045312,1,0.0,300749445,349917,3,14998,14998,14998,18936,9.975080752019343,3,199690,199690,199690,226224,9.975080752019343,,,,,,0.0,,,,,
c,shared,1,2,0,periodic,tcp,1,passed,,1,1610021,6713344,220045312,4,0.0,6713344,220045312,4,0.0,6815744,220045312,1,0.0,300993886,388205,3,49301,49301,49301,57594,9.966979860846742,3,205561,205561,205561,218228,9.966979860846742,,,,,,0.0,,,,,
c,shared,1,2,0,periodic,tcp,2,passed,,1,1649597,6696960,220045312,4,0.0,6696960,220045312,4,0.0,6799360,220045312,1,0.0,300675626,326633,3,20015,20015,20015,35263,9.977529738310082,3,177465,177465,177465,218685,9.977529738310082,,,,,,0.0,,,,,
c,shared,1,2,0,publish,tcp,0,passed,,1,1526109,6709248,220045312,4,0.0,6709248,220045312,4,0.0,6746112,220045312,1,0.0,259650,208343,3,3708,3708,3708,32871,11554.015020219525,3,80146,80146,80146,161137,11554.015020219525,,,,,,0.0,,,,,
c,shared,1,2,0,publish,tcp,1,passed,,1,1700696,6729728,220045312,4,0.0,6729728,220045312,4,0.0,6766592,220045312,1,0.0,358428,274422,3,6757,6757,6757,21546,8369.88181726874,3,101085,101085,101085,183159,8369.88181726874,,,,,,0.0,,,,,
c,shared,1,2,0,publish,tcp,2,passed,,1,1537758,6733824,220045312,4,0.0,6733824,220045312,4,0.0,6770688,220045312,1,0.0,260171,248239,3,2108,2108,2108,30709,11530.877768852024,3,68088,68088,68088,168594,11530.877768852024,,,,,,0.0,,,,,
c,shared,1,2,0,reconnect,tcp,0,passed,,1,1487367,6729728,220045312,4,0.0,6729728,220045312,4,0.0,6848512,220045312,1,0.0,891183,152080,,,,,,0.0,,,,,,0.0,,,,,,0.0,,,,,
c,shared,1,2,0,reconnect,tcp,1,passed,,1,1634036,6709248,220045312,4,0.0,6709248,220045312,4,0.0,6877184,220045312,1,0.0,731443,207368,,,,,,0.0,,,,,,0.0,,,,,,0.0,,,,,
c,shared,1,2,0,reconnect,tcp,2,passed,,1,1541960,6717440,220045312,4,0.0,6717440,220045312,4,0.0,6836224,220045312,1,0.0,1137316,252140,,,,,,0.0,,,,,,0.0,,,,,,0.0,,,,,
c,shared,1,2,1,incoming,tcp,0,passed,,1,1768894,6721536,220045312,4,0.0,6721536,220045312,4,0.0,6758400,220045312,1,0.0,82201315,315092,3,3789,3789,3789,34230,36.49576652149665,3,40603270,40603270,40603270,41210823,36.49576652149665,3,40620163,40620163,40620163,41256230,36.49576652149665,,,,,
c,shared,1,2,1,incoming,tcp,1,passed,,1,1840338,6742016,220045312,4,0.0,6742016,220045312,4,0.0,6778880,220045312,1,0.0,82572288,341863,3,993,993,993,17012,36.331801778339965,3,41071510,41071510,41071510,41087888,36.331801778339965,3,41110617,41110617,41110617,41118201,36.331801778339965,,,,,
c,shared,1,2,1,incoming,tcp,2,passed,,1,1726284,6742016,220045312,4,0.0,6742016,220045312,4,0.0,6782976,220045312,1,0.0,82953282,288566,3,6583,6583,6583,19312,36.16493437836492,3,41020337,41020337,41020337,41574474,36.16493437836492,3,41040329,41040329,41040329,41597999,36.16493437836492,,,,,
c,shared,1,2,1,periodic,tcp,0,passed,,1,1533222,6733824,220045312,4,0.0,6733824,220045312,4,0.0,6836224,220045312,1,0.0,300938338,229060,3,21661,21661,21661,23309,9.96881959253726,3,244280,244280,244280,352444,9.96881959253726,,,,,,0.0,,,,,
c,shared,1,2,1,periodic,tcp,1,passed,,1,1609952,6737920,220045312,4,0.0,6737920,220045312,4,0.0,6840320,220045312,1,0.0,301874901,415405,3,44534,44534,44534,50816,9.937891457892354,3,463431,463431,463431,463714,9.937891457892354,,,,,,0.0,,,,,
c,shared,1,2,1,periodic,tcp,2,passed,,1,1449346,6713344,220045312,4,0.0,6713344,220045312,4,0.0,6815744,220045312,1,0.0,300970417,258144,3,35564,35564,35564,37189,9.967757063645228,3,327145,327145,327145,341539,9.967757063645228,,,,,,0.0,,,,,
c,shared,1,2,1,publish,tcp,0,passed,,1,1521744,6684672,220045312,4,0.0,6684672,220045312,4,0.0,6725632,220045312,1,0.0,423457,159745,3,8419,8419,8419,20869,7084.544593665944,3,92179,92179,92179,244835,7084.544593665944,,,,,,0.0,,,,,
c,shared,1,2,1,publish,tcp,1,passed,,1,1516594,6733824,220045312,4,0.0,6733824,220045312,4,0.0,6770688,220045312,1,0.0,815386,287054,3,10272,10272,10272,18851,3679.2390352544685,3,221182,221182,221182,416995,3679.2390352544685,,,,,,0.0,,,,,
c,shared,1,2,1,publish,tcp,2,passed,,1,1506580,6713344,220045312,4,0.0,6713344,220045312,4,0.0,6750208,220045312,1,0.0,465420,162965,3,5630,5630,5630,21207,6445.790898543251,3,132256,132256,132256,229793,6445.790898543251,,,,,,0.0,,,,,
c,shared,1,2,2,incoming,tcp,0,passed,,1,1741169,6737920,220045312,4,0.0,6737920,220045312,4,0.0,6778880,220045312,1,0.0,123459927,289543,3,2931,2931,2931,17612,24.29938258427773,3,40995835,40995835,40995835,41506775,24.29938258427773,3,41047726,41047726,41047726,41525835,24.29938258427773,,,,,
c,shared,1,2,2,incoming,tcp,1,passed,,1,1597549,6713344,220045312,4,0.0,6713344,220045312,4,0.0,6754304,220045312,1,0.0,124123943,323656,3,10828,10828,10828,18717,24.169390107112534,3,41184546,41184546,41184546,42006917,24.169390107112534,3,41232400,41232400,41232400,42031807,24.169390107112534,,,,,
c,shared,1,2,2,incoming,tcp,2,passed,,1,1575629,6782976,220045312,4,0.0,6782976,220045312,4,0.0,6819840,220045312,1,0.0,123332582,457286,3,14158,14158,14158,20756,24.32447250638116,3,41015941,41015941,41015941,41336153,24.32447250638116,3,41042524,41042524,41042524,41361887,24.32447250638116,,,,,
c,shared,1,2,2,periodic,tcp,0,passed,,1,1393672,6705152,220045312,4,0.0,6705152,220045312,4,0.0,6807552,220045312,1,0.0,301004990,262318,3,17746,17746,17746,24385,9.966612181412673,3,243479,243479,243479,328621,9.966612181412673,,,,,,0.0,,,,,
c,shared,1,2,2,periodic,tcp,1,passed,,1,1489579,6713344,220045312,4,0.0,6713344,220045312,4,0.0,6815744,220045312,1,0.0,301976831,284868,3,23492,23492,23492,27786,9.934536997641386,3,491370,491370,491370,537317,9.934536997641386,,,,,,0.0,,,,,
c,shared,1,2,2,periodic,tcp,2,passed,,1,1399083,6774784,220045312,4,0.0,6774784,220045312,4,0.0,6877184,220045312,1,0.0,301544450,207924,3,15597,15597,15597,21203,9.94878201207152,3,395080,395080,395080,432494,9.94878201207152,,,,,,0.0,,,,,
c,shared,1,2,2,publish,tcp,0,passed,,1,1638124,6746112,220045312,4,0.0,6746112,220045312,4,0.0,6782976,220045312,1,0.0,955641,260344,3,4540,4540,4540,19008,3139.2541759928677,3,282199,282199,282199,451957,3139.2541759928677,,,,,,0.0,,,,,
c,shared,1,2,2,publish,tcp,1,passed,,1,1535895,6742016,220045312,4,0.0,6742016,220045312,4,0.0,6778880,220045312,1,0.0,958716,281695,3,5228,5228,5228,16139,3129.1852853191144,3,259091,259091,259091,493652,3129.1852853191144,,,,,,0.0,,,,,
c,shared,1,2,2,publish,tcp,2,passed,,1,1369901,6729728,220045312,4,0.0,6729728,220045312,4,0.0,6766592,220045312,1,0.0,565826,214245,3,1079,1079,1079,17756,5301.983295217965,3,119337,119337,119337,329308,5301.983295217965,,,,,,0.0,,,,,
c,shared,10,1,0,idle,tcp,0,passed,,10,13012726,7200768,220184576,4,0.0,7200768,220184576,4,0.0,7319552,220147712,1,0.0,200260436,390288,,,,,,0.0,,,,,,0.0,,,,,,0.0,,,,,
c,shared,10,1,0,idle,tcp,1,passed,,10,12984502,7196672,220184576,4,0.0,7196672,220184576,4,0.0,7315456,220147712,1,0.0,200149168,608773,,,,,,0.0,,,,,,0.0,,,,,,0.0,,,,,
c,shared,10,1,0,idle,tcp,2,passed,,10,13740363,7163904,220184576,4,0.0,7163904,220184576,4,0.0,7278592,220147712,1,0.0,200143335,643320,,,,,,0.0,,,,,,0.0,,,,,,0.0,,,,,
c,shared,10,1,0,incoming,tcp,0,passed,,10,14257474,7172096,220057600,4,0.0,7172096,220057600,4,0.0,7229440,220057600,1,0.0,1001704,230381,3,4476,4476,4476,18420,2994.896696029965,3,91819,91819,91819,204720,2994.896696029965,30,235934,460983,470911,480778,29948.96696029965,,,,,
c,shared,10,1,0,incoming,tcp,1,passed,,10,13748843,7213056,220057600,4,0.0,7213056,220057600,4,0.0,7278592,220057600,1,0.0,938332,432081,3,5312,5312,5312,16906,3197.1626247426284,3,100466,100466,100466,170431,3197.1626247426284,30,269636,333544,341142,348739,31971.626247426284,,,,,
c,shared,10,1,0,incoming,tcp,2,passed,,10,13175016,7172096,220057600,4,0.0,7172096,220057600,4,0.0,7229440,220057600,1,0.0,755378,371933,3,4275,4275,4275,18818,3971.521542856689,3,76922,76922,76922,199444,3971.521542856689,30,170001,352214,362358,372529,39715.21542856689,,,,,
c,shared,10,1,0,periodic,tcp,0,passed,,10,12598582,7180288,220184576,4,0.0,7180288,220184576,4,0.0,7315456,220155904,1,0.0,300996459,503141,30,1669,16711,20120,70550,99.66894660378712,30,169807,230758,231949,232639,99.66894660378712,,,,,,0.0,,,,,
c,shared,10,1,0,periodic,tcp,1,passed,,10,13103630,7184384,220184576,4,0.0,7184384,220184576,4,0.0,7319552,220151808,1,0.0,301198013,583610,30,1066,53824,58057,61593,99.60225069612262,30,259444,329289,330022,375546,99.60225069612262,,,,,,0.0,,,,,
c,shared,10,1,0,periodic,tcp,2,passed,,10,12621940,7147520,220184576,4,0.0,7147520,220184576,4,0.0,7286784,220155904,1,0.0,300899405,318598,30,1312,15898,18107,58342,99.70109445713261,30,220146,325132,334802,392969,99.70109445713261,,,,,,0.0,,,,,
c,shared,10,1,0,publish,tcp,0,passed,,10,12812490,7241728,220184576,4,0.0,7241728,220184576,4,0.0,7315456,220155904,1,0.0,740773,436676,30,623,4441,5463,16633,40498.236301809055,30,214877,279959,281247,296235,40498.236301809055,,,,,,0.0,,,,,
c,shared,10,1,0,publish,tcp,1,passed,,10,12750122,7192576,220184576,4,0.0,7192576,220184576,4,0.0,7270400,220155904,1,0.0,649739,340605,30,1076,6319,8013,19805,46172.38614274347,30,157927,353382,355430,371459,46172.38614274347,,,,,,0.0,,,,,
c,shared,10,1,0,publish,tcp,2,passed,,10,12901160,7233536,220184576,4,0.0,7233536,220184576,4,0.0,7311360,220155904,1,0.0,499162,380484,30,823,6267,6366,19630,60100.72882150484,30,124736,242606,243973,245385,60100.72882150484,,,,,,0.0,,,,,
c,shared,10,1,0,reconnect,tcp,0,passed,,10,12577505,7159808,220184576,4,0.0,7159808,220184576,4,0.0,7553024,220147712,1,0.02,7492289,335677,,,,,,0.0,,,,,,0.0,,,,,,0.0,,,,,
c,shared,10,1,0,reconnect,tcp,1,passed,,10,12403121,7254016,220184576,4,0.0,7254016,220184576,4,0.0,7684096,220147712,1,0.03,8045809,400358,,,,,,0.0,,,,,,0.0,,,,,,0.0,,,,,
c,shared,10,1,0,reconnect,tcp,2,passed,,10,12706674,7192576,220184576,4,0.0,7192576,220184576,4,0.0,7643136,220147712,1,0.02,8026768,512221,,,,,,0.0,,,,,,0.0,,,,,,0.0,,,,,
c,shared,10,1,1,incoming,tcp,0,passed,,10,13251163,7217152,220057600,4,0.0,7217152,220057600,4,0.0,7282688,220057600,1,0.0,82876774,487289,3,11243,11243,11243,15731,36.19832017110125,3,40437428,40437428,40437428,41875333,36.19832017110125,30,40490583,41960225,41968099,41977219,361.98320171101255,,,,,
c,shared,10,1,1,incoming,tcp,1,passed,,10,13148178,7266304,220057600,4,0.0,7266304,220057600,4,0.0,7327744,220057600,1,0.0,82391469,456538,3,6853,6853,6853,149949,36.41153673325086,3,40536122,40536122,40536122,40924845,36.41153673325086,30,40592438,41029260,41039526,41049859,364.11536733250864,,,,,
c,shared,10,1,1,incoming,tcp,2,passed,,10,14123748,7208960,220057600,4,0.0,7208960,220057600,4,0.0,7266304,220057600,1,0.0,82473552,529735,3,7509,7509,7509,25512,36.375297622685146,3,40878886,40878886,40878886,40976140,36.375297622685146,30,40935684,41058232,41066179,41074039,363.7529762268515,,,,,
c,shared,10,1,1,periodic,tcp,0,passed,,10,12256756,7180288,220184576,4,0.0,7180288,220184576,4,0.0,7311360,220155904,1,0.0,301158789,418062,30,1537,21920,29523,33751,99.61522325021701,30,254771,343369,350188,382472,99.61522325021701,,,,,,0.0,,,,,
c,shared,10,1,1,periodic,tcp,1,passed,,10,12616165,7204864,220184576,4,0.0,7204864,220184576,4,0.0,7352320,220155904,1,0.0,301292490,445594,30,1108,13987,14203,32518,99.57101818236492,30,379662,420363,421488,422325,99.57101818236492,,,,,,0.0,,,,,
c,shared,10,1,1,periodic,tcp,2,passed,,10,13474337,7155712,220184576,4,0.0,7155712,220184576,4,0.0,7299072,220155904,1,0.0,301130428,338410,30,2043,22137,30783,52801,99.62460518935005,30,243794,327151,328827,328839,99.62460518935005,,,,,,0.0,,,,,
c,shared,10,1,1,publish,tcp,0,passed,,10,12716587,7188480,220184576,4,0.0,7188480,220184576,4,0.0,7258112,220155904,1,0.0,514753,182975,30,820,4232,5501,15873,58280.379133293056,30,130012,248516,249281,249590,58280.379133293056,,,,,,0.0,,,,,
c,shared,10,1,1,publish,tcp,1,passed,,10,13017138,7204864,220184576,4,0.0,7204864,220184576,4,0.0,7274496,220151808,1,0.0,1015432,400095,30,954,6139,19219,19842,29544.07582191619,30,170330,561245,562505,562659,29544.07582191619,,,,,,0.0,,,,,
c,shared,10,1,1,publish,tcp,2,passed,,10,12773743,7196672,220184576,4,0.0,7196672,220184576,4,0.0,7270400,220155904,1,0.0,625792,234986,30,870,2558,7698,20735,47939.25138065044,30,207711,229543,231118,232565,47939.25138065044,,,,,,0.0,,,,,
c,shared,10,1,2,incoming,tcp,0,passed,,10,14712331,7217152,220057600,4,0.0,7217152,220057600,4,0.0,7278592,220057600,1,0.0,124111309,291625,3,9121,9121,9121,20034,24.171850447568804,3,41025917,41025917,41025917,41867074,24.171850447568804,30,41101863,41992272,42003364,42014470,241.71850447568804,,,,,
c,shared,10,1,2,incoming,tcp,1,passed,,10,13696444,7180288,220057600,4,0.0,7180288,220057600,4,0.0,7245824,220057600,1,0.0,124495463,430286,3,10544,10544,10544,20176,24.097263689039014,3,41238583,41238583,41238583,41991273,24.097263689039014,30,41323825,42089988,42100370,42110597,240.97263689039013,,,,,
c,shared,10,1,2,incoming,tcp,2,passed,,10,14156034,7208960,220057600,4,0.0,7208960,220057600,4,0.0,7266304,220057600,1,0.0,124664477,430746,3,9002,9002,9002,17819,24.06459379763812,3,41576386,41576386,41576386,41959902,24.06459379763812,30,41648360,42062920,42073307,42083387,240.6459379763812,,,,,
c,shared,10,1,2,periodic,tcp,0,passed,,10,12688024,7229440,220184576,4,0.0,7229440,220184576,4,0.0,7376896,220155904,1,0.0,301015444,432265,30,1291,10341,15072,17619,99.66266049791119,30,278149,367145,367635,368830,99.66266049791119,,,,,,0.0,,,,,
c,shared,10,1,2,periodic,tcp,1,passed,,10,13101533,7180288,220184576,4,0.0,7180288,220184576,4,0.0,7323648,220155904,1,0.0,302073376,456487,30,1684,50356,56212,58684,99.31361842362433,30,505896,514481,550637,555178,99.31361842362433,,,,,,0.0,,,,,
c,shared,10,1,2,periodic,tcp,2,passed,,10,13216756,7098368,220184576,4,0.0,7098368,220184576,4,0.0,7249920,220155904,1,0.0,301689516,660936,30,1616,15483,16718,22864,99.43998186532939,30,437053,482094,483454,484719,99.43998186532939,,,,,,0.0,,,,,
c,shared,10,1,2,publish,tcp,0,passed,,10,12760835,7188480,220184576,4,0.0,7188480,220184576,4,0.0,7262208,220155904,1,0.0,827061,265430,30,960,5536,6707,21170,36273.01976516847,30,183213,383082,384735,385956,36273.01976516847,,,,,,0.0,,,,,
c,shared,10,1,2,publish,tcp,1,passed,,10,13178849,7208960,220184576,4,0.0,7208960,220184576,4,0.0,7299072,220151808,1,0.0,1307131,455255,30,768,3413,5906,26190,22951.02786178279,30,387688,513083,514667,538525,22951.02786178279,,,,,,0.0,,,,,
c,shared,10,1,2,publish,tcp,2,passed,,10,12844654,7176192,220184576,4,0.0,7176192,220184576,4,0.0,7262208,220155904,1,0.0,871192,334258,30,745,5631,14552,24303,34435.57792082572,30,217269,374520,374729,374998,34435.57792082572,,,,,,0.0,,,,,
c,shared,10,2,0,idle,tcp,0,passed,,10,13350950,7614464,220635136,4,0.0,7614464,220635136,4,0.0,7725056,220635136,1,0.0,200017908,370951,,,,,,0.0,,,,,,0.0,,,,,,0.0,,,,,
c,shared,10,2,0,idle,tcp,1,passed,,10,12941657,7663616,220635136,4,0.0,7663616,220635136,4,0.0,7770112,220635136,1,0.0,200218204,435781,,,,,,0.0,,,,,,0.0,,,,,,0.0,,,,,
c,shared,10,2,0,idle,tcp,2,passed,,10,13531567,7655424,220635136,4,0.0,7655424,220635136,4,0.0,7766016,220635136,1,0.0,200028826,372786,,,,,,0.0,,,,,,0.0,,,,,,0.0,,,,,
c,shared,10,2,0,incoming,tcp,0,passed,,10,13472572,7634944,220647424,4,0.0,7634944,220647424,4,0.0,7680000,220647424,1,0.0,917210,279290,3,8409,8409,8409,30582,3270.7885871283565,3,132052,132052,132052,250874,3270.7885871283565,30,238812,369224,379481,389582,32707.885871283568,,,,,
c,shared,10,2,0,incoming,tcp,1,passed,,10,13487040,7671808,220647424,4,0.0,7671808,220647424,4,0.0,7729152,220647424,1,0.0,1303497,478030,3,13507,13507,13507,19928,2301.50126927795,3,146186,146186,146186,205299,2301.50126927795,30,387023,482214,492478,502591,23015.0126927795,,,,,
c,shared,10,2,0,incoming,tcp,2,passed,,10,13523524,7602176,220647424,4,0.0,7602176,220647424,4,0.0,7655424,220647424,1,0.0,777576,365614,3,5669,5669,5669,22041,3858.1437698694403,3,54591,54591,54591,101690,3858.1437698694403,30,185424,396408,406291,416299,38581.437698694404,,,,,
c,shared,10,2,0,periodic,tcp,0,passed,,10,13130874,7610368,220635136,4,0.0,7610368,220635136,4,0.0,7761920,220635136,1,0.0,301609415,257570,30,1247,7689,17430,31898,99.46639099445885,30,340164,424761,425377,432053,99.46639099445885,,,,,,0.0,,,,,
c,shared,10,2,0,periodic,tcp,1,passed,,10,12998708,7655424,220635136,4,0.0,7655424,220635136,4,0.0,7806976,220635136,1,0.0,301061816,500164,30,1376,15188,23605,69761,99.64730964088784,30,328375,347887,361668,374085,99.64730964088784,,,,,,0.0,,,,,
c,shared,10,2,0,periodic,tcp,2,passed,,10,13425205,7618560,220635136,4,0.0,7618560,220635136,4,0.0,7761920,220635136,1,0.0,300707236,230754,30,1901,16437,21936,22991,99.76480911819495,30,165523,177839,180521,181331,99.76480911819495,,,,,,0.0,,,,,
c,shared,10,2,0,publish,tcp,0,passed,,10,13190626,7614464,220635136,4,0.0,7614464,220635136,4,0.0,7696384,220635136,1,0.0,366189,258775,30,1264,4591,4741,31888,81924.90762966665,30,74306,160785,161677,163885,81924.90762966665,,,,,,0.0,,,,,
c,shared,10,2,0,publish,tcp,1,passed,,10,12880099,7569408,220635136,4,0.0,7569408,220635136,4,0.0,7659520,220635136,1,0.0,527112,560706,30,1122,2149,7058,56178,56913.90065109502,30,78519,294749,296345,349719,56913.90065109502,,,,,,0.0,,,,,
c,shared,10,2,0,publish,tcp,2,passed,,10,13202841,7614464,220635136,4,0.0,7614464,220635136,4,0.0,7696384,220635136,1,0.0,383216,284614,30,994,1768,1800,32887,78284.83153104254,30,68098,196363,197983,199755,78284.83153104254,,,,,,0.0,,,,,
c,shared,10,2,0,reconnect,tcp,0,passed,,10,12656075,7593984,220635136,4,0.0,7593984,220635136,4,0.0,7933952,220635136,1,0.03,7981593,537838,,,,,,0.0,,,,,,0.0,,,,,,0.0,,,,,
c,shared,10,2,0,reconnect,tcp,1,passed,,10,13003730,7622656,220635136,4,0.0,7622656,220635136,4,0.0,8015872,220635136,1,0.02,7571576,400950,,,,,,0.0,,,,,,0.0,,,,,,0.0,,,,,
c,shared,10,2,0,reconnect,tcp,2,passed,,10,12839136,7614464,220635136,4,0.0,7614464,220635136,4,0.0,7901184,220635136,1,0.03,7086100,612067,,,,,,0.0,,,,,,0.0,,,,,,0.0,,,,,
c,shared,10,2,1,incoming,tcp,0,passed,,10,14316283,7634944,220647424,4,0.0,7634944,220647424,4,0.0,7692288,220647424,1,0.0,83471463,452724,3,6642,6642,6642,28314,35.94042673003108,3,40811750,40811750,40811750,41961319,35.94042673003108,30,40866107,42040766,42048792,42056895,359.4042673003108,,,,,
c,shared,10,2,1,incoming,tcp,1,passed,,10,14207136,7643136,220647424,4,0.0,7643136,220647424,4,0.0,7704576,220647424,1,0.0,82864828,679504,3,12547,12547,12547,19408,36.20353861109806,3,40867084,40867084,40867084,41242147,36.20353861109806,30,40936406,41347903,41358181,41368541,362.03538611098065,,,,,
c,shared,10,2,1,incoming,tcp,2,passed,,10,14681198,7655424,220647424,4,0.0,7655424,220647424,4,0.0,7708672,220647424,1,0.0,83869178,455552,3,9260,9260,9260,23171,35.769994073388915,3,41081279,41081279,41081279,41922079,35.769994073388915,30,41163506,42043225,42054892,42066375,357.69994073388915,,,,,
c,shared,10,2,1,periodic,tcp,0,passed,,10,12812592,7667712,220635136,4,0.0,7667712,220635136,4,0.0,7819264,220635136,1,0.0,301430295,441361,30,1428,14346,20664,21901,99.52549726297418,30,319691,440676,442053,461453,99.52549726297418,,,,,,0.0,,,,,
c,shared,10,2,1,periodic,tcp,1,passed,,10,13487406,7659520,220631040,4,0.0,7659520,220631040,4,0.0,7790592,220581888,1,0.0,301627814,720719,30,1427,8964,21254,50593,99.46032364243437,30,476986,538568,540468,589323,99.46032364243437,,,,,,0.0,,,,,
c,shared,10,2,1,periodic,tcp,2,passed,,10,12874632,7614464,220635136,4,0.0,7614464,220635136,4,0.0,7766016,220635136,1,0.0,301365255,542863,30,1340,15802,48274,49729,99.5469766413517,30,392128,450101,451531,490197,99.5469766413517,,,,,,0.0,,,,,
c,shared,10,2,1,publish,tcp,0,passed,,10,12913555,7610368,220635136,4,0.0,7610368,220635136,4,0.0,7692288,220635136,1,0.0,625114,289769,30,1073,1960,17169,18208,47991.24639665725,30,103052,365974,366540,366964,47991.24639665725,,,,,,0.0,,,,,
c,shared,10,2,1,publish,tcp,1,passed,,10,12561362,7651328,220635136,4,0.0,7651328,220635136,4,0.0,7729152,220635136,1,0.0,612809,226068,30,924,1609,1851,27505,48954.8945919528,30,147121,274619,280076,280963,48954.8945919528,,,,,,0.0,,,,,
c,shared,10,2,1,publish,tcp,2,passed,,10,13218946,7610368,220635136,4,0.0,7610368,220635136,4,0.0,7696384,220635136,1,0.0,602643,247077,30,1448,7020,7218,21750,49780.715946256736,30,130416,305999,308340,327438,49780.715946256736,,,,,,0.0,,,,,
c,shared,10,2,2,incoming,tcp,0,passed,,10,13445907,7651328,220647424,4,0.0,7651328,220647424,4,0.0,7704576,220647424,1,0.0,123298425,397476,3,8129,8129,8129,19790,24.331211043450068,3,40889924,40889924,40889924,41209860,24.331211043450068,30,40974223,41288124,41295858,41303304,243.31211043450068,,,,,
c,shared,10,2,2,incoming,tcp,1,passed,,10,13541623,7639040,220647424,4,0.0,7639040,220647424,4,0.0,7692288,220647424,1,0.0,123088466,448435,3,5666,5666,5666,16671,24.372714174535247,3,40899365,40899365,40899365,41194614,24.372714174535247,30,40949053,41272754,41280569,41288558,243.7271417453525,,,,,
c,shared,10,2,2,incoming,tcp,2,passed,,10,14309309,7671808,220647424,4,0.0,7671808,220647424,4,0.0,7720960,220647424,1,0.0,124208404,475699,3,11118,11118,11118,20386,24.1529550609152,3,41013171,41013171,41013171,42088747,24.1529550609152,30,41105963,42176605,42184610,42192577,241.529550609152,,,,,
c,shared,10,2,2,periodic,tcp,0,passed,,10,13616314,7593984,220635136,4,0.0,7593984,220635136,4,0.0,7753728,220635136,1,0.0,302200535,447792,30,1280,19632,36686,39405,99.27182954854796,30,473364,660240,661502,678710,99.27182954854796,,,,,,0.0,,,,,
c,shared,10,2,2,periodic,tcp,1,passed,,10,13211349,7622656,220635136,4,0.0,7622656,220635136,4,0.0,7786496,220635136,1,0.0,302232548,530830,30,917,9443,23780,62335,99.26131450276493,30,568448,665767,666701,674724,99.26131450276493,,,,,,0.0,,,,,
c,shared,10,2,2,periodic,tcp,2,passed,,10,12901410,7614464,220635136,4,0.0,7614464,220635136,4,0.0,7778304,220635136,1,0.0,301289168,206547,30,1778,22087,39839,81467,99.57211604766356,30,311697,351457,352918,394730,99.57211604766356,,,,,,0.0,,,,,
c,shared,10,2,2,publish,tcp,0,passed,,10,13034424,7585792,220635136,4,0.0,7585792,220635136,4,0.0,7680000,220635136,1,0.0,704198,412756,30,1187,3776,7654,30723,42601.654648266536,30,206605,250446,251719,252721,42601.654648266536,,,,,,0.0,,,,,
c,shared,10,2,2,publish,tcp,1,passed,,10,13278728,7634944,220635136,4,0.0,7634944,220635136,4,0.0,7729152,220635136,1,0.0,1315291,454415,30,728,3384,5901,24880,22808.64082549033,30,343109,648009,648808,660348,22808.64082549033,,,,,,0.0,,,,,
c,shared,10,2,2,publish,tcp,2,passed,,10,13404056,7626752,220635136,4,0.0,7626752,220635136,4,0.0,7720960,220635136,1,0.0,695923,218640,30,767,1736,2687,20427,43108.217432100966,30,139687,363201,364533,365642,43108.217432100966,,,,,,0.0,,,,,
c,shared,100,1,0,idle,tcp,0,passed,,100,136742861,13639680,222044160,4,0.01,13639680,222044160,4,0.01,13766656,221949952,1,0.01,200015385,1522461,,,,,,0.0,,,,,,0.0,,,,,,0.0,,,,,
c,shared,100,1,0,idle,tcp,1,passed,,100,134967058,13660160,222044160,4,0.01,13660160,222044160,4,0.01,13791232,222007296,1,0.01,200145268,1667618,,,,,,0.0,,,,,,0.0,,,,,,0.0,,,,,
c,shared,100,1,0,idle,tcp,2,passed,,100,135659147,13606912,222044160,4,0.01,13606912,222044160,4,0.01,13021184,222007296,1,0.02,200116603,1907750,,,,,,0.0,,,,,,0.0,,,,,,0.0,,,,,
c,shared,100,1,0,incoming,tcp,0,passed,,100,134848073,13844480,222052352,4,0.02,13844480,222052352,4,0.02,13979648,222052352,1,0.02,4084176,1721491,3,5543,5543,5543,16594,734.5422920070046,3,123173,123173,123173,255394,734.5422920070046,300,858404,1334550,1414446,1444549,73454.22920070046,,,,,
c,shared,100,1,0,incoming,tcp,1,passed,,100,140915428,13844480,222052352,4,0.02,13844480,222052352,4,0.02,13963264,222052352,1,0.02,3371602,1360485,3,7216,7216,7216,27449,889.7847373444433,3,160761,160761,160761,170176,889.7847373444433,300,676768,1255641,1388764,1411242,88978.47373444434,,,,,
c,shared,100,1,0,incoming,tcp,2,passed,,100,143941229,13799424,222052352,4,0.02,13799424,222052352,4,0.02,13934592,222052352,1,0.03,3763996,1177529,3,4660,4660,4660,19642,797.0252890810724,3,98493,98493,98493,203737,797.0252890810724,300,740832,1283549,1416475,1449637,79702.52890810724,,,,,
c,shared,100,1,0,periodic,tcp,0,passed,,100,135808437,13635584,222044160,4,0.01,13635584,222044160,4,0.01,14024704,222044160,1,0.02,302634032,1277530,300,1267,3185,10844,40606,991.2963126367757,300,651212,690229,697174,708535,991.2963126367757,,,,,,0.0,,,,,
c,shared,100,1,0,periodic,tcp,1,passed,,100,131852209,13668352,222044160,4,0.02,13668352,222044160,4,0.02,14057472,222044160,1,0.02,303777674,1339209,300,1670,3421,8693,28175,987.5643461540232,300,825044,1181793,1210348,1216001,987.5643461540232,,,,,,0.0,,,,,
c,shared,100,1,0,periodic,tcp,2,passed,,100,132013889,13668352,222044160,4,0.02,13668352,222044160,4,0.02,14057472,222044160,1,0.02,303059159,1444983,300,1799,3373,16149,34256,989.9057365232113,300,737937,978930,1002998,1007504,989.9057365232113,,,,,,0.0,,,,,
c,shared,100,1,0,publish,tcp,0,passed,,100,128780089,13656064,222044160,4,0.01,13656064,222044160,4,0.01,13963264,222044160,1,0.02,2074372,1238114,300,1326,2849,4655,18387,144622.08321361837,300,392039,934963,941762,952865,144622.08321361837,,,,,,0.0,,,,,
c,shared,100,1,0,publish,tcp,1,passed,,100,129547231,13672448,222044160,4,0.01,13672448,222044160,4,0.01,14004224,222044160,1,0.02,2837849,1307756,300,1175,3676,11480,74027,105713.86990639742,300,586283,1273838,1296385,1301147,105713.86990639742,,,,,,0.0,,,,,
c,shared,100,1,0,publish,tcp,2,passed,,100,133315684,13631488,222044160,4,0.01,13631488,222044160,4,0.01,13946880,222044160,1,0.02,2651492,1090900,300,975,2879,6876,21080,113143.84505025849,300,635317,1072226,1098643,1104404,113143.84505025849,,,,,,0.0,,,,,
c,shared,100,1,0,reconnect,tcp,0,passed,,100,129408376,13688832,222044160,4,0.01,13688832,222044160,4,0.01,15421440,222007296,1,0.15,50218575,1936048,,,,,,0.0,,,,,,0.0,,,,,,0.0,,,,,
c,shared,100,1,0,reconnect,tcp,1,passed,,100,129941564,13639680,222044160,4,0.02,13639680,222044160,4,0.02,15380480,222007296,1,0.15,51237778,1880228,,,,,,0.0,,,,,,0.0,,,,,,0.0,,,,,
c,shared,100,1,0,reconnect,tcp,2,passed,,100,141203570,13709312,222044160,4,0.02,13709312,222044160,4,0.02,15564800,222011392,1,0.16999999999999998,50068835,1726874,,,,,,0.0,,,,,,0.0,,,,,,0.0,,,,,
c,shared,100,1,1,incoming,tcp,0,passed,,100,144616860,13877248,222052352,4,0.02,13877248,222052352,4,0.02,13987840,222052352,1,0.02,86672561,1444264,3,10564,10564,10564,17840,34.61303052992746,3,41010158,41010158,41010158,41379312,34.61303052992746,300,41479434,42325574,42423050,42447601,3461.303052992746,,,,,
c,shared,100,1,1,incoming,tcp,1,passed,,100,134726760,13856768,222052352,4,0.01,13856768,222052352,4,0.01,13983744,222052352,1,0.02,86844324,1194825,3,5616,5616,5616,16735,34.544571963045044,3,41294020,41294020,41294020,42294834,34.544571963045044,300,41681428,42988388,43080716,43103263,3454.4571963045046,,,,,
c,shared,100,1,1,incoming,tcp,2,passed,,100,149204095,13791232,222052352,4,0.03,13791232,222052352,4,0.03,13926400,222052352,1,0.03,86386845,2183475,3,8376,8376,8376,25161,34.72750972674138,3,40566716,40566716,40566716,41343550,34.72750972674138,300,41164448,42551240,42682850,42715475,3472.750972674138,,,,,
c,shared,100,1,1,periodic,tcp,0,passed,,100,136186140,13643776,222044160,4,0.01,13643776,222044160,4,0.01,14024704,222044160,1,0.02,304097500,1598966,300,1145,2665,19244,71008,986.5257031050896,300,1178579,1271728,1305207,1306917,986.5257031050896,,,,,,0.0,,,,,
c,shared,100,1,1,periodic,tcp,1,passed,,100,129518452,13684736,222044160,4,0.01,13684736,222044160,4,0.01,14090240,222044160,1,0.02,303952425,1100049,300,1111,2209,8678,139063,986.9965669791909,300,980979,1041971,1050497,1052338,986.9965669791909,,,,,,0.0,,,,,
c,shared,100,1,1,periodic,tcp,2,passed,,100,134843079,13643776,222044160,4,0.02,13643776,222044160,4,0.02,14016512,222044160,1,0.02,304040874,1556845,300,1234,2522,9503,92490,986.7094382842749,300,1058004,1305104,1311564,1315113,986.7094382842749,,,,,,0.0,,,,,
c,shared,100,1,1,publish,tcp,0,passed,,100,131062074,13643776,222044160,4,0.0,13643776,222044160,4,0.0,13991936,222044160,1,0.02,2857535,1096750,300,591,2168,4746,16478,104985.59072767262,300,900027,1048884,1057774,1059661,104985.59072767262,,,,,,0.0,,,,,
c,shared,100,1,1,publish,tcp,1,passed,,100,136121235,13672448,222044160,4,0.01,13672448,222044160,4,0.01,13987840,222044160,1,0.02,3485459,1723599,300,873,2745,5554,19475,86071.87747725622,300,927223,1139026,1191797,1195469,86071.87747725622,,,,,,0.0,,,,,
c,shared,100,1,1,publish,tcp,2,passed,,100,134182070,13656064,222048256,4,0.02,13656064,222048256,4,0.02,13680640,222048256,1,0.02,2842176,1381452,300,933,2901,5069,64098,105552.9284604472,300,769178,925561,946462,963301,105552.9284604472,,,,,,0.0,,,,,
c,shared,100,1,2,incoming,tcp,0,passed,,100,139320035,13869056,222052352,4,0.01,13869056,222052352,4,0.01,13991936,222052352,1,0.02,126052084,1727714,3,9923,9923,9923,15287,23.799685850493358,3,41188633,41188633,41188633,41245297,23.799685850493358,300,41622569,41981105,42043736,42066980,2379.9685850493356,,,,,
c,shared,100,1,2,incoming,tcp,1,passed,,100,146974978,13832192,222052352,4,0.02,13832192,222052352,4,0.02,13967360,222044160,1,0.02,125974898,1393048,3,8348,8348,8348,17111,23.814268140943444,3,40958696,40958696,40958696,41086738,23.814268140943444,300,41468916,41994463,42094949,42124915,2381.4268140943445,,,,,
c,shared,100,1,2,incoming,tcp,2,passed,,100,141811445,13819904,222052352,4,0.02,13819904,222052352,4,0.02,13959168,222052352,1,0.03,126750323,1805848,3,14704,14704,14704,24831,23.668578738059704,3,41094394,41094394,41094394,41618065,23.668578738059704,300,41712841,42538694,42664312,42695479,2366.8578738059705,,,,,
c,shared,100,1,2,periodic,tcp,0,passed,,100,128031981,13672448,222044160,4,0.02,13672448,222044160,4,0.02,14098432,222044160,1,0.02,305064347,1287406,300,737,3745,8347,50441,983.3990859639852,300,1436341,1666703,1674514,1677169,983.3990859639852,,,,,,0.0,,,,,
c,shared,100,1,2,periodic,tcp,1,passed,,100,130206519,13660160,222044160,4,0.01,13660160,222044160,4,0.01,14102528,222044160,1,0.02,305440851,1251180,300,1173,5780,22566,78346,982.1868915628447,300,1519372,1621609,1635931,1638938,982.1868915628447,,,,,,0.0,,,,,
c,shared,100,1,2,periodic,tcp,2,passed,,100,129789469,13643776,222044160,4,0.02,13643776,222044160,4,0.02,14082048,222044160,1,0.03,305421696,1503717,300,2064,5246,14796,39985,982.2484909519984,300,1796203,1889206,1900095,1905371,982.2484909519984,,,,,,0.0,,,,,
c,shared,100,1,2,publish,tcp,0,passed,,100,130936835,13697024,222044160,4,0.01,13697024,222044160,4,0.01,14065664,222044160,1,0.02,4466293,1302010,300,711,2901,7050,45967,67169.79830924662,300,1374520,1558412,1572929,1576379,67169.79830924662,,,,,,0.0,,,,,
c,shared,100,1,2,publish,tcp,1,passed,,100,133399195,13643776,222044160,4,0.01,13643776,222044160,4,0.01,14032896,222044160,1,0.02,4026133,1211342,300,699,2587,5721,19365,74513.18672284299,300,1139788,1543502,1559239,1562736,74513.18672284299,,,,,,0.0,,,,,
c,shared,100,1,2,publish,tcp,2,passed,,100,136830420,13676544,222044160,4,0.02,13676544,222044160,4,0.02,14053376,222044160,1,0.03,7002078,1787609,300,1036,3480,6314,26179,42844.4241837923,300,1891120,2412169,2469798,2473387,42844.4241837923,,,,,,0.0,,,,,
c,shared,100,2,0,idle,tcp,0,passed,,100,147070824,16437248,227409920,4,0.02,16437248,227409920,4,0.02,16375808,227545088,1,0.02,200184597,2487766,,,,,,0.0,,,,,,0.0,,,,,,0.0,,,,,
c,shared,100,2,0,idle,tcp,1,passed,,100,130949978,16379904,227409920,4,0.02,16379904,227409920,4,0.02,16445440,227545088,1,0.02,200018979,1767126,,,,,,0.0,,,,,,0.0,,,,,,0.0,,,,,
c,shared,100,2,0,idle,tcp,2,passed,,100,133674008,16420864,227409920,4,0.01,16420864,227409920,4,0.01,16605184,227540992,1,0.02,200018801,2220601,,,,,,0.0,,,,,,0.0,,,,,,0.0,,,,,
c,shared,100,2,0,incoming,tcp,0,passed,,100,140013835,16789504,227545088,4,0.02,16789504,227545088,4,0.02,17006592,227651584,1,0.02,3749789,1644001,3,8229,8229,8229,23633,800.0450158662261,3,117978,117978,117978,271253,800.0450158662261,300,736462,1204061,1301543,1333255,80004.5015866226,,,,,
c,shared,100,2,0,incoming,tcp,1,passed,,100,141005614,16769024,227545088,4,0.02,16769024,227545088,4,0.02,16936960,227680256,1,0.03,3562097,1590771,3,16611,16611,16611,16953,842.2005352465135,3,89538,89538,89538,144219,842.2005352465135,300,702103,1203732,1266068,1280933,84220.05352465135,,,,,
c,shared,100,2,0,incoming,tcp,2,passed,,100,144001243,16822272,227545088,4,0.03,16822272,227545088,4,0.03,16986112,227680256,1,0.03,3068982,2096277,3,5287,5287,5287,18202,977.5228398211524,3,116596,116596,116596,116956,977.5228398211524,300,631769,982024,1040057,1067239,97752.28398211524,,,,,
c,shared,100,2,0,periodic,tcp,0,passed,,100,132199408,16420864,227409920,4,0.01,16420864,227409920,4,0.01,17055744,227680256,1,0.02,302723960,1167669,300,836,4127,17656,46358,991.0018354675328,300,725465,971220,978770,980334,991.0018354675328,,,,,,0.0,,,,,
c,shared,100,2,0,periodic,tcp,1,passed,,100,134152945,16449536,227409920,4,0.01,16449536,227409920,4,0.01,17072128,227680256,1,0.02,303276066,1279063,300,1224,2233,10274,46149,989.1977430226888,300,808658,869999,883954,887114,989.1977430226888,,,,,,0.0,,,,,
c,shared,100,2,0,periodic,tcp,2,passed,,100,132649367,16388096,227409920,4,0.02,16388096,227409920,4,0.02,16990208,227545088,1,0.02,303107507,1240579,300,1068,3095,8789,58539,989.7478388748716,300,764317,899841,913271,959361,989.7478388748716,,,,,,0.0,,,,,
c,shared,100,2,0,publish,tcp,0,passed,,100,138970108,16470016,227409920,4,0.01,16470016,227409920,4,0.01,17010688,227680256,1,0.02,2136367,1250143,300,797,2569,6111,28313,140425.31081972338,300,456076,1000680,1016201,1019186,140425.31081972338,,,,,,0.0,,,,,
c,shared,100,2,0,publish,tcp,1,passed,,100,133778393,16429056,227409920,4,0.02,16429056,227409920,4,0.02,16982016,227545088,1,0.02,1605720,970353,300,1654,3693,9221,20864,186832.07533069278,300,314945,667732,688435,691377,186832.07533069278,,,,,,0.0,,,,,
c,shared,100,2,0,publish,tcp,2,passed,,100,132430125,16445440,227409920,4,0.01,16445440,227409920,4,0.01,17018880,227680256,1,0.02,1965316,1022247,300,1448,3199,7001,19581,152647.2078790383,300,440919,683574,703555,715866,152647.2078790383,,,,,,0.0,,,,,
c,shared,100,2,0,reconnect,tcp,0,passed,,100,136852299,16441344,227409920,4,0.01,16441344,227409920,4,0.01,17551360,227545088,1,0.16,44747316,2048292,,,,,,0.0,,,,,,0.0,,,,,,0.0,,,,,
c,shared,100,2,0,reconnect,tcp,1,passed,,100,139283313,16424960,227409920,4,0.01,16424960,227409920,4,0.01,17424384,227545088,1,0.16,49510303,1795168,,,,,,0.0,,,,,,0.0,,,,,,0.0,,,,,
c,shared,100,2,0,reconnect,tcp,2,passed,,100,131226757,16482304,227409920,4,0.01,16482304,227409920,4,0.01,17387520,227545088,1,0.16999999999999998,53377814,1851016,,,,,,0.0,,,,,,0.0,,,,,,0.0,,,,,
c,shared,100,2,1,incoming,tcp,0,passed,,100,150085537,16756736,227545088,4,0.02,16756736,227545088,4,0.02,16928768,227663872,1,0.03,86426432,2193276,3,15355,15355,15355,20336,34.71160304292094,3,40903101,40903101,40903101,41669728,34.71160304292094,300,41441979,42352775,42444726,42467382,3471.160304292094,,,,,
c,shared,100,2,1,incoming,tcp,1,passed,,100,136845004,16752640,227545088,4,0.01,16752640,227545088,4,0.01,16678912,227672064,1,0.03,86268178,1937056,3,8299,8299,8299,15430,34.775279477908995,3,41066536,41066536,41066536,41371790,34.775279477908995,300,41506677,42285324,42409767,42440933,3477.5279477908994,,,,,
c,shared,100,2,1,incoming,tcp,2,passed,,100,143571167,16805888,227545088,4,0.02,16805888,227545088,4,0.02,16982016,227680256,1,0.03,87223794,1365915,3,9489,9489,9489,20766,34.39428466044483,3,40928500,40928500,40928500,42445793,34.39428466044483,300,41448108,43377951,43473846,43501627,3439.4284660444832,,,,,
c,shared,100,2,1,periodic,tcp,0,passed,,100,138739782,16433152,227409920,4,0.02,16433152,227409920,4,0.02,17113088,227680256,1,0.02,304573231,1487122,300,1073,2198,9439,83487,984.984790078285,300,1361023,1546329,1551911,1553219,984.984790078285,,,,,,0.0,,,,,
c,shared,100,2,1,periodic,tcp,1,passed,,100,137488317,16445440,227409920,4,0.02,16445440,227409920,4,0.02,17104896,227680256,1,0.03,304663271,1538989,300,1907,4589,21072,30731,984.6936882654293,300,1149732,1473959,1501655,1508678,984.6936882654293,,,,,,0.0,,,,,
c,shared,100,2,1,periodic,tcp,2,passed,,100,136152270,16424960,227409920,4,0.01,16424960,227409920,4,0.01,17043456,227680256,1,0.02,303921025,1638172,300,1370,4024,10689,86060,987.0985398262592,300,1013201,1193055,1209343,1212294,987.0985398262592,,,,,,0.0,,,,,
c,shared,100,2,1,publish,tcp,0,passed,,100,133322545,16420864,227409920,4,0.01,16420864,227409920,4,0.01,16982016,227680256,1,0.02,3512691,1473487,300,681,2181,4681,23321,85404.60860348945,300,1170137,1330731,1336400,1337815,85404.60860348945,,,,,,0.0,,,,,
c,shared,100,2,1,publish,tcp,1,passed,,100,129887276,16429056,227409920,4,0.01,16429056,227409920,4,0.01,16994304,227680256,1,0.02,3261515,1410804,300,947,2272,7755,23418,91981.79373695966,300,912971,1244140,1248003,1250136,91981.79373695966,,,,,,0.0,,,,,
c,shared,100,2,1,publish,tcp,2,passed,,100,130968202,16412672,227409920,4,0.01,16412672,227409920,4,0.01,16949248,227545088,1,0.02,3500816,1421505,300,1323,3577,8415,23234,85694.30669878109,300,926766,1307968,1335207,1347263,85694.30669878109,,,,,,0.0,,,,,
c,shared,100,2,2,incoming,tcp,0,passed,,100,140261156,16769024,227545088,4,0.02,16769024,227545088,4,0.02,16920576,227680256,1,0.02,125822155,1490135,3,9937,9937,9937,19010,23.843177697918144,3,40967615,40967615,40967615,41050984,23.843177697918144,300,41400808,42067415,42160995,42183965,2384.3177697918145,,,,,
c,shared,100,2,2,incoming,tcp,1,passed,,100,135497826,16773120,227545088,4,0.01,16773120,227545088,4,0.01,16941056,227680256,1,0.03,126329570,1316538,3,10421,10421,10421,37436,23.747409256597642,3,41120394,41120394,41120394,41547977,23.747409256597642,300,41693069,42306719,42408607,42433150,2374.7409256597643,,,,,
c,shared,100,2,2,incoming,tcp,2,passed,,100,139571696,16781312,227545088,4,0.02,16781312,227545088,4,0.02,16949248,227545088,1,0.03,125932112,1556747,3,16655,16655,16655,25683,23.822359145378265,3,40788541,40788541,40788541,41074266,23.822359145378265,300,41393571,42189501,42321594,42355116,2382.2359145378264,,,,,
c,shared,100,2,2,periodic,tcp,0,passed,,100,133532719,16424960,227409920,4,0.02,16424960,227409920,4,0.02,17211392,227680256,1,0.02,304887101,1113128,300,1045,2345,10419,84133,983.9707846479212,300,1318525,1551316,1561044,1564437,983.9707846479212,,,,,,0.0,,,,,
c,shared,100,2,2,periodic,tcp,1,passed,,100,130232107,16445440,227409920,4,0.02,16445440,227409920,4,0.02,17248256,227680256,1,0.03,306611888,2013994,300,1201,2270,8070,42022,978.4356436955895,300,1718535,2194714,2200928,2202344,978.4356436955895,,,,,,0.0,,,,,
c,shared,100,2,2,periodic,tcp,2,passed,,100,131528199,16437248,227409920,4,0.02,16437248,227409920,4,0.02,17199104,227680256,1,0.03,306261280,1545969,300,1849,4150,12359,52962,979.5557570973386,300,1752503,2200422,2206234,2228507,979.5557570973386,,,,,,0.0,,,,,
c,shared,100,2,2,publish,tcp,0,passed,,100,135799808,16445440,227409920,4,0.02,16445440,227409920,4,0.02,17207296,227680256,1,0.03,5401743,1609842,300,647,2260,6119,17419,55537.62924300545,300,1415024,2293179,2315905,2318420,55537.62924300545,,,,,,0.0,,,,,
c,shared,100,2,2,publish,tcp,1,passed,,100,135315695,16412672,227409920,4,0.02,16412672,227409920,4,0.02,17141760,227680256,1,0.03,5148291,1591764,300,641,2068,5109,19391,58271.76435830842,300,1446816,1819413,1830590,1832611,58271.76435830842,,,,,,0.0,,,,,
c,shared,100,2,2,publish,tcp,2,passed,,100,130002514,16441344,227409920,4,0.01,16441344,227409920,4,0.01,17141760,227680256,1,0.02,4474882,1054552,300,748,2532,6141,18731,67040.87392695494,300,1515774,1720568,1743832,1747349,67040.87392695494,,,,,,0.0,,,,,
c,shared,1000,1,0,idle,tcp,0,passed,,1000,1281031139,78331904,240553984,4,0.18,78331904,240553984,4,0.18,76468224,240824320,1,0.19,200158667,12797318,,,,,,0.0,,,,,,0.0,,,,,,0.0,,,,,
c,shared,1000,1,0,idle,tcp,1,passed,,1000,1288831190,78196736,240648192,4,0.2,78196736,240648192,4,0.2,77783040,240881664,1,0.22,200021873,17231297,,,,,,0.0,,,,,,0.0,,,,,,0.0,,,,,
c,shared,1000,1,0,idle,tcp,2,passed,,1000,1301422394,78336000,240558080,4,0.22,78336000,240558080,4,0.22,76689408,240807936,1,0.25,200045104,17916182,,,,,,0.0,,,,,,0.0,,,,,,0.0,,,,,
c,shared,1000,1,0,incoming,tcp,0,passed,,1000,1306866088,79998976,241451008,4,0.21,79998976,241451008,4,0.21,80449536,241577984,1,0.30000000000000004,25027548,15185432,3,9889,9889,9889,20417,119.86791514694129,3,253895,253895,253895,306535,119.86791514694129,3000,4438868,7953106,8303396,8534016,119867.91514694128,,,,,
c,shared,1000,1,0,incoming,tcp,1,passed,,1000,1339579546,80048128,241451008,4,0.25,80048128,241451008,4,0.25,80662528,241721344,1,0.35,30955687,18749343,3,12054,12054,12054,18944,96.9127256003073,3,267822,267822,267822,271919,96.9127256003073,3000,5447357,10348628,10950653,11124906,96912.7256003073,,,,,
c,shared,1000,1,0,incoming,tcp,2,passed,,1000,1320225888,80117760,241451008,4,0.22999999999999998,80117760,241451008,4,0.22999999999999998,80322560,241405952,1,0.32,32284558,12776455,3,16352,16352,16352,19577,92.92368196584881,3,130831,130831,130831,275291,92.92368196584881,3000,5481064,10303524,10872552,11160096,92923.68196584881,,,,,
c,shared,1000,1,0,periodic,tcp,0,passed,,1000,1255058416,78258176,240562176,4,0.16999999999999998,78258176,240562176,4,0.16999999999999998,80416768,241909760,1,0.24,321187291,12725538,3000,1564,3239,6210,80083,9340.344665131846,3000,3385767,5996474,6175242,6221017,9340.344665131846,,,,,,0.0,,,,,
c,shared,1000,1,0,periodic,tcp,1,passed,,1000,1281997967,78221312,240566272,4,0.18,78221312,240566272,4,0.18,80171008,241782784,1,0.25,322008543,12773991,3000,1690,3760,8438,140122,9316.52300914265,3000,3365315,5064714,5130981,5184559,9316.52300914265,,,,,,0.0,,,,,
c,shared,1000,1,0,periodic,tcp,2,passed,,1000,1294011403,78213120,240648192,4,0.2,78213120,240648192,4,0.2,80490496,241999872,1,0.27,326043656,14443274,3000,1762,3789,6842,144648,9201.221814295935,3000,4434890,7299768,7445883,7491552,9201.221814295935,,,,,,0.0,,,,,
c,shared,1000,1,0,publish,tcp,0,passed,,1000,1270275063,78290944,240562176,4,0.18,78290944,240562176,4,0.18,80388096,241778688,1,0.25,18303071,12272882,3000,1344,3457,8164,147039,163906.92031954636,3000,3283181,4569204,4750739,4827175,163906.92031954636,,,,,,0.0,,,,,
c,shared,1000,1,0,publish,tcp,1,passed,,1000,1285466516,78311424,240562176,4,0.2,78311424,240562176,4,0.2,80125952,241725440,1,0.26,17905412,11949568,3000,1512,3529,6743,85322,167547.10810340472,3000,2419117,5891830,6105528,6123018,167547.10810340472,,,,,,0.0,,,,,
c,shared,1000,1,0,publish,tcp,2,passed,,1000,1273469261,78315520,240652288,4,0.16999999999999998,78315520,240652288,4,0.16999999999999998,80424960,241868800,1,0.22999999999999998,15797294,11306341,3000,1498,3549,7196,117383,189905.9421189477,3000,2563943,3502955,3577188,3602732,189905.9421189477,,,,,,0.0,,,,,
c,shared,1000,1,0,reconnect,tcp,0,passed,,1000,1266560754,78266368,240652288,4,0.16999999999999998,78266368,240652288,4,0.16999999999999998,93982720,240922624,1,0.54,119079663,15789885,,,,,,0.0,,,,,,0.0,,,,,,0.0,,,,,
c,shared,1000,1,0,reconnect,tcp,1,passed,,1000,1273319759,78249984,240648192,4,0.19,78249984,240648192,4,0.19,92405760,240648192,1,0.55,111229597,19589251,,,,,,0.0,,,,,,0.0,,,,,,0.0,,,,,
c,shared,1000,1,0,reconnect,tcp,2,passed,,1000,1275281528,78282752,240562176,4,0.17,78282752,240562176,4,0.17,93736960,240967680,1,0.53,118756294,15738015,,,,,,0.0,,,,,,0.0,,,,,,0.0,,,,,
c,shared,1000,1,1,incoming,tcp,0,passed,,1000,1334959405,80130048,241451008,4,0.22999999999999998,80130048,241451008,4,0.22999999999999998,80551936,241586176,1,0.30000000000000004,113438309,13552080,3,10168,10168,10168,18228,26.446092386655728,3,41648310,41648310,41648310,42488277,26.446092386655728,3000,44261716,49692381,50515338,50747602,26446.092386655728,,,,,
c,shared,1000,1,1,incoming,tcp,1,passed,,1000,1328669881,80076800,241455104,4,0.25,80076800,241455104,4,0.25,80592896,241561600,1,0.32,114187103,13363136,3,9829,9829,9829,17448,26.272669339899096,3,40448389,40448389,40448389,42106106,26.272669339899096,3000,43310863,48914661,49853589,50091485,26272.669339899094,,,,,
c,shared,1000,1,1,incoming,tcp,2,passed,,1000,1325547301,80048128,241455104,4,0.23,80048128,241455104,4,0.23,80564224,241709056,1,0.31,109718906,16630406,3,14133,14133,14133,33326,27.342598549059538,3,40540491,40540491,40540491,40982551,27.342598549059538,3000,42818159,48175728,48840743,49080933,27342.59854905954,,,,,
c,shared,1000,1,1,periodic,tcp,0,passed,,1000,1268144100,78266368,240648192,4,0.2,78266368,240648192,4,0.2,80269312,241831936,1,0.28,331323567,13641157,3000,1361,3031,5689,65484,9054.59284760145,3000,5559012,9255642,9312308,9334285,9054.59284760145,,,,,,0.0,,,,,
c,shared,1000,1,1,periodic,tcp,1,passed,,1000,1268961782,78241792,240648192,4,0.19,78241792,240648192,4,0.19,80461824,241864704,1,0.26,328086665,12418981,3000,1289,2427,4443,68563,9143.925432019616,3000,5168885,8911967,9194782,9226011,9143.925432019616,,,,,,0.0,,,,,
c,shared,1000,1,1,periodic,tcp,2,passed,,1000,1270021544,78340096,240648192,4,0.16999999999999998,78340096,240648192,4,0.16999999999999998,80437248,241864704,1,0.27,331025597,17581065,3000,1761,3448,7297,99586,9062.743265742074,3000,5923221,9574260,9667159,9711962,9062.743265742074,,,,,,0.0,,,,,
c,shared,1000,1,1,publish,tcp,0,passed,,1000,1254076280,78270464,240566272,4,0.16,78270464,240566272,4,0.16,80441344,241917952,1,0.24,23600405,12963579,3000,1447,2882,5069,131321,127116.46262002707,3000,4266982,6109290,6165245,6244625,127116.46262002707,,,,,,0.0,,,,,
c,shared,1000,1,1,publish,tcp,1,passed,,1000,1275047744,78278656,240648192,4,0.19,78278656,240648192,4,0.19,80293888,241754112,1,0.27,26523951,13164703,3000,1673,3206,5599,19417,113105.3212999828,3000,4595163,7047616,7160673,7215012,113105.3212999828,,,,,,0.0,,,,,
c,shared,1000,1,1,publish,tcp,2,passed,,1000,1281220167,78213120,240566272,4,0.18,78213120,240566272,4,0.18,80207872,241782784,1,0.27,31119701,15151191,3000,1617,3005,7355,44087,96401.95450464,3000,5633172,9500945,9657600,9705133,96401.95450464,,,,,,0.0,,,,,
c,shared,1000,1,2,incoming,tcp,0,passed,,1000,1319266810,79896576,241451008,4,0.23,79896576,241451008,4,0.23,80130048,241451008,1,0.31,152125016,14941817,3,15816,15816,15816,20358,19.720622412292794,3,41023836,41023836,41023836,41078941,19.720622412292794,3000,46016847,50348629,51289527,51603591,19720.622412292796,,,,,
c,shared,1000,1,2,incoming,tcp,1,passed,,1000,1345498841,79966208,241455104,4,0.26,79966208,241455104,4,0.26,80519168,241725440,1,0.35,148804957,17757842,3,18259,18259,18259,24468,20.16061870842112,3,41279518,41279518,41279518,41673955,20.16061870842112,3000,45624734,49211538,49535144,49693627,20160.61870842112,,,,,
c,shared,1000,1,2,incoming,tcp,2,passed,,1000,1320075509,79974400,241451008,4,0.22,79974400,241451008,4,0.22,80281600,241451008,1,0.31000000000000005,151537965,15344683,3,17509,17509,17509,20705,19.79701918261869,3,41297637,41297637,41297637,41920421,19.79701918261869,3000,46204180,50081478,51021541,51289911,19797.019182618693,,,,,
c,shared,1000,1,2,periodic,tcp,0,passed,,1000,1265972899,78229504,240558080,4,0.19,78229504,240558080,4,0.19,80887808,241774592,1,0.3,343923436,13930600,3000,1502,3342,6339,23115,8722.8716800794,3000,8438347,13194464,13273092,13339999,8722.8716800794,,,,,,0.0,,,,,
c,shared,1000,1,2,periodic,tcp,1,passed,,1000,1295974422,78200832,240562176,4,0.19,78200832,240562176,4,0.19,80773120,241881088,1,0.3,344076562,14381870,3000,1362,3354,6216,83745,8718.989699740141,3000,8450687,13495177,13547739,13574810,8718.989699740141,,,,,,0.0,,,,,
c,shared,1000,1,2,periodic,tcp,2,passed,,1000,1281694901,78262272,240553984,4,0.2,78262272,240553984,4,0.2,80756736,241811456,1,0.30000000000000004,339590393,13161788,3000,1550,3026,6075,78812,8834.172172827044,3000,9117171,12122869,12174467,12186912,8834.172172827044,,,,,,0.0,,,,,
c,shared,1000,1,2,publish,tcp,0,passed,,1000,1255424767,78258176,240648192,4,0.17,78258176,240648192,4,0.17,80867328,241864704,1,0.27,41704813,12754309,3000,1149,2242,4900,49922,71934.1434284815,3000,8885901,14150837,14284748,14406222,71934.1434284815,,,,,,0.0,,,,,
c,shared,1000,1,2,publish,tcp,1,passed,,1000,1281493618,78245888,240562176,4,0.19,78245888,240562176,4,0.19,80740352,241860608,1,0.31,41706850,18468186,3000,1583,3100,5930,21884,71930.63010033124,3000,8619404,12552021,12615748,12647447,71930.63010033124,,,,,,0.0,,,,,
c,shared,1000,1,2,publish,tcp,2,passed,,1000,1259331275,78258176,240562176,4,0.17,78258176,240562176,4,0.17,80871424,241778688,1,0.28,41345857,12833273,3000,1493,3064,4937,20376,72558.6604723177,3000,8302163,13054744,13214235,13268311,72558.6604723177,,,,,,0.0,,,,,
c,shared,1000,2,0,idle,tcp,0,passed,,1000,1300417088,104222720,295317504,4,0.2,104222720,295317504,4,0.2,104652800,295317504,1,0.24,200138365,15707259,,,,,,0.0,,,,,,0.0,,,,,,0.0,,,,,
c,shared,1000,2,0,idle,tcp,1,passed,,1000,1288899271,104120320,295317504,4,0.21,104120320,295317504,4,0.21,104394752,296009728,1,0.25,200058918,21508683,,,,,,0.0,,,,,,0.0,,,,,,0.0,,,,,
c,shared,1000,2,0,idle,tcp,2,passed,,1000,1316228491,104103936,295317504,4,0.22999999999999998,104103936,295317504,4,0.22999999999999998,104259584,295452672,1,0.26,200033369,16088566,,,,,,0.0,,,,,,0.0,,,,,,0.0,,,,,
c,shared,1000,2,0,incoming,tcp,0,passed,,1000,1324952765,107769856,296595456,4,0.24,107769856,296595456,4,0.24,108998656,296730624,1,0.31000000000000005,25412606,15560157,3,10480,10480,10480,23239,118.051647280881,3,106883,106883,106883,211450,118.051647280881,3000,4529062,8086010,8631379,8862762,118051.64728088099,,,,,
c,shared,1000,2,0,incoming,tcp,1,passed,,1000,1359752320,107745280,296595456,4,0.26,107745280,296595456,4,0.26,108924928,296837120,1,0.33999999999999997,27690610,16030399,3,12135,12135,12135,20072,108.33997517570036,3,129227,129227,129227,187082,108.33997517570036,3000,5131770,9078657,9668969,9903040,108339.97517570035,,,,,
c,shared,1000,2,0,incoming,tcp,2,passed,,1000,1362847854,107778048,296595456,4,0.27,107778048,296595456,4,0.27,108888064,296865792,1,0.38,33700167,24164599,3,17323,17323,17323,21556,89.0203303740305,3,106869,106869,106869,156313,89.0203303740305,3000,6143127,11262902,11955307,12322489,89020.33037403048,,,,,
c,shared,1000,2,0,periodic,tcp,0,passed,,1000,1298799209,104140800,295317504,4,0.19,104140800,295317504,4,0.19,109162496,297074688,1,0.28,327623446,16222544,3000,1953,4737,8039,55565,9156.85381076176,3000,4552207,7209516,7563712,7607537,9156.85381076176,,,,,,0.0,,,,,
c,shared,1000,2,0,periodic,tcp,1,passed,,1000,1275887942,104161280,295317504,4,0.2,104161280,295317504,4,0.2,109293568,297209856,1,0.26,321729341,14895293,3000,1612,3251,4711,18005,9324.608040644947,3000,3874752,5450938,5645571,5671267,9324.608040644947,,,,,,0.0,,,,,
c,shared,1000,2,0,periodic,tcp,2,passed,,1000,1282169497,104087552,295317504,4,0.2,104087552,295317504,4,0.2,109223936,297054208,1,0.27,321988165,17826117,3000,1840,3912,6491,97491,9317.112633627388,3000,3662699,5356208,5405538,5422045,9317.112633627388,,,,,,0.0,,,,,
c,shared,1000,2,0,publish,tcp,0,passed,,1000,1278448050,104132608,295325696,4,0.18,104132608,295325696,4,0.18,109060096,297021440,1,0.25,18957314,12656001,3000,1677,4030,8636,112699,158250.2668890751,3000,2945804,4757091,4886169,4922944,158250.2668890751,,,,,,0.0,,,,,
c,shared,1000,2,0,publish,tcp,1,passed,,1000,1270047838,104103936,295317504,4,0.18,104103936,295317504,4,0.18,108179456,297074688,1,0.26,21606038,12651667,3000,1361,3341,6614,134288,138850.07515028902,3000,3499457,5813633,5974207,6021603,138850.07515028902,,,,,,0.0,,,,,
c,shared,1000,2,0,publish,tcp,2,passed,,1000,1312631821,104153088,295317504,4,0.22,104153088,295317504,4,0.22,109395968,297349120,1,0.30000000000000004,25127501,13643422,3000,1694,3525,6639,28751,119391.10061123865,3000,4356512,8530049,8684760,8712529,119391.10061123865,,,,,,0.0,,,,,
c,shared,1000,2,0,reconnect,tcp,0,passed,,1000,1274947998,104128512,295317504,4,0.18,104128512,295317504,4,0.18,107855872,295317504,1,0.55,112905329,18137247,,,,,,0.0,,,,,,0.0,,,,,,0.0,,,,,
c,shared,1000,2,0,reconnect,tcp,1,passed,,1000,1286544775,104140800,295317504,4,0.19,104140800,295317504,4,0.19,111489024,295858176,1,0.54,108875584,16426763,,,,,,0.0,,,,,,0.0,,,,,,0.0,,,,,
c,shared,1000,2,0,reconnect,tcp,2,passed,,1000,1322618653,104071168,295317504,4,0.21000000000000002,104071168,295317504,4,0.21000000000000002,110874624,295784448,1,0.58,117790051,16942738,,,,,,0.0,,,,,,0.0,,,,,,0.0,,,,,
c,shared,1000,2,1,incoming,tcp,0,passed,,1000,1319338124,107732992,296595456,4,0.24,107732992,296595456,4,0.24,108961792,296738816,1,0.32,113193774,15084513,3,10747,10747,10747,17230,26.503224461797696,3,40695468,40695468,40695468,40943983,26.503224461797696,3000,43114716,49787941,50726186,50959595,26503.224461797694,,,,,
c,shared,1000,2,1,incoming,tcp,1,passed,,1000,1312782145,107745280,296595456,4,0.22,107745280,296595456,4,0.22,108990464,296820736,1,0.30000000000000004,113510864,17365542,3,18151,18151,18151,18250,26.42918831099726,3,40526189,40526189,40526189,40972091,26.42918831099726,3000,43122604,48751010,49534238,49776887,26429.188310997262,,,,,
c,shared,1000,2,1,incoming,tcp,2,passed,,1000,1364062474,107859968,296595456,4,0.27,107859968,296595456,4,0.27,108933120,296386560,1,0.36,117202775,15737527,3,12023,12023,12023,35015,25.596663560227135,3,41249171,41249171,41249171,41908476,25.596663560227135,3000,43940867,49587508,50361603,50599751,25596.663560227138,,,,,
c,shared,1000,2,1,periodic,tcp,0,passed,,1000,1274596872,104153088,295317504,4,0.18,104153088,295317504,4,0.18,107106304,297074688,1,0.28,331725931,14431449,3000,1533,2710,4939,62075,9043.610160219883,3000,5341482,8882892,9235321,9293862,9043.610160219883,,,,,,0.0,,,,,
c,shared,1000,2,1,periodic,tcp,1,passed,,1000,1262243226,104103936,295317504,4,0.19,104103936,295317504,4,0.19,109240320,297074688,1,0.27,331333609,14408789,3000,1849,3566,8774,141660,9054.318422614351,3000,5450622,8535005,8662348,8720808,9054.318422614351,,,,,,0.0,,,,,
c,shared,1000,2,1,periodic,tcp,2,passed,,1000,1277084481,104087552,295317504,4,0.19,104087552,295317504,4,0.19,109092864,297037824,1,0.27,329207134,15350868,3000,1592,3128,6256,59433,9112.803734077039,3000,5434271,8017032,8089956,8118318,9112.803734077039,,,,,,0.0,,,,,
c,shared,1000,2,1,publish,tcp,0,passed,,1000,1293427083,104071168,295317504,4,0.21,104071168,295317504,4,0.21,109096960,297168896,1,0.29000000000000004,29907121,14735251,3000,1786,3659,5565,21150,100310.55814432957,3000,5484002,8289722,8623315,8708340,100310.55814432957,,,,,,0.0,,,,,
c,shared,1000,2,1,publish,tcp,1,passed,,1000,1274223392,104173568,295321600,4,0.18,104173568,295321600,4,0.18,109162496,297570304,1,0.27,32968127,15436480,3000,1519,3179,6021,45423,90996.98020454726,3000,5838701,9411068,9886600,9909305,90996.98020454726,,,,,,0.0,,,,,
c,shared,1000,2,1,publish,tcp,2,passed,,1000,1314315002,104120320,295317504,4,0.21,104120320,295317504,4,0.21,108867584,297017344,1,0.31,29190478,15731559,3000,1539,2646,4345,28740,102773.23995859198,3000,5462846,7898211,8213577,8258797,102773.23995859198,,,,,,0.0,,,,,
c,shared,1000,2,2,incoming,tcp,0,passed,,1000,1341162106,107773952,296595456,4,0.24,107773952,296595456,4,0.24,109248512,297259008,1,0.32,148504529,17635758,3,9082,9082,9082,18781,20.201404093204456,3,41204567,41204567,41204567,41606706,20.201404093204456,3000,45482891,49103345,49507312,49696356,20201.404093204455,,,,,
c,shared,1000,2,2,incoming,tcp,1,passed,,1000,1333754866,107732992,296595456,4,0.25,107732992,296595456,4,0.25,109309952,297271296,1,0.32,148128846,17170530,3,8268,8268,8268,18989,20.252638706170707,3,41108533,41108533,41108533,42159382,20.252638706170707,3000,45461575,49006327,49861588,50094784,20252.638706170706,,,,,
c,shared,1000,2,2,incoming,tcp,2,passed,,1000,1332865239,107831296,296595456,4,0.24000000000000002,107831296,296595456,4,0.24000000000000002,109158400,296730624,1,0.33,148970697,14723554,3,16472,16472,16472,20150,20.138188653302738,3,41225045,41225045,41225045,41835953,20.138188653302738,3000,45670972,49266853,49742818,49883482,20138.188653302735,,,,,
c,shared,1000,2,2,periodic,tcp,0,passed,,1000,1289399559,104157184,295317504,4,0.19,104157184,295317504,4,0.19,110678016,297189376,1,0.32,351667089,17341189,3000,1669,3220,6046,163876,8530.795442163198,3000,11717603,16182358,16297644,16322684,8530.795442163198,,,,,,0.0,,,,,
c,shared,1000,2,2,periodic,tcp,1,passed,,1000,1277424417,104083456,295317504,4,0.2,104083456,295317504,4,0.2,110157824,297074688,1,0.31000000000000005,343242234,15539066,3000,1713,2956,4699,23046,8740.18317920632,3000,8341468,12511131,12677797,12790675,8740.18317920632,,,,,,0.0,,,,,
c,shared,1000,2,2,periodic,tcp,2,passed,,1000,1295173676,104144896,295317504,4,0.21,104144896,295317504,4,0.21,110096384,297201664,1,0.33,349306391,17139201,3000,1468,2977,5934,100491,8588.448643643625,3000,10756000,15735717,15949779,16082864,8588.448643643625,,,,,,0.0,,,,,
c,shared,1000,2,2,publish,tcp,0,passed,,1000,1292491179,104153088,295317504,4,0.19,104153088,295317504,4,0.19,110608384,297185280,1,0.31000000000000005,49160541,14335495,3000,1322,2613,5099,19846,61024.55219115673,3000,10675905,17696799,18522299,18556113,61024.55219115673,,,,,,0.0,,,,,
c,shared,1000,2,2,publish,tcp,1,passed,,1000,1278451735,104103936,295317504,4,0.2,104103936,295317504,4,0.2,110702592,297209856,1,0.34,50767924,20448049,3000,1691,4011,6906,25096,59092.43009424612,3000,9854465,15967017,16828431,16843556,59092.43009424612,,,,,,0.0,,,,,
c,shared,1000,2,2,publish,tcp,2,passed,,1000,1301278725,104091648,295317504,4,0.21,104091648,295317504,4,0.21,110141440,297074688,1,0.32,48088011,16347144,3000,1584,2807,5834,203548,62385.61208114846,3000,9830759,15998385,16245864,16264866,62385.61208114846,,,,,,0.0,,,,,
python,dedicated,1,1,0,idle,tcp,0,passed,,1,2693909,29294592,1092538368,19,0.060000000000000005,29380608,1102020608,20,0.060000000000000005,29532160,1102020608,19,0.06999999999999999,201016914,2973417,,,,,,0.0,,,,,,0.0,,,,,,0.0,39,43115,109724,135363,166045
python,dedicated,1,1,0,idle,tcp,1,passed,,1,2542547,29323264,1093586944,19,0.05,29396992,1102020608,20,0.05,29536256,1102020608,19,0.06,200284670,2654763,,,,,,0.0,,,,,,0.0,,,,,,0.0,38,143805,209165,217359,263655
python,dedicated,1,1,0,idle,tcp,2,passed,,1,2610185,29364224,1093586944,19,0.05,29437952,1102020608,20,0.05,29577216,1102020608,19,0.06,200257909,2960689,,,,,,0.0,,,,,,0.0,,,,,,0.0,39,69728,157339,157717,158732
python,dedicated,1,1,0,incoming,tcp,0,passed,,1,3118339,29413376,1093586944,19,0.05,29483008,1102020608,20,0.05,29552640,1102020608,19,0.06,2226127,3469305,,,,,,0.0,3,456203,456203,456203,726164,1347.632008416411,3,733756,733756,733756,1045977,1347.632008416411,,,,,
python,dedicated,1,1,0,incoming,tcp,1,passed,,1,3482550,29372416,1093586944,19,0.060000000000000005,29433856,1102020608,20,0.060000000000000005,29528064,1102020608,19,0.060000000000000005,1314624,2236302,,,,,,0.0,3,266706,266706,266706,574483,2282.021323207244,3,333924,333924,333924,835231,2282.021323207244,,,,,
python,dedicated,1,1,0,incoming,tcp,2,passed,,1,2958615,29343744,1093586944,19,0.060000000000000005,29425664,1102020608,20,0.060000000000000005,29515776,1102020608,19,0.060000000000000005,1410190,2590764,,,,,,0.0,3,263822,263822,263822,434155,2127.3729071969024,3,402318,402318,402318,659015,2127.3729071969024,,,,,
python,dedicated,1,1,0,periodic,tcp,0,passed,,1,2620838,29323264,1093586944,19,0.060000000000000005,29392896,1102020608,20,0.060000000000000005,29597696,1102020608,19,0.06999999999999999,303914652,3126147,,,,,,0.0,3,389366,389366,389366,633389,9.871192389895041,,,,,,0.0,59,70106,162616,608280,874349
python,dedicated,1,1,0,periodic,tcp,1,passed,,1,2775406,29364224,1092538368,19,0.060000000000000005,29442048,1102020608,20,0.060000000000000005,29593600,1102020608,19,0.060000000000000005,304170625,3039673,,,,,,0.0,3,614579,614579,614579,677543,9.86288534601262,,,,,,0.0,59,85060,298962,744313,1026804
python,dedicated,1,1,0,periodic,tcp,2,passed,,1,2839424,29224960,1093586944,19,0.06,29310976,1102020608,20,0.06,29454336,1102020608,19,0.06,303333272,2339686,,,,,,0.0,3,451029,451029,451029,452183,9.890111889868777,,,,,,0.0,59,42812,115323,615186,640797
python,dedicated,1,1,0,publish,tcp,0,passed,,1,3001729,29310976,1092538368,19,0.05,29401088,1102020608,20,0.05,29532160,1102020608,19,0.05,1038335,2478445,,,,,,0.0,3,255219,255219,255219,443496,2889.2409482488792,,,,,,0.0,,,,,
python,dedicated,1,1,0,publish,tcp,1,passed,,1,2855095,29343744,1093586944,19,0.05,29413376,1102020608,20,0.05,29548544,1102020608,19,0.06,1158107,3421950,,,,,,0.0,3,304855,304855,304855,407715,2590.434217218271,,,,,,0.0,,,,,
python,dedicated,1,1,0,publish,tcp,2,passed,,1,3170698,29290496,1092538368,19,0.05,29372416,1102020608,20,0.05,29552640,1102020608,19,0.06,860671,2783320,,,,,,0.0,3,230815,230815,230815,306611,3485.652473477089,,,,,,0.0,,,,,
python,dedicated,1,1,0,reconnect,tcp,0,passed,,1,2878471,29286400,1093586944,19,0.06,29368320,1102020608,20,0.06,29634560,1102020608,19,0.08,8905188,3633616,,,,,,0.0,,,,,,0.0,,,,,,0.0,1,39996,39996,39996,39996
python,dedicated,1,1,0,reconnect,tcp,1,passed,,1,3123348,29233152,1093586944,19,0.05,29302784,1102020608,20,0.05,29552640,1102020608,19,0.06999999999999999,6955063,2305502,,,,,,0.0,,,,,,0.0,,,,,,0.0,1,66319,66319,66319,66319
python,dedicated,1,1,0,reconnect,tcp,2,passed,,1,2303893,29270016,1093586944,19,0.05,29347840,1102020608,20,0.05,29659136,1102020608,19,0.06999999999999999,5359449,2305518,,,,,,0.0,,,,,,0.0,,,,,,0.0,1,29173,29173,29173,29173
python,dedicated,1,1,1,incoming,tcp,0,passed,,1,3950010,29372416,1092538368,19,0.060000000000000005,29454336,1102020608,20,0.060000000000000005,29626368,1102020608,19,0.060000000000000005,85064327,3649585,,,,,,0.0,3,41753470,41753470,41753470,41765744,35.26742767270703,3,42000666,42000666,42000666,42027694,35.26742767270703,16,99638,540258,540258,562387
python,dedicated,1,1,1,incoming,tcp,1,passed,,1,3357030,29351936,1092538368,19,0.060000000000000005,29433856,1102020608,20,0.060000000000000005,29552640,1102020608,19,0.060000000000000005,83468573,2565399,,,,,,0.0,3,40686123,40686123,40686123,40851133,35.94167112453211,3,41078738,41078738,41078738,41102924,35.94167112453211,16,75153,840155,840155,985695
python,dedicated,1,1,1,incoming,tcp,2,passed,,1,3821520,29405184,1093586944,19,0.060000000000000005,29474816,1102020608,20,0.060000000000000005,29597696,1102020608,19,0.06999999999999999,84249804,2489962,,,,,,0.0,3,41192735,41192735,41192735,41660191,35.60839144504123,3,41444766,41444766,41444766,41847429,35.60839144504123,16,60388,118623,118623,1090121
python,dedicated,1,1,1,periodic,tcp,0,passed,,1,2718181,29298688,1092538368,19,0.05,29380608,1102020608,20,0.05,29577216,1102020608,19,0.06999999999999999,302878078,2468482,,,,,,0.0,3,486252,486252,486252,516591,9.904975691241676,,,,,,0.0,59,32794,137417,615391,825206
python,dedicated,1,1,1,periodic,tcp,1,passed,,1,2919135,29351936,1093586944,19,0.05,29421568,1102020608,20,0.05,29589504,1102020608,19,0.06,303412670,2473464,,,,,,0.0,3,485918,485918,485918,653906,9.887523813689125,,,,,,0.0,58,129956,257972,684432,828333
python,dedicated,1,1,1,periodic,tcp,2,passed,,1,2917984,29384704,1093586944,19,0.060000000000000005,29446144,1102020608,20,0.060000000000000005,29601792,1102020608,19,0.06999999999999999,304680843,2878053,,,,,,0.0,3,652341,652341,652341,712318,9.84636897568253,,,,,,0.0,58,172484,426502,875026,973484
python,dedicated,1,1,1,publish,tcp,0,passed,,1,2983284,29282304,1093586944,19,0.060000000000000005,29364224,1102020608,20,0.060000000000000005,29556736,1102020608,19,0.06999999999999999,901608,2511150,,,,,,0.0,3,285613,285613,285613,425627,3327.3883993930845,,,,,,0.0,,,,,
python,dedicated,1,1,1,publish,tcp,1,passed,,1,2775520,29347840,1092538368,19,0.05,29433856,1102020608,20,0.05,29577216,1102020608,19,0.05,1373149,2293499,,,,,,0.0,3,350300,350300,350300,655483,2184.759265017853,,,,,,0.0,,,,,
python,dedicated,1,1,1,publish,tcp,2,passed,,1,2617079,29356032,1093586944,19,0.06,29425664,1102020608,20,0.06,29618176,1102020608,19,0.06,1972563,2686468,,,,,,0.0,3,642273,642273,642273,710420,1520.863972405444,,,,,,0.0,,,,,
python,dedicated,1,1,2,incoming,tcp,0,passed,,1,2690233,29347840,1092538368,19,0.060000000000000005,29421568,1102020608,20,0.060000000000000005,29597696,1102020608,19,0.06999999999999999,123478918,2723356,,,,,,0.0,3,41062787,41062787,41062787,41135921,24.295645350569075,3,41286637,41286637,41286637,41344372,24.295645350569075,24,87083,164473,469089,573234
python,dedicated,1,1,2,incoming,tcp,1,passed,,1,3729553,29376512,1092538368,19,0.05,29462528,1102020608,20,0.05,29585408,1102020608,19,0.05,125686704,2606565,,,,,,0.0,3,41630667,41630667,41630667,41655267,23.86887319441522,3,41893936,41893936,41893936,41925113,23.86887319441522,24,28093,265225,623244,756477
python,dedicated,1,1,2,incoming,tcp,2,passed,,1,3507420,29372416,1092538368,19,0.05,29458432,1102020608,20,0.05,29630464,1102020608,19,0.06,127067898,2483493,,,,,,0.0,3,41907033,41907033,41907033,42392956,23.609424939098307,3,42275038,42275038,42275038,42551689,23.609424939098307,24,97663,401643,535777,615121
python,dedicated,1,1,2,periodic,tcp,0,passed,,1,2861443,29249536,1093586944,19,0.06,29319168,1102020608,20,0.06,29519872,1102020608,19,0.07,305685348,3698636,,,,,,0.0,3,804435,804435,804435,983715,9.814013068104265,,,,,,0.0,59,150176,301220,355532,377910
python,dedicated,1,1,2,periodic,tcp,1,passed,,1,3086447,29249536,1093586944,19,0.05,29315072,1102020608,20,0.05,29458432,1102020608,19,0.06,302742521,2515278,,,,,,0.0,3,677553,677553,677553,745633,9.909410776162494,,,,,,0.0,59,65440,214553,884677,1004195
python,dedicated,1,1,2,periodic,tcp,2,passed,,1,2923563,29335552,1092538368,19,0.05,29413376,1102020608,20,0.05,29569024,1102020608,19,0.06,304629614,2342497,,,,,,0.0,3,846165,846165,846165,1025467,9.848024821381943,,,,,,0.0,60,59540,173890,178716,978585
python,dedicated,1,1,2,publish,tcp,0,passed,,1,3328533,29286400,1093586944,19,0.05,29356032,1102020608,20,0.05,29491200,1102020608,19,0.05,2369839,2256941,,,,,,0.0,3,672555,672555,672555,1027856,1265.9087811450484,,,,,,0.0,,,,,
python,dedicated,1,1,2,publish,tcp,1,passed,,1,3319112,29356032,1093586944,19,0.05,29421568,1102020608,20,0.05,29564928,1102020608,19,0.05,2843735,2889172,,,,,,0.0,3,940265,940265,940265,944951,1054.9506195197514,,,,,,0.0,,,,,
python,dedicated,1,1,2,publish,tcp,2,passed,,1,2810168,29323264,1093586944,19,0.05,29392896,1102020608,20,0.05,29536256,1102020608,19,0.05,1372890,2359596,,,,,,0.0,3,436546,436546,436546,563533,2185.1714266984245,,,,,,0.0,,,,,
python,dedicated,1,2,0,idle,tcp,0,passed,,1,3035204,29503488,1092538368,19,0.05,29589504,1102020608,20,0.05,29753344,1102020608,19,0.06,200461560,2904690,,,,,,0.0,,,,,,0.0,,,,,,0.0,39,83253,152640,163250,208925
python,dedicated,1,2,0,idle,tcp,1,passed,,1,2653935,29478912,1092538368,19,0.05,29556736,1102020608,20,0.05,29683712,1102020608,19,0.06,200264222,2908240,,,,,,0.0,,,,,,0.0,,,,,,0.0,39,71921,156006,166635,169984
python,dedicated,1,2,0,idle,tcp,2,passed,,1,3087105,29569024,1093586944,19,0.05,29638656,1102020608,20,0.060000000000000005,29786112,1102020608,19,0.060000000000000005,200484754,2918246,,,,,,0.0,,,,,,0.0,,,,,,0.0,39,79852,223859,224952,261798
python,dedicated,1,2,0,incoming,tcp,0,passed,,1,3168437,29577216,1093586944,19,0.060000000000000005,29646848,1102020608,20,0.060000000000000005,29741056,1102020608,19,0.060000000000000005,1783127,4062176,,,,,,0.0,3,362849,362849,362849,508286,1682.4376502627126,3,524762,524762,524762,738031,1682.4376502627126,,,,,
python,dedicated,1,2,0,incoming,tcp,1,passed,,1,2966814,29589504,1093586944,19,0.05,29655040,1102020608,20,0.05,29769728,1102020608,19,0.05,1585043,2402422,,,,,,0.0,3,329341,329341,329341,491152,1892.693131984432,3,527722,527722,527722,668448,1892.693131984432,,,,,
python,dedicated,1,2,0,incoming,tcp,2,passed,,1,3544741,29626368,1092538368,19,0.060000000000000005,29712384,1102020608,20,0.060000000000000005,29847552,1102020608,19,0.06999999999999999,1596814,2843571,,,,,,0.0,3,415361,415361,415361,493208,1878.741043102077,3,605719,605719,605719,688927,1878.741043102077,,,,,
python,dedicated,1,2,0,periodic,tcp,0,passed,,1,2679783,29483008,1092538368,19,0.05,29569024,1102020608,20,0.05,29716480,1102020608,19,0.06,303844974,2770137,,,,,,0.0,3,532261,532261,532261,605093,9.87345606052381,,,,,,0.0,59,77366,172276,750458,776777
python,dedicated,1,2,0,periodic,tcp,1,passed,,1,2546942,29483008,1092538368,19,0.060000000000000005,29560832,1102020608,20,0.060000000000000005,29745152,1102020608,19,0.060000000000000005,303890529,3325466,,,,,,0.0,3,376319,376319,376319,641532,9.871975970662778,,,,,,0.0,59,57908,192836,487142,551118
python,dedicated,1,2,0,periodic,tcp,2,passed,,1,3149486,29536256,1092538368,19,0.05,29622272,1102020608,20,0.05,29794304,1102020608,19,0.06,304427926,2830064,,,,,,0.0,3,731169,731169,731169,736736,9.854549283366335,,,,,,0.0,58,161626,484635,889529,920850
python,dedicated,1,2,0,publish,tcp,0,passed,,1,2801497,29556736,1093586944,19,0.05,29622272,1102020608,20,0.05,29786112,1102020608,19,0.05,1977582,3057973,,,,,,0.0,3,650459,650459,650459,673542,1517.0040989450754,,,,,,0.0,,,,,
python,dedicated,1,2,0,publish,tcp,1,passed,,1,3191092,29597696,1092538368,19,0.060000000000000005,29679616,1102020608,20,0.060000000000000005,29831168,1102020608,19,0.060000000000000005,1301820,2406791,,,,,,0.0,3,381586,381586,381586,542015,2304.4660552150067,,,,,,0.0,,,,,
python,dedicated,1,2,0,publish,tcp,2,passed,,1,3954864,29577216,1093586944,19,0.05,29650944,1102020608,20,0.05,29810688,1102020608,19,0.05,1911856,2651941,,,,,,0.0,3,531280,531280,531280,787921,1569.1558360043853,,,,,,0.0,,,,,
python,dedicated,1,2,0,reconnect,tcp,0,passed,,1,2728384,29569024,1092538368,19,0.05,29650944,1102020608,20,0.05,29880320,1102020608,19,0.07,5810862,3352797,,,,,,0.0,,,,,,0.0,,,,,,0.0,1,145346,145346,145346,145346
python,dedicated,1,2,0,reconnect,tcp,1,passed,,1,3405426,29564928,1092538368,19,0.060000000000000005,29646848,1102020608,20,0.060000000000000005,29933568,1102020608,19,0.06999999999999999,5807697,3425743,,,,,,0.0,,,,,,0.0,,,,,,0.0,1,43662,43662,43662,43662
python,dedicated,1,2,0,reconnect,tcp,2,passed,,1,3370678,29519872,1093586944,19,0.05,29581312,1102020608,20,0.05,29859840,1102020608,19,0.07,8892043,2204904,,,,,,0.0,,,,,,0.0,,,,,,0.0,1,52260,52260,52260,52260
python,dedicated,1,2,1,incoming,tcp,0,passed,,1,3509003,29609984,1092538368,19,0.060000000000000005,29696000,1102020608,20,0.060000000000000005,29827072,1102020608,19,0.060000000000000005,84365703,3553682,,,,,,0.0,3,40817229,40817229,40817229,41556325,35.559473735434885,3,41248571,41248571,41248571,41912752,35.559473735434885,16,162558,225974,225974,593517
python,dedicated,1,2,1,incoming,tcp,1,passed,,1,2795682,29581312,1093586944,19,0.06,29650944,1102020608,20,0.06,29794304,1102020608,19,0.06,83859301,2572036,,,,,,0.0,3,40992892,40992892,40992892,41298264,35.77420708527013,3,41200314,41200314,41200314,41421989,35.77420708527013,16,70165,496434,496434,848033
python,dedicated,1,2,1,incoming,tcp,2,passed,,1,3184520,29569024,1093586944,19,0.060000000000000005,29638656,1102020608,20,0.060000000000000005,29728768,1102020608,19,0.060000000000000005,84110782,2808172,,,,,,0.0,3,41267137,41267137,41267137,41499904,35.66724656061336,3,41594150,41594150,41594150,41788627,35.66724656061336,16,40479,1005333,1005333,1051175
python,dedicated,1,2,1,periodic,tcp,0,passed,,1,2643222,29417472,1092538368,19,0.05,29499392,1102020608,20,0.06,29691904,1102020608,19,0.06,304142323,2461017,,,,,,0.0,3,788226,788226,788226,888798,9.863803137980241,,,,,,0.0,59,61103,143308,863034,997329
python,dedicated,1,2,1,periodic,tcp,1,passed,,1,2903957,29540352,1093586944,19,0.060000000000000005,29609984,1102020608,20,0.06999999999999999,29794304,1102020608,19,0.06999999999999999,303684460,2910330,,,,,,0.0,3,616436,616436,616436,666942,9.878674727050571,,,,,,0.0,58,96307,297406,632741,718139
python,dedicated,1,2,1,periodic,tcp,2,passed,,1,2884614,29511680,1092538368,19,0.05,29597696,1102020608,20,0.05,29736960,1102020608,19,0.06,303879327,3166770,,,,,,0.0,3,580635,580635,580635,629059,9.872339884443669,,,,,,0.0,59,37894,171799,637459,804963
python,dedicated,1,2,1,publish,tcp,0,passed,,1,3442932,29552640,1092538368,19,0.05,29634560,1102020608,20,0.05,29782016,1102020608,19,0.06,1942555,3340798,,,,,,0.0,3,686151,686151,686151,710570,1544.3578174105753,,,,,,0.0,,,,,
python,dedicated,1,2,1,publish,tcp,1,passed,,1,2920074,29442048,1093586944,19,0.060000000000000005,29515776,1102020608,20,0.060000000000000005,29667328,1102020608,19,0.06999999999999999,2006986,3229096,,,,,,0.0,3,570278,570278,570278,760689,1494.7787378686248,,,,,,0.0,,,,,
python,dedicated,1,2,1,publish,tcp,2,passed,,1,3743567,29552640,1092538368,19,0.05,29638656,1102020608,20,0.05,29802496,1102020608,19,0.06,2714857,3019725,,,,,,0.0,3,930719,930719,930719,1026692,1105.030578037812,,,,,,0.0,,,,,
python,dedicated,1,2,2,incoming,tcp,0,passed,,1,3309813,29605888,1093586944,19,0.05,29675520,1102020608,20,0.05,29814784,1102020608,19,0.060000000000000005,124885584,2992078,,,,,,0.0,3,40979495,40979495,40979495,42443491,24.021987998230443,3,41266629,41266629,41266629,42644374,24.021987998230443,24,61184,261045,264786,470001
python,dedicated,1,2,2,incoming,tcp,1,passed,,1,3560009,29573120,1093586944,19,0.06,29646848,1102020608,20,0.06,29810688,1102020608,19,0.06999999999999999,125674733,2782469,,,,,,0.0,3,41673813,41673813,41673813,41703432,23.871146796070775,3,41877967,41877967,41877967,42046082,23.871146796070775,24,50651,344992,493656,775675
python,dedicated,1,2,2,incoming,tcp,2,passed,,1,4370548,29601792,1092538368,19,0.06,29675520,1102020608,20,0.06,29790208,1102020608,19,0.07,126064782,3001924,,,,,,0.0,3,41777055,41777055,41777055,41850869,23.797288603568916,3,41948025,41948025,41948025,42290058,23.797288603568916,23,212264,445015,638229,949144
python,dedicated,1,2,2,periodic,tcp,0,passed,,1,3266685,29491200,1093586944,19,0.06999999999999999,29560832,1102020608,20,0.06999999999999999,29704192,1102020608,19,0.08,304767957,2675428,,,,,,0.0,3,563900,563900,563900,1049115,9.843554517773665,,,,,,0.0,59,71719,179572,723878,944410
python,dedicated,1,2,2,periodic,tcp,1,passed,,1,2864782,29573120,1093586944,19,0.060000000000000005,29642752,1102020608,20,0.060000000000000005,29802496,1102020608,19,0.06999999999999999,303298052,2588416,,,,,,0.0,3,465606,465606,465606,1035443,9.891260363254823,,,,,,0.0,59,80814,303581,341575,628501
python,dedicated,1,2,2,periodic,tcp,2,passed,,1,3243443,29429760,1092538368,19,0.05,29511680,1102020608,20,0.05,29700096,1102020608,19,0.06,305052917,2786273,,,,,,0.0,3,913626,913626,913626,949369,9.834359328548889,,,,,,0.0,59,75861,247789,281220,742077
python,dedicated,1,2,2,publish,tcp,0,passed,,1,3034033,29528064,1092538368,19,0.05,29614080,1102020608,20,0.05,29790208,1102020608,19,0.06,1957858,2523416,,,,,,0.0,3,543550,543550,543550,828817,1532.2868154891723,,,,,,0.0,,,,,
python,dedicated,1,2,2,publish,tcp,1,passed,,1,3265771,29487104,1092538368,19,0.05,29564928,1102020608,20,0.05,29749248,1102020608,19,0.06,2550256,2586769,,,,,,0.0,3,776345,776345,776345,1090037,1176.3524916714243,,,,,,0.0,,,,,
python,dedicated,1,2,2,publish,tcp,2,passed,,1,2968473,29425664,1093586944,19,0.060000000000000005,29503488,1102020608,20,0.060000000000000005,29618176,1102020608,19,0.060000000000000005,2610081,2772134,,,,,,0.0,3,865307,865307,865307,954545,1149.3896166440811,,,,,,0.0,,,,,
python,dedicated,10,1,0,idle,tcp,0,passed,,10,16996280,30584832,1112502272,28,0.06999999999999999,30666752,1120935936,29,0.06999999999999999,31105024,1120935936,20,0.06999999999999999,200632317,4355506,,,,,,0.0,,,,,,0.0,,,,,,0.0,39,79687,191121,200340,284179
python,dedicated,10,1,0,idle,tcp,1,passed,,10,16550922,30523392,1112502272,28,0.06,30609408,1120935936,29,0.06,31080448,1120935936,20,0.06999999999999999,200868797,3870046,,,,,,0.0,,,,,,0.0,,,,,,0.0,38,134719,270485,277679,286812
python,dedicated,10,1,0,idle,tcp,2,passed,,10,16789475,30609408,1112502272,28,0.060000000000000005,30670848,1120935936,29,0.060000000000000005,31076352,1120935936,20,0.06999999999999999,200475748,3377867,,,,,,0.0,,,,,,0.0,,,,,,0.0,39,98565,211703,248349,252951
python,dedicated,10,1,0,incoming,tcp,0,passed,,10,19210213,30666752,1111453696,28,0.07,30760960,1120935936,29,0.07,31186944,1120935936,20,0.07,3298046,3260142,,,,,,0.0,3,182158,182158,182158,609757,909.6295200248875,30,591113,1760769,1901890,1944489,9096.295200248875,,,,,
python,dedicated,10,1,0,incoming,tcp,1,passed,,10,17741369,30543872,1112502272,28,0.060000000000000005,30642176,1120935936,29,0.060000000000000005,31076352,1120935936,20,0.06999999999999999,3568659,3125576,,,,,,0.0,3,257519,257519,257519,514566,840.6519087421914,30,697558,1880353,2010634,2055449,8406.519087421913,,,,,
python,dedicated,10,1,0,incoming,tcp,2,passed,,10,18877268,30584832,1111453696,28,0.06,30670848,1120935936,29,0.06,31113216,1120935936,20,0.08,4971101,4141484,,,,,,0.0,3,311750,311750,311750,890350,603.4880401746011,30,859036,2663133,2850889,3003065,6034.880401746012,,,,,
python,dedicated,10,1,0,periodic,tcp,0,passed,,10,16936633,30560256,1112502272,28,0.05,30638080,1120935936,29,0.05,31318016,1123180544,20,0.08,304798980,3129343,,,,,,0.0,30,755662,876211,881868,906312,98.42552622715469,,,,,,0.0,59,85645,252295,586865,1052474
python,dedicated,10,1,0,periodic,tcp,1,passed,,10,17954040,30515200,1112502272,28,0.06,30601216,1120935936,29,0.06,31211520,1123172352,20,0.08,304857575,3928458,,,,,,0.0,30,866108,995944,1010162,1127969,98.40660839738032,,,,,,0.0,59,76363,396646,444032,503175
python,dedicated,10,1,0,periodic,tcp,2,passed,,10,18449455,30621696,1112502272,28,0.060000000000000005,30691328,1120935936,29,0.060000000000000005,31293440,1123192832,20,0.06999999999999999,304273106,3742940,,,,,,0.0,30,926213,1200451,1201875,1246949,98.59563467301642,,,,,,0.0,59,103465,395070,435409,471028
python,dedicated,10,1,0,publish,tcp,0,passed,,10,16686114,30539776,1112502272,28,0.060000000000000005,30613504,1120935936,29,0.060000000000000005,31174656,1123037184,20,0.06999999999999999,3589796,3091428,,,,,,0.0,30,828741,1124450,1148270,1220530,8357.020844638526,,,,,,0.0,,,,,
python,dedicated,10,1,0,publish,tcp,1,passed,,10,17077476,30584832,1112502272,28,0.06,30662656,1120935936,29,0.06,31322112,1123188736,20,0.08,2399204,2919128,,,,,,0.0,30,601077,724614,775731,796553,12504.14720882426,,,,,,0.0,,,,,
python,dedicated,10,1,0,publish,tcp,2,passed,,10,16328811,30572544,1112502272,28,0.060000000000000005,30650368,1120935936,29,0.060000000000000005,31289344,1123037184,20,0.06999999999999999,2180429,2940155,,,,,,0.0,30,489681,949772,963793,1037813,13758.760317350392,,,,,,0.0,,,,,
python,dedicated,10,1,0,reconnect,tcp,0,passed,,10,15651236,30515200,1112502272,28,0.05,30617600,1120935936,29,0.05,31604736,1121071104,20,0.15,35622501,3935855,,,,,,0.0,,,,,,0.0,,,,,,0.0,7,26374,31227,31227,41796
python,dedicated,10,1,0,reconnect,tcp,1,passed,,10,18323754,30552064,1112502272,28,0.06999999999999999,30633984,1120935936,29,0.06999999999999999,31731712,1120935936,20,0.18,56304057,3862885,,,,,,0.0,,,,,,0.0,,,,,,0.0,11,39015,49217,49217,51036
python,dedicated,10,1,0,reconnect,tcp,2,passed,,10,18377272,30547968,1112502272,28,0.060000000000000005,30629888,1120935936,29,0.060000000000000005,31723520,1120935936,20,0.16,47934617,3816588,,,,,,0.0,,,,,,0.0,,,,,,0.0,9,30599,42886,42886,54460
python,dedicated,10,1,1,incoming,tcp,0,passed,,10,19788110,30588928,1111453696,28,0.07,30699520,1120935936,29,0.07,31178752,1120935936,20,0.08,88535917,3041335,,,,,,0.0,3,40896992,40896992,40896992,41773282,33.88455331636764,30,42031476,43685081,43824895,43884198,338.8455331636764,16,186833,555563,555563,720179
python,dedicated,10,1,1,incoming,tcp,1,passed,,10,19020068,30580736,1112502272,28,0.06999999999999999,30674944,1120935936,29,0.06999999999999999,31145984,1121075200,20,0.08,85993121,3693224,,,,,,0.0,3,40964816,40964816,40964816,41438880,34.88651144549109,30,41432296,42379280,42448134,42509973,348.8651144549109,16,72793,955595,955595,966283
python,dedicated,10,1,1,incoming,tcp,2,passed,,10,17867799,30576640,1111453696,28,0.06999999999999999,30666752,1120935936,29,0.06999999999999999,31096832,1120935936,20,0.08,85274702,3578206,,,,,,0.0,3,40511100,40511100,40511100,40801368,35.18042197321311,30,41167635,41792007,41833250,41882131,351.8042197321311,16,96367,923931,923931,1117921
python,dedicated,10,1,1,periodic,tcp,0,passed,,10,17175543,30568448,1112502272,28,0.05,30650368,1120935936,29,0.06,31264768,1123192832,20,0.08,304754924,3047554,,,,,,0.0,30,652386,938641,996385,1067929,98.43975482410909,,,,,,0.0,59,75592,213819,486574,975744
python,dedicated,10,1,1,periodic,tcp,1,passed,,10,16499344,30601216,1112502272,28,0.060000000000000005,30679040,1120935936,29,0.060000000000000005,31064064,1122942976,20,0.06999999999999999,305307980,2955728,,,,,,0.0,30,1005441,1057532,1114134,1351304,98.26143424092616,,,,,,0.0,59,65603,263989,379004,597311
python,dedicated,10,1,1,periodic,tcp,2,passed,,10,17090343,30507008,1112502272,28,0.060000000000000005,30588928,1120935936,29,0.060000000000000005,31277056,1123176448,20,0.08,305772061,2931123,,,,,,0.0,30,889764,978698,981015,1029956,98.11229940985353,,,,,,0.0,60,74950,154087,185821,197422
python,dedicated,10,1,1,publish,tcp,0,passed,,10,16793679,30502912,1112502272,28,0.060000000000000005,30588928,1120935936,29,0.060000000000000005,31150080,1123172352,20,0.07,2527940,3241449,,,,,,0.0,30,641753,738141,746308,762475,11867.370269863999,,,,,,0.0,,,,,
python,dedicated,10,1,1,publish,tcp,1,passed,,10,16955141,30625792,1112502272,28,0.05,30707712,1120935936,29,0.05,31338496,1123037184,20,0.08,3726377,4430430,,,,,,0.0,30,900668,1084454,1085618,1153958,8050.715212121586,,,,,,0.0,,,,,
python,dedicated,10,1,1,publish,tcp,2,passed,,10,17292007,30441472,1112502272,28,0.06,30527488,1120935936,29,0.06,31182848,1123037184,20,0.08,2199890,2868804,,,,,,0.0,30,506292,816558,838829,881384,13637.045488638068,,,,,,0.0,,,,,
python,dedicated,10,1,2,incoming,tcp,0,passed,,10,18860417,30535680,1111453696,28,0.06,30646272,1120935936,29,0.06,31141888,1120935936,20,0.07,126034675,3279224,,,,,,0.0,3,41371148,41371148,41371148,41424734,23.80297326906266,30,41778568,42020315,42094267,42128493,238.02973269062662,24,14419,234819,366933,643966
python,dedicated,10,1,2,incoming,tcp,1,passed,,10,17795217,30556160,1111453696,28,0.060000000000000005,30662656,1120935936,29,0.060000000000000005,31215616,1120935936,20,0.06999999999999999,130080026,3223192,,,,,,0.0,3,41438054,41438054,41438054,42698128,23.062726017597814,30,42553934,44190699,44242515,44378114,230.62726017597814,24,213834,436953,645558,1050702
python,dedicated,10,1,2,incoming,tcp,2,passed,,10,18329191,30617600,1112502272,28,0.060000000000000005,30724096,1120935936,29,0.060000000000000005,31178752,1120935936,20,0.06999999999999999,127500129,3229855,,,,,,0.0,3,41227561,41227561,41227561,41431970,23.529387958501594,30,41792029,43269806,43376277,43553576,235.29387958501596,24,112534,717907,816465,941012
python,dedicated,10,1,2,periodic,tcp,0,passed,,10,18285879,30486528,1112502272,28,0.06999999999999999,30560256,1120935936,29,0.06999999999999999,31272960,1123180544,20,0.08,306164229,3045854,,,,,,0.0,30,938199,987993,995355,1015570,97.9866266480138,,,,,,0.0,59,88242,220643,231258,315487
python,dedicated,10,1,2,periodic,tcp,1,passed,,10,15345383,30580736,1112502272,28,0.05,30662656,1120935936,29,0.05,31248384,1123172352,20,0.07,304216365,2661663,,,,,,0.0,30,772670,1225393,1231166,1280183,98.61402426526266,,,,,,0.0,59,78470,319263,744766,972216
python,dedicated,10,1,2,periodic,tcp,2,passed,,10,18033063,30617600,1112502272,28,0.060000000000000005,30699520,1120935936,29,0.060000000000000005,31453184,1123172352,20,0.08,304486996,4322581,,,,,,0.0,30,778260,1443794,1490230,1491061,98.52637516250448,,,,,,0.0,59,61376,136767,170719,957103
python,dedicated,10,1,2,publish,tcp,0,passed,,10,16173207,30568448,1112502272,28,0.060000000000000005,30642176,1120935936,29,0.060000000000000005,31252480,1123037184,20,0.06999999999999999,2718484,4114826,,,,,,0.0,30,700267,864817,877015,882433,11035.562467904905,,,,,,0.0,,,,,
python,dedicated,10,1,2,publish,tcp,1,passed,,10,18156961,30543872,1112502272,28,0.06,30621696,1120935936,29,0.06,31346688,1123188736,20,0.06999999999999999,2590603,2887675,,,,,,0.0,30,642947,1032881,1060190,1061222,11580.31547095406,,,,,,0.0,,,,,
python,dedicated,10,1,2,publish,tcp,2,passed,,10,16889191,30593024,1112502272,28,0.060000000000000005,30679040,1120935936,29,0.060000000000000005,31379456,1123037184,20,0.06999999999999999,2896675,4128392,,,,,,0.0,30,732945,853066,859570,861361,10356.70208083406,,,,,,0.0,,,,,
python,dedicated,10,2,0,idle,tcp,0,passed,,10,17446281,31092736,1112502272,28,0.060000000000000005,31186944,1120935936,29,0.060000000000000005,31612928,1120935936,20,0.06999999999999999,200279460,3593819,,,,,,0.0,,,,,,0.0,,,,,,0.0,37,300713,484380,490584,576525
python,dedicated,10,2,0,idle,tcp,1,passed,,10,17037029,31113216,1112502272,28,0.060000000000000005,31195136,1120935936,29,0.060000000000000005,31612928,1120935936,20,0.060000000000000005,200152665,3230160,,,,,,0.0,,,,,,0.0,,,,,,0.0,39,81873,220707,224491,225974
python,dedicated,10,2,0,idle,tcp,2,passed,,10,17482406,31076352,1112502272,28,0.06999999999999999,31166464,1120935936,29,0.06999999999999999,31555584,1120935936,20,0.08,200834848,5984702,,,,,,0.0,,,,,,0.0,,,,,,0.0,39,57870,153029,175048,244512
python,dedicated,10,2,0,incoming,tcp,0,passed,,10,18521247,31145984,1113456640,28,0.060000000000000005,31227904,1121890304,29,0.06999999999999999,31477760,1121603584,20,0.06999999999999999,4058393,2897395,,,,,,0.0,3,365944,365944,365944,389090,739.2088444859825,30,876978,1431171,1513639,1588117,7392.088444859825,,,,,
python,dedicated,10,2,0,incoming,tcp,1,passed,,10,19805778,31178752,1112502272,28,0.06999999999999999,31272960,1120935936,29,0.06999999999999999,31703040,1121071104,20,0.08,3307005,3074480,,,,,,0.0,3,267299,267299,267299,833436,907.1652446851456,30,600481,1806601,1845116,1897102,9071.652446851456,,,,,
python,dedicated,10,2,0,incoming,tcp,2,passed,,10,18079535,31227904,1111453696,28,0.06,31322112,1120935936,29,0.06,31694848,1120935936,20,0.06999999999999999,3601315,4052485,,,,,,0.0,3,326667,326667,326667,633218,833.0290463344639,30,562668,2123978,2157888,2188256,8330.29046334464,,,,,
python,dedicated,10,2,0,periodic,tcp,0,passed,,10,16644359,31215616,1112502272,28,0.060000000000000005,31293440,1120935936,29,0.060000000000000005,31809536,1123176448,20,0.06999999999999999,305292734,2998665,,,,,,0.0,30,880724,1057230,1063750,1093818,98.26634131423515,,,,,,0.0,60,53786,176524,206864,214419
python,dedicated,10,2,0,periodic,tcp,1,passed,,10,18102431,31129600,1112502272,28,0.060000000000000005,31211520,1120935936,29,0.060000000000000005,31858688,1123176448,20,0.06999999999999999,305603252,4238744,,,,,,0.0,30,780798,834759,905648,953203,98.16649464188293,,,,,,0.0,60,48726,256163,342863,1053597
python,dedicated,10,2,0,periodic,tcp,2,passed,,10,17344578,31109120,1112502272,28,0.05,31195136,1120935936,29,0.05,31744000,1123184640,20,0.06999999999999999,305580654,2923929,,,,,,0.0,30,845462,1069471,1092531,1137106,98.17375415395243,,,,,,0.0,59,78377,273148,373521,484680
python,dedicated,10,2,0,publish,tcp,0,passed,,10,16904262,31133696,1112502272,28,0.060000000000000005,31219712,1120935936,29,0.060000000000000005,31694848,1123037184,20,0.06999999999999999,2329894,2896497,,,,,,0.0,30,625505,698020,719319,788681,12876.122261356097,,,,,,0.0,,,,,
python,dedicated,10,2,0,publish,tcp,1,passed,,10,17782583,31137792,1112502272,28,0.060000000000000005,31227904,1120935936,29,0.060000000000000005,31703040,1123180544,20,0.06999999999999999,3058188,4108524,,,,,,0.0,30,730422,861674,871713,885120,9809.730467845666,,,,,,0.0,,,,,
python,dedicated,10,2,0,publish,tcp,2,passed,,10,19187189,31105024,1112502272,28,0.06999999999999999,31191040,1120935936,29,0.06999999999999999,31420416,1122947072,20,0.08,2108089,3394360,,,,,,0.0,30,494541,601504,620946,639781,14230.898221090287,,,,,,0.0,,,,,
python,dedicated,10,2,0,reconnect,tcp,0,passed,,10,17467550,31191040,1112502272,28,0.06,31272960,1120935936,29,0.06,32354304,1120935936,20,0.17,50501005,4325229,,,,,,0.0,,,,,,0.0,,,,,,0.0,10,28324,72364,72364,86511
python,dedicated,10,2,0,reconnect,tcp,1,passed,,10,15611524,31158272,1112502272,28,0.060000000000000005,31236096,1120935936,29,0.060000000000000005,32333824,1120935936,20,0.16,38158694,3499226,,,,,,0.0,,,,,,0.0,,,,,,0.0,7,25978,45133,45133,49238
python,dedicated,10,2,0,reconnect,tcp,2,passed,,10,16300989,31195136,1112502272,28,0.060000000000000005,31285248,1120935936,29,0.060000000000000005,32374784,1120935936,20,0.16,48774605,4105973,,,,,,0.0,,,,,,0.0,,,,,,0.0,9,31142,71157,71157,85236
python,dedicated,10,2,1,incoming,tcp,0,passed,,10,18879100,31322112,1112502272,28,0.06,31412224,1120935936,29,0.06,31752192,1120935936,20,0.06999999999999999,85439135,4386652,,,,,,0.0,3,40962082,40962082,40962082,42297747,35.112715033924445,30,41451245,42805515,42843279,42880628,351.1271503392444,16,60066,124873,124873,1075131
python,dedicated,10,2,1,incoming,tcp,1,passed,,10,18166997,31305728,1112502272,28,0.060000000000000005,31391744,1120935936,29,0.060000000000000005,31674368,1120935936,20,0.06999999999999999,85394061,3064409,,,,,,0.0,3,40650807,40650807,40650807,41143569,35.131248764477895,30,41339708,42148887,42198007,42231199,351.31248764477897,16,69141,535980,535980,811549
python,dedicated,10,2,1,incoming,tcp,2,passed,,10,19193805,31272960,1111453696,28,0.060000000000000005,31358976,1120935936,29,0.060000000000000005,31711232,1120935936,20,0.06999999999999999,87770222,3063975,,,,,,0.0,3,41119749,41119749,41119749,42110236,34.18015736590025,30,41777585,43733944,44007842,44078144,341.8015736590025,16,73027,722484,722484,794062
python,dedicated,10,2,1,periodic,tcp,0,passed,,10,17504950,31215616,1112502272,28,0.060000000000000005,31293440,1120935936,29,0.07,31821824,1123037184,20,0.07,304882910,3603656,,,,,,0.0,30,831674,930501,962893,1113621,98.39843105669648,,,,,,0.0,59,85048,254371,306707,358711
python,dedicated,10,2,1,periodic,tcp,1,passed,,10,18796598,31113216,1112502272,28,0.06,31203328,1120935936,29,0.06,31776768,1123037184,20,0.08,304568149,3820355,,,,,,0.0,30,734893,1244348,1275696,1297672,98.50012254564413,,,,,,0.0,59,74189,219809,318708,994249
python,dedicated,10,2,1,periodic,tcp,2,passed,,10,16679689,31072256,1112502272,28,0.06999999999999999,31162368,1120935936,29,0.06999999999999999,31731712,1123037184,20,0.08,305793995,3161610,,,,,,0.0,30,888274,1521840,1545486,1585365,98.10526200816992,,,,,,0.0,60,72155,182053,418212,536794
python,dedicated,10,2,1,publish,tcp,0,passed,,10,18565314,31174656,1112502272,28,0.06999999999999999,31260672,1120935936,29,0.06999999999999999,31748096,1123037184,20,0.08,2602432,2943376,,,,,,0.0,30,623094,855191,864158,898905,11527.678725130954,,,,,,0.0,,,,,
python,dedicated,10,2,1,publish,tcp,1,passed,,10,16392728,31055872,1112502272,28,0.060000000000000005,31145984,1120935936,29,0.060000000000000005,31703040,1123180544,20,0.06999999999999999,2627430,3019296,,,,,,0.0,30,623594,828412,839021,1056940,11418.00162135623,,,,,,0.0,,,,,
python,dedicated,10,2,1,publish,tcp,2,passed,,10,17454002,31051776,1112502272,28,0.05,31145984,1120935936,29,0.05,31793152,1123176448,20,0.07,3289462,3613716,,,,,,0.0,30,726366,1234074,1283960,1322581,9120.032394355065,,,,,,0.0,,,,,
python,dedicated,10,2,2,incoming,tcp,0,passed,,10,21117403,31186944,1111453696,28,0.06999999999999999,31309824,1120935936,29,0.06999999999999999,31670272,1120935936,20,0.08,128146236,3464129,,,,,,0.0,3,41065028,41065028,41065028,41864062,23.410753945203666,30,42095993,43447992,43518302,43622340,234.10753945203666,24,155525,536853,735045,974572
python,dedicated,10,2,2,incoming,tcp,1,passed,,10,20253060,31150080,1111453696,28,0.06,31248384,1120935936,29,0.06,31690752,1121071104,20,0.08,132860463,3759489,,,,,,0.0,3,41024346,41024346,41024346,41673986,22.58008087778529,30,42836452,44201607,44517603,44823855,225.8008087778529,25,12696,386425,629004,902420
python,dedicated,10,2,2,incoming,tcp,2,passed,,10,18824555,31195136,1112502272,28,0.060000000000000005,31277056,1120935936,29,0.060000000000000005,31653888,1121087488,20,0.07,129271140,3199684,,,,,,0.0,3,41527144,41527144,41527144,42130011,23.207036002003232,30,42587128,43495833,43589854,43693409,232.07036002003233,25,35995,182088,324777,455433
python,dedicated,10,2,2,periodic,tcp,0,passed,,10,17205468,31182848,1112502272,28,0.060000000000000005,31268864,1120935936,29,0.06999999999999999,31748096,1123037184,20,0.06999999999999999,305621457,3027327,,,,,,0.0,30,1115316,1268411,1292945,1351564,98.16064714330578,,,,,,0.0,59,102355,268680,330767,617815
python,dedicated,10,2,2,periodic,tcp,1,passed,,10,16597022,31096832,1112502272,28,0.060000000000000005,31199232,1120935936,29,0.060000000000000005,31813632,1123192832,20,0.06999999999999999,305672065,3243374,,,,,,0.0,30,817823,932930,950880,973675,98.14439536697604,,,,,,0.0,59,88355,222237,266257,292822
python,dedicated,10,2,2,periodic,tcp,2,passed,,10,17332761,31121408,1112502272,28,0.05,31211520,1120935936,29,0.05,31715328,1123176448,20,0.08,304276433,3099909,,,,,,0.0,30,858637,1069073,1090485,1109443,98.5945566149055,,,,,,0.0,59,104534,277211,321923,527892
python,dedicated,10,2,2,publish,tcp,0,passed,,10,17443710,31158272,1112502272,28,0.060000000000000005,31244288,1120935936,29,0.060000000000000005,31719424,1123188736,20,0.06999999999999999,3473786,4225629,,,,,,0.0,30,780091,1030273,1060209,1082749,8636.11057215384,,,,,,0.0,,,,,
python,dedicated,10,2,2,publish,tcp,1,passed,,10,17160195,31113216,1112502272,28,0.060000000000000005,31199232,1120935936,29,0.060000000000000005,31817728,1123037184,20,0.06999999999999999,2827326,3162341,,,,,,0.0,30,731426,844330,855968,878695,10610.732543753356,,,,,,0.0,,,,,
python,dedicated,10,2,2,publish,tcp,2,passed,,10,18702917,31145984,1112502272,28,0.060000000000000005,31236096,1120935936,29,0.060000000000000005,31789056,1123176448,20,0.06999999999999999,2984003,4137805,,,,,,0.0,30,792837,959981,1044734,1060322,10053.609195433115,,,,,,0.0,,,,,
python,dedicated,100,1,0,idle,tcp,0,passed,,100,175905043,42364928,1302048768,118,0.1,42487808,1310662656,119,0.1,41844736,1142362112,20,0.12,200308237,8311688,,,,,,0.0,,,,,,0.0,,,,,,0.0,38,170837,214743,231460,232767
python,dedicated,100,1,0,idle,tcp,1,passed,,100,165928376,42291200,1302048768,118,0.09000000000000001,42381312,1310699520,119,0.09000000000000001,41492480,1142464512,20,0.12,200148930,9048039,,,,,,0.0,,,,,,0.0,,,,,,0.0,39,63626,76413,82084,103651
python,dedicated,100,1,0,idle,tcp,2,passed,,100,185821250,42319872,1302040576,118,0.1,42442752,1310646272,119,0.1,42209280,1142419456,20,0.13,200663556,9334289,,,,,,0.0,,,,,,0.0,,,,,,0.0,39,50746,184423,190438,200212
python,dedicated,100,1,0,incoming,tcp,0,passed,,100,202058809,42831872,1302056960,118,0.12,42958848,1310699520,119,0.12,42262528,1142493184,20,0.16,16512668,6513820,,,,,,0.0,3,196089,196089,196089,644391,181.67869662249615,300,2838110,6495355,7322559,7533266,18167.869662249614,3,82914,82914,82914,298580
python,dedicated,100,1,0,incoming,tcp,1,passed,,100,201325851,42741760,1302052864,118,0.12,42864640,1310699520,119,0.12,42422272,1142816768,20,0.17,21997936,9357555,,,,,,0.0,3,231833,231833,231833,700492,136.37643095243118,300,4078531,7027035,7613395,7785202,13637.643095243116,4,53915,58415,58415,74892
python,dedicated,100,1,0,incoming,tcp,2,passed,,100,205347550,42799104,1302052864,118,0.13,42930176,1310695424,119,0.13,42758144,1142865920,20,0.18,15398701,9494428,,,,,,0.0,3,125192,125192,125192,518731,194.82162813603563,300,2942474,6241421,6644294,6752735,19482.16281360356,3,41383,41383,41383,68284
python,dedicated,100,1,0,periodic,tcp,0,passed,,100,174729906,42328064,1302048768,118,0.09000000000000001,42450944,1310666752,119,0.09000000000000001,43397120,1143095296,20,0.15000000000000002,316202054,9942689,,,,,,0.0,300,2962081,5183898,5278906,5384669,948.7604403733569,,,,,,0.0,61,77522,403421,547264,568317
python,dedicated,100,1,0,periodic,tcp,1,passed,,100,175197639,42393600,1302216704,118,0.09000000000000001,42496000,1310650368,119,0.1,42979328,1143332864,20,0.15000000000000002,317848677,7969155,,,,,,0.0,300,3293884,5296998,5409865,5638769,943.8453632449758,,,,,,0.0,62,32158,191916,314630,863267
python,dedicated,100,1,0,periodic,tcp,2,passed,,100,183136348,42344448,1302233088,118,0.12000000000000001,42455040,1310666752,119,0.12000000000000001,42631168,1142771712,20,0.19,322148971,7493128,,,,,,0.0,300,4336768,5385947,5450152,5671629,931.246184238161,,,,,,0.0,62,124573,234027,531473,607670
python,dedicated,100,1,0,publish,tcp,0,passed,,100,177835598,42442752,1302216704,118,0.11,42541056,1310650368,119,0.12,43151360,1142960128,20,0.16,11789118,8540494,,,,,,0.0,300,2641320,3314277,3574750,3720097,25447.196304252786,,,,,,0.0,2,282419,282419,282419,695000
python,dedicated,100,1,0,publish,tcp,1,passed,,100,185611514,42381312,1302044672,118,0.1,42508288,1310650368,119,0.1,42762240,1142616064,20,0.17,21623929,9463095,,,,,,0.0,300,4948113,6762195,6796555,7124532,13873.519470027857,,,,,,0.0,3,1387360,1387360,1387360,2500243
python,dedicated,100,1,0,publish,tcp,2,passed,,100,197632693,42360832,1302224896,118,0.11,42455040,1310658560,119,0.11,42536960,1142599680,20,0.16999999999999998,17336310,9974902,,,,,,0.0,300,3157451,5983140,6052535,6098923,17304.720554720123,,,,,,0.0,3,237811,237811,237811,1154182
python,dedicated,100,1,0,reconnect,tcp,0,passed,,100,168873696,42373120,1302061056,118,0.09000000000000001,42496000,1310658560,119,0.09000000000000001,44748800,1142554624,20,1.06,636909422,9411074,,,,,,0.0,,,,,,0.0,,,,,,0.0,126,38080,88691,112259,138919
python,dedicated,100,1,0,reconnect,tcp,1,passed,,100,174440064,42385408,1302052864,118,0.09000000000000001,42504192,1310662656,119,0.09000000000000001,44568576,1142558720,20,0.85,415571121,11088617,,,,,,0.0,,,,,,0.0,,,,,,0.0,82,26404,67454,238597,299751
python,dedicated,100,1,0,reconnect,tcp,2,passed,,100,172177012,42430464,1302233088,118,0.1,42532864,1310666752,119,0.1,44638208,1142550528,20,1.09,605455993,8123278,,,,,,0.0,,,,,,0.0,,,,,,0.0,119,43244,94476,105094,285696
python,dedicated,100,1,1,incoming,tcp,0,passed,,100,210735892,42717184,1302061056,118,0.13,42840064,1310703616,119,0.14,42573824,1142775808,20,0.2,109903123,11867997,,,,,,0.0,3,41100588,41100588,41100588,41455090,27.296767535896137,300,43534030,49233282,50045154,50337922,2729.676753589614,21,68584,213600,213600,742806
python,dedicated,100,1,1,incoming,tcp,1,passed,,100,202310989,42823680,1302265856,118,0.13,42930176,1310699520,119,0.13,43024384,1142820864,20,0.17,97496745,9879519,,,,,,0.0,3,41086367,41086367,41086367,41425498,30.770258022460133,300,42933261,45609845,46003053,46124575,3077.0258022460134,18,39008,888170,888170,959336
python,dedicated,100,1,1,incoming,tcp,2,passed,,100,204926880,42811392,1302044672,118,0.12,42938368,1310695424,119,0.12,42307584,1142493184,20,0.17,100281022,10767746,,,,,,0.0,3,40549706,40549706,40549706,40842031,29.915929656161662,300,42421448,47516726,48105460,48259635,2991.592965616166,19,80705,523182,523182,938151
python,dedicated,100,1,1,periodic,tcp,0,passed,,100,194421369,42405888,1302061056,118,0.11,42528768,1310662656,119,0.11,42467328,1142759424,20,0.19,323179864,11101175,,,,,,0.0,300,5275148,6607852,6742191,6943972,928.2756551936664,,,,,,0.0,63,69939,537820,958688,985456
python,dedicated,100,1,1,periodic,tcp,1,passed,,100,174249639,42319872,1302228992,118,0.11,42426368,1310662656,119,0.11,42725376,1142939648,20,0.18,316755336,7924801,,,,,,0.0,300,3504212,4709540,4965864,4993484,947.1032241742566,,,,,,0.0,60,174777,401190,441280,467440
python,dedicated,100,1,1,periodic,tcp,2,passed,,100,177138395,42287104,1302036480,118,0.09000000000000001,42409984,1310642176,119,0.1,43143168,1143029760,20,0.16,318105070,9738095,,,,,,0.0,300,3458955,6037683,6146603,6555992,943.0846229517813,,,,,,0.0,62,74888,189048,771559,910235
python,dedicated,100,1,1,publish,tcp,0,passed,,100,170193724,42369024,1302061056,118,0.1,42487808,1310662656,119,0.1,43188224,1142865920,20,0.16999999999999998,18694512,9381073,,,,,,0.0,300,4644058,5762442,5865050,6724646,16047.490300896861,,,,,,0.0,3,808025,808025,808025,1103021
python,dedicated,100,1,1,publish,tcp,1,passed,,100,190929767,42274816,1302220800,118,0.11,42389504,1310654464,119,0.11,42860544,1142878208,20,0.16999999999999998,15440141,7412914,,,,,,0.0,300,3981052,5029656,5100562,5163425,19429.87437744254,,,,,,0.0,2,63888,63888,63888,807886
python,dedicated,100,1,1,publish,tcp,2,passed,,100,182171219,42377216,1302052864,118,0.1,42496000,1310662656,119,0.1,42475520,1142747136,20,0.16999999999999998,21558111,9826494,,,,,,0.0,300,4810545,7136797,7263252,7332569,13915.876024573767,,,,,,0.0,3,560303,560303,560303,916300
python,dedicated,100,1,2,incoming,tcp,0,passed,,100,215472943,42807296,1302056960,118,0.15,42934272,1310699520,119,0.15,43139072,1143091200,20,0.2,140348969,10352597,,,,,,0.0,3,41370976,41370976,41370976,41420255,21.3752906157793,300,44130128,48039781,48766851,49001289,2137.52906157793,27,69882,301749,347351,1044693
python,dedicated,100,1,2,incoming,tcp,1,passed,,100,216066946,42766336,1302040576,118,0.13,42897408,1310691328,119,0.13,41742336,1142489088,20,0.2,150470171,11167746,,,,,,0.0,3,41995672,41995672,41995672,42720398,19.937506417800243,300,45848915,49791635,50562201,50814206,1993.7506417800244,29,76977,215089,377198,940585
python,dedicated,100,1,2,incoming,tcp,2,passed,,100,203036141,42377216,1302212608,118,0.13,42483712,1310789632,119,0.13,42536960,1143033856,20,0.18,144183048,7969913,,,,,,0.0,3,40895237,40895237,40895237,41566083,20.80688431555421,300,45086197,48922950,49685661,49873508,2080.688431555421,27,204964,554988,618066,665883
python,dedicated,100,1,2,periodic,tcp,0,passed,,100,170930064,42385408,1302061056,118,0.1,42504192,1310662656,119,0.1,42708992,1142718464,20,0.17,319262251,9630071,,,,,,0.0,300,3529799,6914884,6946366,7719643,939.666368511572,,,,,,0.0,61,93089,488908,971862,1022465
python,dedicated,100,1,2,periodic,tcp,1,passed,,100,172136936,42360832,1302048768,118,0.11,42479616,1310666752,119,0.11,43401216,1143177216,20,0.16999999999999998,315607194,8233358,,,,,,0.0,300,3395766,3866699,3963594,4155574,950.5486747554937,,,,,,0.0,61,81251,255167,587824,856030
python,dedicated,100,1,2,periodic,tcp,2,passed,,100,197263462,42307584,1302048768,118,0.1,42426368,1310658560,119,0.1,42127360,1142685696,20,0.19,328320519,7581234,,,,,,0.0,300,6085016,7054200,7245816,8261666,913.7412456392956,,,,,,0.0,64,78194,438280,629310,819850
python,dedicated,100,1,2,publish,tcp,0,passed,,100,172915314,42405888,1302228992,118,0.09000000000000001,42508288,1310662656,119,0.09000000000000001,42561536,1142689792,20,0.16999999999999998,23607508,10159360,,,,,,0.0,300,5658764,6198408,6271509,6401586,12707.821596417547,,,,,,0.0,4,448475,1096279,1096279,1375518
python,dedicated,100,1,2,publish,tcp,1,passed,,100,184000135,42446848,1302233088,118,0.11,42549248,1310666752,119,0.11,42811392,1142759424,20,0.16999999999999998,18281200,9455780,,,,,,0.0,300,4089962,5602355,5659861,6504673,16410.301293131743,,,,,,0.0,3,317847,317847,317847,976226
python,dedicated,100,1,2,publish,tcp,2,passed,,100,175667418,42184704,1306378240,118,0.1,42266624,1314811904,119,0.1,42815488,1146863616,20,0.16999999999999998,20202996,7845104,,,,,,0.0,300,4077118,6565711,6730417,6826705,14849.282749944612,,,,,,0.0,3,258282,258282,258282,480484
python,dedicated,100,2,0,idle,tcp,0,passed,,100,179416806,46272512,1304170496,119,0.1,46387200,1312759808,120,0.1,44560384,1142435840,20,0.13,200848676,7360855,,,,,,0.0,,,,,,0.0,,,,,,0.0,39,56540,157667,192591,252656
python,dedicated,100,2,0,idle,tcp,1,passed,,100,182381999,46104576,1302241280,118,0.11,46206976,1310674944,119,0.11,44392448,1142419456,20,0.14,200243475,10860836,,,,,,0.0,,,,,,0.0,,,,,,0.0,39,59151,170641,180282,182586
python,dedicated,100,2,0,idle,tcp,2,passed,,100,196307283,46043136,1302069248,118,0.13,46166016,1310646272,119,0.13,44335104,1142419456,20,0.15000000000000002,201029687,8305631,,,,,,0.0,,,,,,0.0,,,,,,0.0,39,56384,185341,219656,236703
python,dedicated,100,2,0,incoming,tcp,0,passed,,100,206366369,46698496,1302224896,118,0.15,46821376,1310658560,119,0.15,44875776,1142534144,20,0.2,20744664,10181480,,,,,,0.0,3,278780,278780,278780,559100,144.6155020876694,300,3583979,7142127,7972476,8199753,14461.55020876694,4,47241,55369,55369,96284
python,dedicated,100,2,0,incoming,tcp,1,passed,,100,199727398,46727168,1302315008,118,0.12,46833664,1310748672,119,0.12,44699648,1142538240,20,0.18000000000000002,19542690,9400820,,,,,,0.0,3,256981,256981,256981,505203,153.5100848450239,300,4215469,6527187,7094799,7232129,15351.00848450239,3,59429,59429,59429,145334
python,dedicated,100,2,0,incoming,tcp,2,passed,,100,192998607,46706688,1302093824,118,0.12,46821376,1310740480,119,0.12,45232128,1142538240,20,0.16999999999999998,19625900,8291536,,,,,,0.0,3,194277,194277,194277,515937,152.8592319333126,300,3664732,6981362,7785746,8003993,15285.92319333126,3,33775,33775,33775,86269
python,dedicated,100,2,0,periodic,tcp,0,passed,,100,168639388,46096384,1302081536,118,0.09000000000000001,46219264,1310662656,119,0.09000000000000001,46284800,1142845440,20,0.16,316100913,8659335,,,,,,0.0,300,3174790,3585663,3689928,3797130,949.0640098214459,,,,,,0.0,62,56976,222527,624644,691055
python,dedicated,100,2,0,periodic,tcp,1,passed,,100,182715229,46051328,1302216704,118,0.11,46149632,1310650368,119,0.11,45780992,1143308288,20,0.16999999999999998,315140870,8683729,,,,,,0.0,300,3287653,4477159,4530143,4568115,951.955231957061,,,,,,0.0,61,100213,325265,971816,1002143
python,dedicated,100,2,0,periodic,tcp,2,passed,,100,176326112,46133248,1302233088,118,0.1,46235648,1310666752,119,0.1,45187072,1142829056,20,0.16999999999999998,325659511,9032460,,,,,,0.0,300,5724969,6275734,6389147,7133176,921.2075491939187,,,,,,0.0,63,69358,442449,1029921,2285810
python,dedicated,100,2,0,publish,tcp,0,passed,,100,187465515,46063616,1302093824,118,0.1,46182400,1310674944,119,0.1,45318144,1142706176,20,0.17,24108065,11471421,,,,,,0.0,300,5365573,6933515,6975434,7233234,12443.968439607244,,,,,,0.0,4,194183,713442,713442,1273538
python,dedicated,100,2,0,publish,tcp,1,passed,,100,181050958,46067712,1302077440,118,0.11,46186496,1310654464,119,0.11,45285376,1142714368,20,0.16999999999999998,14559282,9145880,,,,,,0.0,300,3297406,4866457,4935469,4964357,20605.41172291326,,,,,,0.0,2,20023,20023,20023,71009
python,dedicated,100,2,0,publish,tcp,2,passed,,100,206693112,46096384,1302089728,118,0.12000000000000001,46223360,1310662656,119,0.12000000000000001,45109248,1142730752,20,0.18000000000000002,21128551,8406698,,,,,,0.0,300,5267797,6435832,6487045,6968220,14198.796689843994,,,,,,0.0,3,450611,450611,450611,2466647
python,dedicated,100,2,0,reconnect,tcp,0,passed,,100,193774574,46133248,1302085632,118,0.12,46256128,1310674944,119,0.12,47415296,1142616064,20,1.03,586468760,10635192,,,,,,0.0,,,,,,0.0,,,,,,0.0,116,40326,100307,119682,230672
python,dedicated,100,2,0,reconnect,tcp,1,passed,,100,176863256,46141440,1302228992,118,0.1,46235648,1310662656,119,0.1,47259648,1142558720,20,1.0,507168942,6770838,,,,,,0.0,,,,,,0.0,,,,,,0.0,100,34021,76635,106451,130051
python,dedicated,100,2,0,reconnect,tcp,2,passed,,100,182949240,46034944,1302085632,118,0.11,46153728,1310674944,119,0.11,47546368,1142616064,20,0.95,456371161,10210470,,,,,,0.0,,,,,,0.0,,,,,,0.0,90,30127,73158,92674,96956
python,dedicated,100,2,1,incoming,tcp,0,passed,,100,202713309,46694400,1302179840,118,0.12,46817280,1310756864,119,0.12,45932544,1143070720,20,0.16999999999999998,99614455,9373928,,,,,,0.0,3,40854674,40854674,40854674,40929690,30.11611116077481,300,42628603,46580435,46911079,47037655,3011.611116077481,19,83175,243652,243652,1052020
python,dedicated,100,2,1,incoming,tcp,1,passed,,100,199702706,46673920,1302220800,118,0.12,46792704,1310654464,119,0.12,44601344,1142534144,20,0.17,101237508,10267129,,,,,,0.0,3,41267502,41267502,41267502,41663028,29.63328571856984,300,43749803,47378236,48070122,48239756,2963.328571856984,19,87857,636986,636986,836175
python,dedicated,100,2,1,incoming,tcp,2,passed,,100,213293029,46751744,1302175744,118,0.14,46870528,1310752768,119,0.14,45154304,1142530048,20,0.19,98200178,10177731,,,,,,0.0,3,41085127,41085127,41085127,41284448,30.549842791527322,300,42921850,45750494,46256025,46376735,3054.984279152732,19,61206,300193,300193,1015018
python,dedicated,100,2,1,periodic,tcp,0,passed,,100,178567879,46014464,1302261760,118,0.1,46133248,1310695424,119,0.1,45588480,1142968320,20,0.17,320355235,8480197,,,,,,0.0,300,3959127,5674571,5810469,5893114,936.4604265012244,,,,,,0.0,62,49460,210960,525111,1255869
python,dedicated,100,2,1,periodic,tcp,1,passed,,100,177655340,46092288,1302085632,118,0.11,46215168,1310658560,119,0.11,45207552,1142845440,20,0.19,319259793,10436421,,,,,,0.0,300,4378762,5124538,5149754,5905437,939.6736030584347,,,,,,0.0,62,106811,270654,393499,513038
python,dedicated,100,2,1,periodic,tcp,2,passed,,100,178201169,46047232,1302216704,118,0.11,46166016,1310650368,119,0.11,45719552,1143246848,20,0.18000000000000002,319472211,7121173,,,,,,0.0,300,4451890,5466101,5585964,6000152,939.0488113534232,,,,,,0.0,61,81651,449749,1580616,1765079
python,dedicated,100,2,1,publish,tcp,0,passed,,100,193193037,45961216,1302085632,118,0.11,46075904,1310666752,119,0.11,45637632,1142861824,20,0.17,19796877,10056512,,,,,,0.0,300,5260623,6174875,6288286,6601411,15153.905335674915,,,,,,0.0,3,475250,475250,475250,1301491
python,dedicated,100,2,1,publish,tcp,1,passed,,100,180258975,46112768,1302077440,118,0.1,46235648,1310658560,119,0.1,46161920,1142927360,20,0.17,21205175,8408981,,,,,,0.0,300,4766768,5678494,5829860,5892482,14147.489940545174,,,,,,0.0,3,1228199,1228199,1228199,1389704
python,dedicated,100,2,1,publish,tcp,2,passed,,100,189194482,46063616,1302081536,118,0.11,46190592,1310670848,119,0.11,45084672,1142812672,20,0.16999999999999998,17727470,9735968,,,,,,0.0,300,4926749,5908634,5969193,5999907,16922.8886017012,,,,,,0.0,3,557156,557156,557156,875264
python,dedicated,100,2,2,incoming,tcp,0,passed,,100,205051041,46415872,1302224896,118,0.14,46534656,1310658560,119,0.14,44744704,1142534144,20,0.19,140829107,7847113,,,,,,0.0,3,41593036,41593036,41593036,42238664,21.30241442204132,300,44477349,47532976,48321164,48496187,2130.241442204132,27,100027,300692,557453,678371
python,dedicated,100,2,2,incoming,tcp,1,passed,,100,205299378,46694400,1302081536,118,0.15,46817280,1310740480,119,0.15,44679168,1142534144,20,0.2,145327843,7561531,,,,,,0.0,3,41546501,41546501,41546501,41682295,20.6429816755761,300,45724797,48600498,49260650,49470639,2064.2981675576098,28,49099,236601,591318,865293
python,dedicated,100,2,2,incoming,tcp,2,passed,,100,207030140,46632960,1302216704,118,0.13,46751744,1310842880,119,0.13,44453888,1142669312,20,0.18,140737866,9017661,,,,,,0.0,3,41760685,41760685,41760685,42201623,21.31622487440587,300,44641787,46719892,47227984,47387007,2131.622487440587,27,29916,471122,546020,1019736
python,dedicated,100,2,2,periodic,tcp,0,passed,,100,177705060,46170112,1302081536,118,0.1,46297088,1310670848,119,0.1,46268416,1143021568,20,0.18,320099193,7597171,,,,,,0.0,300,4597212,5249051,5330856,6350331,937.2094855609336,,,,,,0.0,61,140403,498055,1022727,1269021
python,dedicated,100,2,2,periodic,tcp,1,passed,,100,179070602,46104576,1302085632,118,0.1,46231552,1310666752,119,0.1,46174208,1143123968,20,0.18,320334548,9206919,,,,,,0.0,300,4280228,5478999,5583986,5720063,936.5209025159534,,,,,,0.0,62,116804,228808,716961,977274
python,dedicated,100,2,2,periodic,tcp,2,passed,,100,183977063,46034944,1302073344,118,0.1,46166016,1310662656,119,0.1,45809664,1142992896,20,0.18,318146074,8782626,,,,,,0.0,300,3934265,5538158,5599307,5625460,942.9630742512321,,,,,,0.0,62,51407,171502,867363,1094728
python,dedicated,100,2,2,publish,tcp,0,passed,,100,198564451,46100480,1302077440,118,0.12000000000000001,46223360,1310658560,119,0.12000000000000001,44769280,1142632448,20,0.21000000000000002,25898089,10686090,,,,,,0.0,300,6083741,6804796,6893634,7720364,11583.866284496899,,,,,,0.0,4,133999,1025417,1025417,1243834
python,dedicated,100,2,2,publish,tcp,1,passed,,100,183263524,46153728,1302220800,118,0.11,46247936,1310654464,119,0.11,46055424,1142677504,20,0.16,16689239,7034950,,,,,,0.0,300,3941547,5264741,5350976,5746141,17975.654851608273,,,,,,0.0,2,1790727,1790727,1790727,1817246
python,dedicated,100,2,2,publish,tcp,2,passed,,100,192350414,46157824,1302089728,118,0.12,46280704,1310679040,119,0.12,45707264,1142767616,20,0.2,24083558,10908378,,,,,,0.0,300,6095098,7148858,7183208,7948687,12456.631200423128,,,,,,0.0,3,1423966,1423966,1423966,2546391
python,dedicated,1000,1,0,idle,tcp,0,passed,,1000,1521892115,162009088,3200696320,1018,0.49,162136064,3209273344,1019,0.49,141271040,1150980096,20,0.6499999999999999,200265670,51212577,,,,,,0.0,,,,,,0.0,,,,,,0.0,39,48417,158970,161276,256836
python,dedicated,1000,1,0,idle,tcp,1,passed,,1000,1579143257,162275328,3242102784,1018,0.53,162373632,3250536448,1019,0.53,140087296,1192230912,20,0.69,201166128,55302937,,,,,,0.0,,,,,,0.0,,,,,,0.0,38,162732,260203,283991,285819
python,dedicated,1000,1,0,idle,tcp,2,passed,,1000,1534782618,162316288,3200643072,1018,0.48,162455552,3209240576,1019,0.49,140861440,1150947328,20,0.65,200524293,57984721,,,,,,0.0,,,,,,0.0,,,,,,0.0,37,282151,407136,416964,442829
python,dedicated,1000,1,0,incoming,tcp,0,passed,,1000,1818443950,164880384,3200831488,1018,0.8200000000000001,165007360,3209437184,1019,0.8200000000000001,146522112,1151201280,20,1.25,179519192,52326337,,,,,,0.0,3,284115,284115,284115,792578,16.711305162291506,3000,30260846,57475497,63134768,65002325,16711.305162291505,35,36356,72850,73279,96979
python,dedicated,1000,1,0,incoming,tcp,1,passed,,1000,1870329556,165195776,3201003520,1018,0.8899999999999999,165294080,3209437184,1019,0.8899999999999999,145670144,1151201280,20,1.26,145158870,55308702,,,,,,0.0,3,171652,171652,171652,626160,20.667011254634318,3000,28443436,51793408,56841479,57878489,20667.01125463432,28,30101,60469,75756,80769
python,dedicated,1000,1,0,incoming,tcp,2,passed,,1000,1789228543,164909056,3201003520,1018,0.79,165019648,3209437184,1019,0.79,144224256,1151209472,20,1.19,169010830,59477185,,,,,,0.0,3,238871,238871,238871,916156,17.750341797623264,3000,30680684,53311943,59162456,61172363,17750.341797623263,33,42744,97097,118784,206893
python,dedicated,1000,1,0,periodic,tcp,0,passed,,1000,1620353051,161804288,3200741376,1018,0.59,161935360,3209379840,1019,0.6,145448960,1154289664,20,1.07,460846735,52331340,,,,,,0.0,3000,35641119,49622518,50756226,51710359,6509.756437788368,,,,,,0.0,80,100493,4585408,9908452,14274418
python,dedicated,1000,1,0,periodic,tcp,1,passed,,1000,1629779068,160026624,3200712704,1018,0.5800000000000001,160161792,3209289728,1019,0.5800000000000001,145084416,1154203648,20,1.05,446167721,51503172,,,,,,0.0,3000,33237545,47037894,48083305,48643368,6723.928824963113,,,,,,0.0,76,165425,4130503,9494573,13568341
python,dedicated,1000,1,0,periodic,tcp,2,passed,,1000,1574776400,162172928,3200667648,1018,0.53,162299904,3209265152,1019,0.53,147021824,1152753664,20,1.0,448192115,46577996,,,,,,0.0,3000,27729659,46455605,47936542,48776023,6693.558185422338,,,,,,0.0,77,124056,1931426,10654735,15094449
python,dedicated,1000,1,0,publish,tcp,0,passed,,1000,1571312602,162414592,3202797568,1019,0.54,162549760,3211407360,1020,0.54,146784256,1154187264,20,1.0,135756481,54670305,,,,,,0.0,3000,31175541,34334281,34789378,35000928,22098.392488532463,,,,,,0.0,17,1054644,7405485,7405485,13044909
python,dedicated,1000,1,0,publish,tcp,1,passed,,1000,1576135975,162193408,3200675840,1018,0.54,162316288,3209302016,1019,0.54,146051072,1153064960,20,1.05,147405889,73072230,,,,,,0.0,3000,34341878,38619819,40104709,42183613,20351.968434585404,,,,,,0.0,18,1532401,8842166,8842166,9409734
python,dedicated,1000,1,0,publish,tcp,2,passed,,1000,1603803754,162394112,3202793472,1019,0.5700000000000001,162525184,3211395072,1020,0.58,146714624,1153847296,20,1.0,108461949,53642168,,,,,,0.0,3000,23608915,34636370,34974368,35695252,27659.469774049514,,,,,,0.0,13,2243847,6779815,6779815,10707613
python,dedicated,1000,1,0,reconnect,tcp,0,passed,,1000,1611508458,162283520,3200696320,1018,0.56,162418688,3209297920,1019,0.56,153407488,1151000576,20,8.17,5352088303,66243243,,,,,,0.0,,,,,,0.0,,,,,,0.0,1057,53114,134097,192214,988803
python,dedicated,1000,1,0,reconnect,tcp,1,passed,,1000,1564028223,162029568,3200696320,1018,0.54,162136064,3209347072,1019,0.54,155574272,1151234048,20,17.25,10566819473,69584858,,,,,,0.0,,,,,,0.0,,,,,,0.0,2087,43960,166878,389007,902468
python,dedicated,1000,1,0,reconnect,tcp,2,passed,,1000,1575038077,162222080,3200679936,1018,0.54,162353152,3209273344,1019,0.54,150876160,1151340544,20,14.06,8509301946,55659446,,,,,,0.0,,,,,,0.0,,,,,,0.0,1681,39928,193154,266413,1033213
python,dedicated,1000,1,1,incoming,tcp,0,passed,,1000,1965375970,165228544,3203084288,1019,1.02,165326848,3211517952,1020,1.02,142544896,1151287296,20,1.46,214756260,66813922,,,,,,0.0,3,6201447,6201447,6201447,7925885,13.969325038534382,3000,40458057,72726680,76348696,77573067,13969.325038534384,42,48437,108354,682649,838163
python,dedicated,1000,1,1,incoming,tcp,1,passed,,1000,1752846772,164794368,3200847872,1018,0.73,164921344,3209441280,1019,0.73,143044608,1151213568,20,1.07,173660867,50561546,,,,,,0.0,3,5714094,5714094,5714094,40801139,17.275049075967125,3000,30491330,87146398,94627649,96567427,17275.049075967127,34,37637,230191,361214,736812
python,dedicated,1000,1,1,incoming,tcp,2,passed,,1000,1866783248,164737024,3200847872,1018,0.8999999999999999,164868096,3209416704,1019,0.8999999999999999,144637952,1151176704,20,1.3599999999999999,228125316,64035318,,,,,,0.0,3,6768365,6768365,6768365,6871912,13.150666715131257,3000,41227756,72741307,80898041,83753060,13150.666715131258,44,44823,129053,586195,959708
python,dedicated,1000,1,1,periodic,tcp,0,passed,,1000,1665694440,162414592,3228913664,1019,0.65,162516992,3237494784,1020,0.65,143593472,1178955776,20,1.19,435020117,66923484,,,,,,0.0,3000,30723624,34108449,35434129,35520515,6896.2328011143445,,,,,,0.0,75,92648,3129830,9700958,10998496
python,dedicated,1000,1,1,periodic,tcp,1,passed,,1000,1550239338,162877440,3200655360,1018,0.51,163004416,3209273344,1019,0.51,147550208,1154486272,20,0.97,432467777,49823621,,,,,,0.0,3000,26166967,40155390,40385427,40739476,6936.933014549198,,,,,,0.0,74,133744,3455466,9854647,16950112
python,dedicated,1000,1,1,periodic,tcp,2,passed,,1000,1544801552,162119680,3200921600,1018,0.49,162222080,3209355264,1019,0.49,147075072,1153560576,20,1.06,455704417,75727024,,,,,,0.0,3000,37422770,42807952,43124722,43809354,6583.214663025748,,,,,,0.0,78,139751,4095278,9996562,14119929
python,dedicated,1000,1,1,publish,tcp,0,passed,,1000,1658045092,162213888,3200712704,1018,0.64,162340864,3209310208,1019,0.64,145199104,1152708608,20,1.25,189049255,69203815,,,,,,0.0,3000,42060921,54200860,54773735,55128253,15868.880308467758,,,,,,0.0,22,1801179,6336209,11957259,19941890
python,dedicated,1000,1,1,publish,tcp,1,passed,,1000,1555586275,162193408,3200831488,1018,0.51,162324480,3209408512,1019,0.51,147001344,1154404352,20,0.96,109013557,54005727,,,,,,0.0,3000,26116937,30895436,31216897,31957529,27519.513008826965,,,,,,0.0,11,3439692,7106863,7106863,10485956
python,dedicated,1000,1,1,publish,tcp,2,passed,,1000,1569435085,162275328,3231666176,1019,0.53,162373632,3240275968,1020,0.53,146649088,1181732864,20,1.09,140644911,67088988,,,,,,0.0,3000,31255125,39360551,40062856,40681880,21330.313188509183,,,,,,0.0,18,1244684,4633488,4633488,14405415
python,dedicated,1000,1,2,incoming,tcp,0,passed,,1000,1930914751,165212160,3202887680,1019,0.96,165343232,3211517952,1020,0.96,143953920,1151180800,20,1.42,319372870,68233978,,,,,,0.0,3,41363762,41363762,41363762,41827542,9.393409026884468,3000,76718397,107074880,110706570,113066745,9393.409026884468,62,60563,169171,360571,406061
python,dedicated,1000,1,2,incoming,tcp,1,passed,,1000,1784025562,165048320,3203031040,1019,0.79,165163008,3211640832,1020,0.79,141983744,1151426560,20,1.18,288568168,58678029,,,,,,0.0,3,41568335,41568335,41568335,41612785,10.396157070242065,3000,70505126,93587072,96789811,97952041,10396.157070242065,56,53608,205375,500402,554688
python,dedicated,1000,1,2,incoming,tcp,2,passed,,1000,1890598481,165146624,3202916352,1019,0.9299999999999999,165277696,3211501568,1020,0.94,144654336,1151176704,20,1.4,331999663,63017945,,,,,,0.0,3,41691300,41691300,41691300,41782954,9.036153750553657,3000,75626671,106840806,115484050,118004588,9036.153750553656,65,60092,222552,373594,423355
python,dedicated,1000,1,2,periodic,tcp,0,passed,,1000,1588288274,161873920,3200630784,1018,0.57,161972224,3209256960,1019,0.57,145846272,1153105920,20,1.21,481290163,70248754,,,,,,0.0,3000,40809330,46395900,46851485,47018040,6233.246034575612,,,,,,0.0,80,155455,3971724,13148841,22479934
python,dedicated,1000,1,2,periodic,tcp,1,passed,,1000,1617302693,162570240,3202981888,1019,0.59,162684928,3211415552,1020,0.6,146845696,1153167360,20,1.18,461034502,58532313,,,,,,0.0,3000,35625325,44577681,44896007,45638416,6507.105188409521,,,,,,0.0,79,136381,2595659,9142269,16761767
python,dedicated,1000,1,2,periodic,tcp,2,passed,,1000,1584207885,162111488,3200798720,1018,0.5599999999999999,162230272,3209375744,1019,0.5599999999999999,148336640,1152831488,20,1.26,525008925,77769122,,,,,,0.0,3000,49537364,55989890,57269396,57737813,5714.188573079972,,,,,,0.0,84,116367,3518736,21410301,23326333
python,dedicated,1000,1,2,publish,tcp,0,passed,,1000,1703518926,162213888,3202961408,1019,0.6799999999999999,162304000,3211395072,1020,0.6799999999999999,145620992,1152724992,20,1.31,171209684,56612882,,,,,,0.0,3000,38508936,47489764,50120408,50790603,17522.373325564924,,,,,,0.0,22,1086617,7170627,8827666,18718098
python,dedicated,1000,1,2,publish,tcp,1,passed,,1000,1679293867,162136064,3200679936,1018,0.64,162267136,3209273344,1019,0.64,149282816,1153818624,20,1.19,144208143,49921259,,,,,,0.0,3000,32578567,44359753,45021750,45253672,20803.263516124745,,,,,,0.0,15,2605574,11249804,11249804,17573436
python,dedicated,1000,1,2,publish,tcp,2,passed,,1000,1687960439,162246656,3200700416,1018,0.6699999999999999,162377728,3209293824,1019,0.6799999999999999,148520960,1153282048,20,1.35,190755756,66628460,,,,,,0.0,3000,42923337,50165282,50377998,52078151,15726.917304660521,,,,,,0.0,24,709683,9587992,12702687,15217933
python,dedicated,1000,2,0,idle,tcp,0,passed,,1000,1613912465,195604480,3268022272,1018,0.58,195710976,3276455936,1019,0.58,162037760,1218166784,20,0.79,200171487,61694927,,,,,,0.0,,,,,,0.0,,,,,,0.0,39,94128,207221,232006,289743
python,dedicated,1000,2,0,idle,tcp,1,passed,,1000,1600111137,197095424,3268009984,1018,0.56,197193728,3276443648,1019,0.56,162631680,1218150400,20,0.73,200856949,53693649,,,,,,0.0,,,,,,0.0,,,,,,0.0,39,72618,139200,141497,144666
python,dedicated,1000,2,0,idle,tcp,2,passed,,1000,1730473848,197050368,3268083712,1018,0.71,197181440,3276517376,1019,0.71,161824768,1218224128,20,0.9099999999999999,200534515,70915301,,,,,,0.0,,,,,,0.0,,,,,,0.0,39,76072,160941,167455,206614
python,dedicated,1000,2,0,incoming,tcp,0,passed,,1000,1934044392,201080832,3268493312,1018,0.96,201207808,3277123584,1019,0.96,167481344,1218895872,20,1.47,203639644,69924743,,,,,,0.0,3,336155,336155,336155,505714,14.73190554192876,3000,35662509,66370345,71579624,74324157,14731.905541928762,40,46943,103710,110538,138095
python,dedicated,1000,2,0,incoming,tcp,1,passed,,1000,1796690942,202207232,3268464640,1018,0.77,202334208,3277115392,1019,0.77,167972864,1218887680,20,1.19,155961501,61841120,,,,,,0.0,3,261838,261838,261838,665213,19.23551633425226,3000,28798929,50001319,55286705,56597221,19235.516334252257,30,31880,58045,64038,128027
python,dedicated,1000,2,0,incoming,tcp,2,passed,,1000,1824184559,202375168,3268780032,1018,0.8300000000000001,202481664,3277213696,1019,0.8300000000000001,168652800,1219293184,20,1.23,157813100,49607553,,,,,,0.0,3,309586,309586,309586,668805,19.009828715106668,3000,28087882,49904736,55615000,57595843,19009.82871510667,31,40560,83363,84007,87625
python,dedicated,1000,2,0,periodic,tcp,0,passed,,1000,1681785528,197033984,3268091904,1018,0.65,197124096,3276525568,1019,0.65,170639360,1220284416,20,1.22,470604394,70900650,,,,,,0.0,3000,35268917,43562077,45254157,46428097,6374.781107547415,,,,,,0.0,80,85636,4412247,14693730,16482687
python,dedicated,1000,2,0,periodic,tcp,1,passed,,1000,1675451009,196968448,3267956736,1018,0.63,197103616,3276390400,1019,0.63,173486080,1221574656,20,1.1199999999999999,425434368,61770099,,,,,,0.0,3000,27654557,32774657,34325030,34479310,7051.616478713821,,,,,,0.0,74,77038,4172029,8524616,11436898
python,dedicated,1000,2,0,periodic,tcp,2,passed,,1000,1659364584,196890624,3296980992,1018,0.62,196993024,3305619456,1019,0.62,186105856,1250508800,20,1.17,432705941,66503092,,,,,,0.0,3000,28456344,37581303,38036426,38755196,6933.114884133287,,,,,,0.0,75,74100,2957835,10210034,14947772
python,dedicated,1000,2,0,publish,tcp,0,passed,,1000,1710192155,197095424,3268050944,1018,0.69,197193728,3276484608,1019,0.69,169758720,1220562944,20,1.2,139675526,64414925,,,,,,0.0,3000,32295176,43006454,44817625,45448493,21478.351189456054,,,,,,0.0,18,1273602,6641832,6641832,7276723
python,dedicated,1000,2,0,publish,tcp,1,passed,,1000,1664815418,196878336,3296980992,1018,0.62,196972544,3305623552,1019,0.62,186654720,1249251328,20,1.23,178428625,76586763,,,,,,0.0,3000,42235273,46261025,47549458,48159502,16813.445712536315,,,,,,0.0,22,1276542,7864513,8567696,19182280
python,dedicated,1000,2,0,publish,tcp,2,passed,,1000,1657188313,197046272,3267956736,1018,0.62,197177344,3276390400,1019,0.62,169656320,1220530176,20,1.14,139489007,71985848,,,,,,0.0,3000,34461707,38768741,39754938,40746202,21507.071162962686,,,,,,0.0,19,787508,9584628,9584628,9626786
python,dedicated,1000,2,0,reconnect,tcp,0,passed,,1000,1600276836,196964352,3267940352,1018,0.57,197091328,3276374016,1019,0.57,168947712,1218154496,20,19.55,11051182197,64900888,,,,,,0.0,,,,,,0.0,,,,,,0.0,2182,47126,188691,301140,595179
python,dedicated,1000,2,0,reconnect,tcp,1,passed,,1000,1677085005,197070848,3267948544,1018,0.65,197206016,3276382208,1019,0.65,167727104,1218166784,20,15.86,7946286828,69486423,,,,,,0.0,,,,,,0.0,,,,,,0.0,1575,35735,96792,155652,245566
python,dedicated,1000,2,0,reconnect,tcp,2,passed,,1000,1642517725,196726784,3268214784,1018,0.6,196825088,3276648448,1019,0.61,167923712,1219915776,20,13.42,7265970180,66201300,,,,,,0.0,,,,,,0.0,,,,,,0.0,1439,39527,103186,190659,1043587
python,dedicated,1000,2,1,incoming,tcp,0,passed,,1000,1779268415,202014720,3268677632,1018,0.77,202125312,3277111296,1019,0.77,168239104,1218883584,20,1.2000000000000002,190766416,53514910,,,,,,0.0,3,6315792,6315792,6315792,6725253,15.726038486774318,3000,36319202,61481332,63890884,64813451,15726.038486774318,37,39167,239886,388328,488500
python,dedicated,1000,2,1,incoming,tcp,1,passed,,1000,1870838220,202211328,3268485120,1018,0.8799999999999999,202342400,3277119488,1019,0.8799999999999999,166957056,1218895872,20,1.27,175878546,57440761,,,,,,0.0,3,6515601,6515601,6515601,7332776,17.057225387796873,3000,32618297,62289382,66178754,67374930,17057.225387796872,34,41848,434316,636453,881243
python,dedicated,1000,2,1,incoming,tcp,2,passed,,1000,1880575347,202280960,3270557696,1019,0.8700000000000001,202407936,3279216640,1020,0.8700000000000001,169431040,1219010560,20,1.29,190023427,49816611,,,,,,0.0,3,7005537,7005537,7005537,9271663,15.7875270821213,3000,36085451,66557039,69269741,70279035,15787.527082121302,37,42728,336503,751631,838915
python,dedicated,1000,2,1,periodic,tcp,0,passed,,1000,1556087955,196927488,3267940352,1018,0.53,197042176,3276374016,1019,0.53,170684416,1221345280,20,1.05,437735925,55133037,,,,,,0.0,3000,27583807,47969568,49459761,50217376,6853.447086848081,,,,,,0.0,74,82730,5710648,8357454,12333215
python,dedicated,1000,2,1,periodic,tcp,1,passed,,1000,1672536265,196780032,3268026368,1018,0.63,196915200,3276607488,1019,0.63,170139648,1221988352,20,1.16,446438720,58441127,,,,,,0.0,3000,31974205,40546818,41687868,42374871,6719.847239056684,,,,,,0.0,73,96416,4959198,9861956,18214823
python,dedicated,1000,2,1,periodic,tcp,2,passed,,1000,1588288625,197210112,3269951488,1019,0.56,197341184,3278557184,1020,0.56,171282432,1221345280,20,1.08,426037006,49471563,,,,,,0.0,3000,31931744,35939257,36394619,36714842,7041.641823949913,,,,,,0.0,73,176651,4560620,9188572,9878061
python,dedicated,1000,2,1,publish,tcp,0,passed,,1000,1584662664,197099520,3268030464,1018,0.55,197201920,3276464128,1019,0.55,170958848,1221251072,20,1.09,150654943,59701955,,,,,,0.0,3000,32905262,42147278,42539803,43609326,19913.053898271362,,,,,,0.0,15,3342772,13210495,13210495,17406366
python,dedicated,1000,2,1,publish,tcp,1,passed,,1000,1669651298,196620288,3270066176,1019,0.63,196751360,3278499840,1020,0.63,171327488,1220071424,20,1.13,123772938,56612778,,,,,,0.0,3000,28075107,32322736,33997005,34315077,24237.931558189237,,,,,,0.0,16,1527312,7748646,7748646,8742441
python,dedicated,1000,2,1,publish,tcp,2,passed,,1000,1611917734,196870144,3297042432,1018,0.5800000000000001,196972544,3305623552,1019,0.5800000000000001,186630144,1249599488,20,1.16,142049352,57825615,,,,,,0.0,3000,33086749,37272066,39116682,39527395,21119.42052365012,,,,,,0.0,14,2871381,12453149,12453149,13823352
python,dedicated,1000,2,2,incoming,tcp,0,passed,,1000,1753863668,202248192,3203600384,1019,0.76,202362880,3212173312,1020,0.76,167399424,1151823872,20,1.12,262614710,56605650,,,,,,0.0,3,41413771,41413771,41413771,41438717,11.423579433155135,3000,65595491,85913073,88328740,89297396,11423.579433155135,51,45233,195415,681881,799198
python,dedicated,1000,2,2,incoming,tcp,1,passed,,1000,1761081487,201863168,3270578176,1019,0.76,201994240,3279212544,1020,0.76,167649280,1218883584,20,1.1800000000000002,295043911,62441813,,,,,,0.0,3,41363943,41363943,41363943,41983233,10.167978013279521,3000,68274607,95858158,105026037,107513081,10167.978013279522,58,43803,182995,534518,965303
python,dedicated,1000,2,2,incoming,tcp,2,passed,,1000,1811803189,202207232,3268554752,1018,0.81,202338304,3277127680,1019,0.81,168505344,1219477504,20,1.19,269135762,57275474,,,,,,0.0,3,41652808,41652808,41652808,41785082,11.146790666934853,3000,62717421,87497601,89617753,90914342,11146.790666934854,53,38741,133365,516049,690549
python,dedicated,1000,2,2,periodic,tcp,0,passed,,1000,1568788806,196988928,3267932160,1018,0.53,197120000,3276365824,1019,0.53,172204032,1220227072,20,1.17,447189173,46607293,,,,,,0.0,3000,33507042,44327450,45270794,45731293,6708.570290005658,,,,,,0.0,80,59732,2826984,6283258,8600269
python,dedicated,1000,2,2,periodic,tcp,1,passed,,1000,1690086151,196997120,3267969024,1018,0.65,197124096,3276402688,1019,0.65,172589056,1220460544,20,1.42,509832459,74210544,,,,,,0.0,3000,45975867,52098011,54185240,55638545,5884.285998353824,,,,,,0.0,82,89380,3033155,20394541,21846970
python,dedicated,1000,2,2,periodic,tcp,2,passed,,1000,1579617524,197058560,3267997696,1018,0.53,197165056,3276431360,1019,0.53,172351488,1220198400,20,1.14,430737070,49149757,,,,,,0.0,3000,29637933,32097631,32421859,32648192,6964.805699216926,,,,,,0.0,75,62296,3155226,6808332,11496532
python,dedicated,1000,2,2,publish,tcp,0,passed,,1000,1600254171,196956160,3267887104,1018,0.5700000000000001,197087232,3276460032,1019,0.5700000000000001,172298240,1221251072,20,1.19,153321304,44852722,,,,,,0.0,3000,37240384,45548607,46337351,46867067,19566.75244557012,,,,,,0.0,20,427413,8696110,8696110,10317317
python,dedicated,1000,2,2,publish,tcp,1,passed,,1000,1616121482,197009408,3267973120,1018,0.5800000000000001,197120000,3276406784,1019,0.5800000000000001,172654592,1220788224,20,1.2,143310491,42997364,,,,,,0.0,3000,35619849,38340794,39073556,39362043,20933.568638739784,,,,,,0.0,17,1428162,8886767,8886767,10897052
python,dedicated,1000,2,2,publish,tcp,2,passed,,1000,1553046961,197099520,3268263936,1018,0.51,197206016,3276697600,1019,0.51,171708416,1220435968,20,1.18,166135294,59165050,,,,,,0.0,3000,40631351,47417849,48831340,49459121,18057.571800486898,,,,,,0.0,20,1167032,8694288,8694288,10204313
python,shards,1,1,0,idle,tcp,0,passed,,1,2431718,29343744,1095688192,20,0.05,29417472,1104121856,21,0.05,29507584,1104121856,19,0.06,200350500,2844192,,,,,,0.0,,,,,,0.0,,,,,,0.0,39,8405,77620,81887,156546
python,shards,1,1,0,idle,tcp,1,passed,,1,2402726,29437952,1095688192,20,0.05,29511680,1104121856,21,0.05,29626368,1104121856,19,0.06,200801219,3189617,,,,,,0.0,,,,,,0.0,,,,,,0.0,39,74184,129378,129435,135820
python,shards,1,1,0,idle,tcp,2,passed,,1,2390527,29347840,1094639616,20,0.05,29433856,1104121856,21,0.05,29556736,1104121856,19,0.06,200465025,2944052,,,,,,0.0,,,,,,0.0,,,,,,0.0,39,54558,128630,150403,167993
python,shards,1,1,0,incoming,tcp,0,passed,,1,2809567,29364224,1094639616,20,0.05,29442048,1104121856,21,0.05,29532160,1104121856,19,0.060000000000000005,882916,3632252,,,,,,0.0,3,109974,109974,109974,403312,3397.83173031183,3,181804,181804,181804,552654,3397.83173031183,,,,,
python,shards,1,1,0,incoming,tcp,1,passed,,1,3004842,29351936,1095688192,20,0.05,29437952,1104121856,21,0.05,29548544,1104121856,19,0.060000000000000005,2317289,2716528,,,,,,0.0,3,589125,589125,589125,748568,1294.6162520082735,3,767310,767310,767310,1172977,1294.6162520082735,,,,,
python,shards,1,1,0,incoming,tcp,2,passed,,1,3283642,29401088,1094639616,20,0.06,29487104,1104121856,21,0.06,29618176,1104121856,19,0.06,1705970,2841195,,,,,,0.0,3,345287,345287,345287,497363,1758.530337579207,3,536174,536174,536174,684339,1758.530337579207,,,,,
python,shards,1,1,0,periodic,tcp,0,passed,,1,2495471,29458432,1095688192,20,0.05,29532160,1104121856,21,0.05,29646848,1104121856,19,0.06,303530324,2702229,,,,,,0.0,3,620781,620781,620781,1015212,9.883691225526448,,,,,,0.0,59,79537,255102,378123,693614
python,shards,1,1,0,periodic,tcp,1,passed,,1,3001278,29310976,1095688192,20,0.05,29384704,1104121856,21,0.05,29487104,1104121856,19,0.06,303224798,3105861,,,,,,0.0,3,572736,572736,572736,649885,9.893649925030209,,,,,,0.0,58,152883,376781,982730,1206154
python,shards,1,1,0,periodic,tcp,2,passed,,1,2543054,29388800,1094639616,20,0.060000000000000005,29470720,1104121856,21,0.060000000000000005,29622272,1104121856,19,0.06999999999999999,304155745,3967615,,,,,,0.0,3,600606,600606,600606,644352,9.863367861093664,,,,,,0.0,58,146300,299843,804642,1114405
python,shards,1,1,0,publish,tcp,0,passed,,1,2626609,29282304,1095688192,20,0.05,29364224,1104121856,21,0.060000000000000005,29487104,1104121856,19,0.060000000000000005,1081006,2520094,,,,,,0.0,3,344432,344432,344432,403528,2775.192737135594,,,,,,0.0,,,,,
python,shards,1,1,0,publish,tcp,1,passed,,1,3285681,29310976,1094639616,20,0.05,29392896,1104121856,21,0.05,29536256,1104121856,19,0.060000000000000005,1406596,3179160,,,,,,0.0,3,436525,436525,436525,487792,2132.8085676342034,,,,,,0.0,,,,,
python,shards,1,1,0,publish,tcp,2,passed,,1,2573127,29364224,1094639616,20,0.05,29446144,1104121856,21,0.05,29532160,1104121856,19,0.060000000000000005,804345,2778378,,,,,,0.0,3,192289,192289,192289,335376,3729.7428342315798,,,,,,0.0,,,,,
python,shards,1,1,0,reconnect,tcp,0,passed,,1,2440728,29360128,1094639616,20,0.05,29442048,1104121856,21,0.05,29601792,1104121856,19,0.08,8780571,2790308,,,,,,0.0,,,,,,0.0,,,,,,0.0,1,59647,59647,59647,59647
python,shards,1,1,0,reconnect,tcp,1,passed,,1,2723595,29425664,1095688192,20,0.060000000000000005,29487104,1104121856,21,0.060000000000000005,29659136,1104121856,19,0.06999999999999999,5935865,3454738,,,,,,0.0,,,,,,0.0,,,,,,0.0,1,33895,33895,33895,33895
python,shards,1,1,0,reconnect,tcp,2,passed,,1,3024611,29392896,1094639616,20,0.05,29474816,1104121856,21,0.05,29700096,1104121856,19,0.06999999999999999,7836659,3636289,,,,,,0.0,,,,,,0.0,,,,,,0.0,1,40560,40560,40560,40560
python,shards,1,1,1,incoming,tcp,0,passed,,1,2765540,29339648,1095688192,20,0.05,29425664,1104121856,21,0.05,29577216,1104121856,19,0.06,83146162,3533078,,,,,,0.0,3,40934141,40934141,40934141,41140868,36.08104003646013,3,41238989,41238989,41238989,41361445,36.08104003646013,15,150166,654867,654867,684785
python,shards,1,1,1,incoming,tcp,1,passed,,1,3678279,29446144,1094639616,20,0.05,29528064,1104121856,21,0.05,29671424,1104121856,19,0.06,85725439,3319434,,,,,,0.0,3,41638511,41638511,41638511,42452586,34.99544633419725,3,41887078,41887078,41887078,42740072,34.99544633419725,16,87319,366784,366784,398649
python,shards,1,1,1,incoming,tcp,2,passed,,1,3285775,29450240,1095688192,20,0.05,29515776,1104121856,21,0.05,29646848,1104121856,19,0.06,86207950,2661566,,,,,,0.0,3,41323163,41323163,41323163,42564065,34.799574749196566,3,41705372,41705372,41705372,43003729,34.799574749196566,16,74171,891866,891866,1012017
python,shards,1,1,1,periodic,tcp,0,passed,,1,2342675,29368320,1095688192,20,0.06,29437952,1104121856,21,0.06,29564928,1104121856,19,0.06999999999999999,302364378,2697564,,,,,,0.0,3,622304,622304,622304,723981,9.92180368548573,,,,,,0.0,59,53274,178119,702094,867292
python,shards,1,1,1,periodic,tcp,1,passed,,1,2400590,29442048,1095688192,20,0.05,29523968,1104121856,21,0.05,29634560,1104121856,19,0.06,303233791,2969365,,,,,,0.0,3,687974,687974,687974,761017,9.893356509202498,,,,,,0.0,59,78493,217182,271848,836304
python,shards,1,1,1,periodic,tcp,2,passed,,1,2593659,29384704,1095688192,20,0.05,29466624,1104121856,21,0.05,29609984,1104121856,19,0.06,303675729,2500522,,,,,,0.0,3,561204,561204,561204,832352,9.878958749449483,,,,,,0.0,59,69292,262629,273303,740017
python,shards,1,1,1,publish,tcp,0,passed,,1,2870511,29327360,1094639616,20,0.05,29409280,1104121856,21,0.05,29495296,1104121856,19,0.060000000000000005,1584592,2615031,,,,,,0.0,3,400391,400391,400391,919760,1893.2318224501953,,,,,,0.0,,,,,
python,shards,1,1,1,publish,tcp,1,passed,,1,2621152,29442048,1094639616,20,0.05,29523968,1104121856,21,0.05,29597696,1104121856,19,0.05,1964243,2880747,,,,,,0.0,3,606574,606574,606574,703130,1527.3059392346058,,,,,,0.0,,,,,
python,shards,1,1,1,publish,tcp,2,passed,,1,2547727,29351936,1094639616,20,0.060000000000000005,29437952,1104121856,21,0.060000000000000005,29556736,1104121856,19,0.06999999999999999,2313963,2926621,,,,,,0.0,3,787782,787782,787782,886983,1296.4770828228454,,,,,,0.0,,,,,
python,shards,1,1,2,incoming,tcp,0,passed,,1,3061765,29409280,1094639616,20,0.05,29487104,1104121856,21,0.05,29650944,1104121856,19,0.06,124181063,3381208,,,,,,0.0,3,40992658,40992658,40992658,41748096,24.15827282779823,3,41216129,41216129,41216129,41924327,24.15827282779823,24,70946,518353,548047,556306
python,shards,1,1,2,incoming,tcp,1,passed,,1,3538378,29339648,1095688192,20,0.060000000000000005,29417472,1104121856,21,0.060000000000000005,29511680,1104121856,19,0.060000000000000005,124762361,2881060,,,,,,0.0,3,41012957,41012957,41012957,41976644,24.04571359466338,3,41197152,41197152,41197152,42385388,24.04571359466338,23,195361,497594,620163,936105
python,shards,1,1,2,incoming,tcp,2,passed,,1,2794829,29454336,1095688192,20,0.05,29523968,1104121856,21,0.05,29696000,1104121856,19,0.06,124875377,3819294,,,,,,0.0,3,41547462,41547462,41547462,41630405,24.02395149525755,3,41863420,41863420,41863420,42053841,24.02395149525755,23,167248,685595,697569,865299
python,shards,1,1,2,periodic,tcp,0,passed,,1,2424799,29298688,1094639616,20,0.05,29384704,1104121856,21,0.05,29499392,1104121856,19,0.060000000000000005,304828099,3124976,,,,,,0.0,3,976676,976676,976676,1092576,9.84161240332375,,,,,,0.0,59,99788,234588,324260,389030
python,shards,1,1,2,periodic,tcp,1,passed,,1,2932861,29417472,1095688192,20,0.05,29491200,1104121856,21,0.05,29605888,1104121856,19,0.060000000000000005,304727411,2514304,,,,,,0.0,3,805713,805713,805713,1011749,9.84486426788826,,,,,,0.0,59,68577,138095,149582,978171
python,shards,1,1,2,periodic,tcp,2,passed,,1,2802446,29425664,1095688192,20,0.05,29487104,1104121856,21,0.05,29609984,1104121856,19,0.06999999999999999,303532415,2925692,,,,,,0.0,3,797009,797009,797009,829584,9.883623137910988,,,,,,0.0,59,69988,196203,908049,964657
python,shards,1,1,2,publish,tcp,0,passed,,1,2671536,29315072,1095688192,20,0.05,29388800,1104121856,21,0.05,29503488,1104121856,19,0.06,1272124,3033007,,,,,,0.0,3,317579,317579,317579,561241,2358.260672701718,,,,,,0.0,,,,,
python,shards,1,1,2,publish,tcp,1,passed,,1,2515000,29409280,1094639616,20,0.05,29491200,1104121856,21,0.05,29638656,1104121856,19,0.05,1512877,2460752,,,,,,0.0,3,350521,350521,350521,857189,1982.9768051203105,,,,,,0.0,,,,,
python,shards,1,1,2,publish,tcp,2,passed,,1,2870249,29417472,1094639616,20,0.05,29499392,1104121856,21,0.05,29634560,1106223104,20,0.060000000000000005,2373373,2592854,,,,,,0.0,3,732550,732550,732550,1051572,1264.0238175794534,,,,,,0.0,,,,,
python,shards,1,2,0,idle,tcp,0,passed,,1,2464245,29585408,1095688192,20,0.05,29663232,1104121856,21,0.05,29749248,1104121856,19,0.06,201025636,4152419,,,,,,0.0,,,,,,0.0,,,,,,0.0,39,45432,101179,125395,223616
python,shards,1,2,0,idle,tcp,1,passed,,1,3591821,29687808,1094639616,20,0.060000000000000005,29777920,1104121856,21,0.060000000000000005,29863936,1104121856,19,0.060000000000000005,200930479,3587594,,,,,,0.0,,,,,,0.0,,,,,,0.0,39,33203,157630,170047,203868
python,shards,1,2,0,idle,tcp,2,passed,,1,3038810,29601792,1095688192,20,0.060000000000000005,29679616,1104121856,21,0.060000000000000005,29769728,1104121856,19,0.060000000000000005,200449873,3041703,,,,,,0.0,,,,,,0.0,,,,,,0.0,39,18892,101283,102179,108674
python,shards,1,2,0,incoming,tcp,0,passed,,1,2734532,29499392,1094639616,20,0.05,29585408,1104121856,21,0.05,29671424,1104121856,19,0.05,1130866,2344153,,,,,,0.0,3,205053,205053,205053,400132,2652.834199631079,3,313808,313808,313808,549274,2652.834199631079,,,,,
python,shards,1,2,0,incoming,tcp,1,passed,,1,3113262,29650944,1095688192,20,0.05,29720576,1104121856,21,0.05,29868032,1104121856,19,0.06,2346418,2981488,,,,,,0.0,3,515120,515120,515120,635105,1278.5445730470872,3,771820,771820,771820,981103,1278.5445730470872,,,,,
python,shards,1,2,0,incoming,tcp,2,passed,,1,3076292,29622272,1094639616,20,0.060000000000000005,29696000,1104121856,21,0.060000000000000005,29802496,1104121856,19,0.060000000000000005,1359706,2736205,,,,,,0.0,3,300029,300029,300029,406149,2206.3593159109396,3,485034,485034,485034,605554,2206.3593159109396,,,,,
python,shards,1,2,0,periodic,tcp,0,passed,,1,2334864,29626368,1094639616,20,0.06,29700096,1104121856,21,0.06,29818880,1104121856,19,0.06,303911449,2668624,,,,,,0.0,3,478040,478040,478040,488413,9.871296424900398,,,,,,0.0,59,61509,146398,417832,510089
python,shards,1,2,0,periodic,tcp,1,passed,,1,3051489,29687808,1095688192,20,0.060000000000000005,29761536,1104121856,21,0.060000000000000005,29863936,1104121856,19,0.060000000000000005,304063743,2703429,,,,,,0.0,3,507260,507260,507260,567792,9.866352266800847,,,,,,0.0,59,65083,220354,771873,816841
python,shards,1,2,0,periodic,tcp,2,passed,,1,2479294,29601792,1095688192,20,0.05,29671424,1104121856,21,0.05,29761536,1104121856,19,0.06999999999999999,304294040,3116915,,,,,,0.0,3,679512,679512,679512,768185,9.858885175667588,,,,,,0.0,59,122201,200969,608069,897050
python,shards,1,2,0,publish,tcp,0,passed,,1,2974604,29626368,1094639616,20,0.05,29712384,1104121856,21,0.05,29790208,1104121856,19,0.06,1302560,3030317,,,,,,0.0,3,395002,395002,395002,429403,2303.156860336568,,,,,,0.0,,,,,
python,shards,1,2,0,publish,tcp,1,passed,,1,2249758,29552640,1094639616,20,0.05,29634560,1104121856,21,0.05,29716480,1104121856,19,0.05,1443196,3068208,,,,,,0.0,3,418462,418462,418462,608802,2078.7197303761927,,,,,,0.0,,,,,
python,shards,1,2,0,publish,tcp,2,passed,,1,3163867,29573120,1095688192,20,0.060000000000000005,29642752,1104121856,21,0.060000000000000005,29732864,1104121856,19,0.060000000000000005,1329131,2652007,,,,,,0.0,3,322783,322783,322783,656003,2257.1138586038546,,,,,,0.0,,,,,
python,shards,1,2,0,reconnect,tcp,0,passed,,1,2683899,29655040,1095688192,20,0.06,29728768,1104121856,21,0.06,29962240,1104121856,19,0.07,7367185,3495709,,,,,,0.0,,,,,,0.0,,,,,,0.0,1,39807,39807,39807,39807
python,shards,1,2,0,reconnect,tcp,1,passed,,1,3174185,29659136,1095688192,20,0.060000000000000005,29728768,1104121856,21,0.060000000000000005,29970432,1104121856,19,0.06999999999999999,6779941,2417163,,,,,,0.0,,,,,,0.0,,,,,,0.0,1,16817,16817,16817,16817
python,shards,1,2,0,reconnect,tcp,2,passed,,1,2827442,29626368,1094639616,20,0.05,29696000,1104121856,21,0.05,29933568,1104121856,19,0.06999999999999999,6778044,2649964,,,,,,0.0,,,,,,0.0,,,,,,0.0,1,44862,44862,44862,44862
python,shards,1,2,1,incoming,tcp,0,passed,,1,4055866,29646848,1095688192,20,0.06,29716480,1104121856,21,0.06,29876224,1104121856,19,0.07,83237437,3273735,,,,,,0.0,3,40892118,40892118,40892118,40950230,36.04147494354013,3,41188304,41188304,41188304,41226761,36.04147494354013,16,86343,158447,158447,752196
python,shards,1,2,1,incoming,tcp,1,passed,,1,3219345,29691904,1095688192,20,0.05,29761536,1104121856,21,0.05,29876224,1104121856,19,0.05,86182051,3220292,,,,,,0.0,3,41644455,41644455,41644455,42762637,34.81003254378339,3,42128933,42128933,42128933,43157347,34.81003254378339,16,177870,233883,233883,294827
python,shards,1,2,1,incoming,tcp,2,passed,,1,4038051,29687808,1095688192,20,0.05,29761536,1104121856,21,0.05,29868032,1104121856,19,0.06,85087767,3212414,,,,,,0.0,3,41610138,41610138,41610138,41805452,35.25771219263517,3,41886586,41886586,41886586,42101742,35.25771219263517,16,55857,427077,427077,565057
python,shards,1,2,1,periodic,tcp,0,passed,,1,2530300,29552640,1094639616,20,0.060000000000000005,29642752,1104121856,21,0.060000000000000005,29745152,1104121856,19,0.06999999999999999,302711756,2746493,,,,,,0.0,3,578351,578351,578351,701521,9.910417882812586,,,,,,0.0,59,58824,164639,777165,806221
python,shards,1,2,1,periodic,tcp,1,passed,,1,2433411,29630464,1095688192,20,0.05,29691904,1104121856,21,0.05,29822976,1104121856,19,0.060000000000000005,302970862,2819983,,,,,,0.0,3,446010,446010,446010,611814,9.90194231945645,,,,,,0.0,58,137005,333314,678652,790109
python,shards,1,2,1,periodic,tcp,2,passed,,1,2348179,29544448,1095688192,20,0.05,29622272,1104121856,21,0.05,29712384,1104121856,19,0.06,304383501,3257111,,,,,,0.0,3,749811,749811,749811,780050,9.855987562216784,,,,,,0.0,60,17149,105794,779360,865636
python,shards,1,2,1,publish,tcp,0,passed,,1,2345606,29577216,1094639616,20,0.05,29667328,1104121856,21,0.05,29749248,1104121856,19,0.05,1222574,2374443,,,,,,0.0,3,316194,316194,316194,626092,2453.8391950098726,,,,,,0.0,,,,,
python,shards,1,2,1,publish,tcp,1,passed,,1,3197871,29634560,1095688192,20,0.05,29704192,1104121856,21,0.05,29794304,1104121856,19,0.05,1693595,2790149,,,,,,0.0,3,492732,492732,492732,806739,1771.379816307913,,,,,,0.0,,,,,
python,shards,1,2,1,publish,tcp,2,passed,,1,2801910,29605888,1094639616,20,0.05,29687808,1104121856,21,0.05,29782016,1104121856,19,0.05,1745545,3424264,,,,,,0.0,3,530437,530437,530437,775343,1718.6609339776403,,,,,,0.0,,,,,
python,shards,1,2,2,incoming,tcp,0,passed,,1,3505777,29618176,1094639616,20,0.060000000000000005,29704192,1104121856,21,0.06999999999999999,29790208,1104121856,19,0.08,125159684,4246180,,,,,,0.0,3,41654143,41654143,41654143,41868245,23.969379788462874,3,41971754,41971754,41971754,42199588,23.969379788462874,24,134687,412905,575567,681878
python,shards,1,2,2,incoming,tcp,1,passed,,1,3164506,29642752,1095688192,20,0.05,29716480,1104121856,21,0.05,29847552,1104121856,19,0.06,126051556,4019770,,,,,,0.0,3,41565740,41565740,41565740,41858463,23.799785541719135,3,42131485,42131485,42131485,42277189,23.799785541719135,24,209740,364381,373854,782606
python,shards,1,2,2,incoming,tcp,2,passed,,1,2862707,29626368,1094639616,20,0.05,29712384,1104121856,21,0.05,29839360,1104121856,19,0.06,126481614,2742224,,,,,,0.0,3,41684802,41684802,41684802,42519567,23.71886241110111,3,42082404,42082404,42082404,42719702,23.71886241110111,24,74685,274124,628925,990480
python,shards,1,2,2,periodic,tcp,0,passed,,1,2585475,29585408,1094639616,20,0.06,29667328,1104121856,21,0.06,29818880,1104121856,19,0.08,305045277,2823853,,,,,,0.0,3,785874,785874,785874,878901,9.834605634625184,,,,,,0.0,59,81628,204984,216179,810086
python,shards,1,2,2,periodic,tcp,1,passed,,1,2692112,29544448,1094639616,20,0.05,29626368,1104121856,21,0.05,29769728,1104121856,19,0.060000000000000005,303386345,2621178,,,,,,0.0,3,562783,562783,562783,682318,9.888381759567986,,,,,,0.0,59,38441,183967,705270,883241
python,shards,1,2,2,periodic,tcp,2,passed,,1,3412968,29626368,1094639616,20,0.06,29716480,1104121856,21,0.06,29847552,1104121856,19,0.07,304030201,3587225,,,,,,0.0,3,797847,797847,797847,964774,9.867440767833456,,,,,,0.0,58,188165,291270,378877,1028717
python,shards,1,2,2,publish,tcp,0,passed,,1,2778460,29609984,1095688192,20,0.060000000000000005,29683712,1104121856,21,0.060000000000000005,29822976,1104121856,19,0.06999999999999999,1351379,2707739,,,,,,0.0,3,393111,393111,393111,637652,2219.9545797292985,,,,,,0.0,,,,,
python,shards,1,2,2,publish,tcp,1,passed,,1,3227376,29634560,1095688192,20,0.060000000000000005,29704192,1104121856,21,0.060000000000000005,29806592,1104121856,19,0.060000000000000005,2881473,2711893,,,,,,0.0,3,896007,896007,896007,1068394,1041.1341699193433,,,,,,0.0,,,,,
python,shards,1,2,2,publish,tcp,2,passed,,1,2905411,29601792,1095688192,20,0.06,29683712,1104121856,21,0.06,29818880,1104121856,19,0.07,2314492,2804312,,,,,,0.0,3,826127,826127,826127,840582,1296.1807601840922,,,,,,0.0,,,,,
python,shards,10,1,0,idle,tcp,0,passed,,10,16757031,30134272,1095688192,20,0.06999999999999999,30216192,1104121856,21,0.06999999999999999,30363648,1106104320,20,0.06999999999999999,200983099,4448380,,,,,,0.0,,,,,,0.0,,,,,,0.0,39,90965,238830,439488,536497
python,shards,10,1,0,idle,tcp,1,passed,,10,16635783,30154752,1095688192,20,0.060000000000000005,30240768,1104121856,21,0.060000000000000005,30687232,1106223104,20,0.06999999999999999,200630305,3483652,,,,,,0.0,,,,,,0.0,,,,,,0.0,39,49253,164441,183733,193694
python,shards,10,1,0,idle,tcp,2,passed,,10,16500477,30117888,1095688192,20,0.060000000000000005,30203904,1104121856,21,0.060000000000000005,30650368,1106223104,20,0.06999999999999999,201022258,3820573,,,,,,0.0,,,,,,0.0,,,,,,0.0,39,32722,212024,213596,215247
python,shards,10,1,0,incoming,tcp,0,passed,,10,16817827,30150656,1095688192,20,0.060000000000000005,30236672,1104121856,21,0.060000000000000005,30748672,1106374656,20,0.06999999999999999,2076838,3985858,,,,,,0.0,3,132524,132524,132524,403216,1444.5036155925497,30,502750,805549,843975,882862,14445.036155925498,,,,,
python,shards,10,1,0,incoming,tcp,1,passed,,10,17646330,30191616,1095688192,20,0.06999999999999999,30281728,1104121856,21,0.06999999999999999,30810112,1106223104,20,0.08,5092485,2971550,,,,,,0.0,3,324228,324228,324228,811725,589.1033552381598,30,682864,3179002,3354627,3541003,5891.0335523815975,1,29214,29214,29214,29214
python,shards,10,1,0,incoming,tcp,2,passed,,10,17974410,30105600,1094639616,20,0.060000000000000005,30199808,1104121856,21,0.060000000000000005,30711808,1106223104,20,0.06999999999999999,3179416,3326858,,,,,,0.0,3,177336,177336,177336,692375,943.5695108787274,30,502216,1675521,1714486,2023429,9435.695108787275,,,,,
python,shards,10,1,0,periodic,tcp,0,passed,,10,16535465,30167040,1095688192,20,0.060000000000000005,30253056,1104121856,21,0.06999999999999999,30789632,1106223104,20,0.06999999999999999,304759243,4243037,,,,,,0.0,30,874148,950324,990596,994867,98.43835975140547,,,,,,0.0,59,73032,240342,277489,426908
python,shards,10,1,0,periodic,tcp,1,passed,,10,15668999,30142464,1095688192,20,0.06,30224384,1104121856,21,0.06,30879744,1106223104,20,0.07,304650744,4223574,,,,,,0.0,30,753306,889297,895513,911619,98.47341780987084,,,,,,0.0,59,102186,208038,245480,423741
python,shards,10,1,0,periodic,tcp,2,passed,,10,17210185,30199808,1095688192,20,0.06999999999999999,30269440,1104121856,21,0.06999999999999999,30887936,1106223104,20,0.06999999999999999,304128780,3400387,,,,,,0.0,30,677268,829064,849056,874508,98.64242377850593,,,,,,0.0,59,49609,170193,224656,256349
python,shards,10,1,0,publish,tcp,0,passed,,10,14961759,29917184,1095868416,20,0.05,29986816,1104302080,21,0.05,30830592,1106403328,20,0.06999999999999999,3284899,4985978,,,,,,0.0,30,898697,1014210,1041111,1125050,9132.700883649695,,,,,,0.0,,,,,
python,shards,10,1,0,publish,tcp,1,passed,,10,16016381,30203904,1095688192,20,0.05,30285824,1104121856,21,0.05,30855168,1106362368,20,0.06999999999999999,2378073,3052197,,,,,,0.0,30,620863,937307,991708,1027511,12615.256133852914,,,,,,0.0,,,,,
python,shards,10,1,0,publish,tcp,2,passed,,10,15895979,30097408,1095688192,20,0.05,30183424,1104121856,21,0.05,30760960,1106223104,20,0.06,2301689,3402652,,,,,,0.0,30,535957,921604,963587,977598,13033.9068397164,,,,,,0.0,,,,,
python,shards,10,1,0,reconnect,tcp,0,passed,,10,16570521,30117888,1095688192,20,0.06,30191616,1104121856,21,0.06,31227904,1106362368,20,0.13,37934941,3146967,,,,,,0.0,,,,,,0.0,,,,,,0.0,7,27200,49102,49102,72555
python,shards,10,1,0,reconnect,tcp,1,passed,,10,15910506,30257152,1095688192,20,0.060000000000000005,30334976,1104121856,21,0.060000000000000005,31211520,1106223104,20,0.14,50278569,3678546,,,,,,0.0,,,,,,0.0,,,,,,0.0,9,22463,60444,60444,85428
python,shards,10,1,0,reconnect,tcp,2,passed,,10,15965227,30150656,1095688192,20,0.060000000000000005,30232576,1104121856,21,0.060000000000000005,31150080,1106223104,20,0.12,38375964,3340708,,,,,,0.0,,,,,,0.0,,,,,,0.0,7,26699,30663,30663,50743
python,shards,10,1,1,incoming,tcp,0,passed,,10,17013640,30187520,1095688192,20,0.06,30273536,1104121856,21,0.06,30732288,1106223104,20,0.06999999999999999,86556115,3552968,,,,,,0.0,3,41349242,41349242,41349242,41444140,34.65959626307165,30,41734940,42344093,42380733,42395614,346.5959626307165,16,79881,162257,162257,891851
python,shards,10,1,1,incoming,tcp,1,passed,,10,16790037,30203904,1095688192,20,0.060000000000000005,30285824,1104121856,21,0.060000000000000005,30777344,1106223104,20,0.08,91836129,3400718,,,,,,0.0,3,41195733,41195733,41195733,41719845,32.66688211564318,30,42386409,44294773,44412462,44697162,326.6688211564318,17,130586,235182,235182,673582
python,shards,10,1,1,incoming,tcp,2,passed,,10,17764706,30134272,1095688192,20,0.060000000000000005,30224384,1104121856,21,0.060000000000000005,30732288,1106223104,20,0.06999999999999999,84834743,5857082,,,,,,0.0,3,40640028,40640028,40640028,40718117,35.36287013918342,30,41077528,41916468,41988078,42054260,353.6287013918342,16,93172,157744,157744,573462
python,shards,10,1,1,periodic,tcp,0,passed,,10,17568425,30187520,1095688192,20,0.060000000000000005,30269440,1104121856,21,0.060000000000000005,30834688,1106366464,20,0.06999999999999999,305898310,2898137,,,,,,0.0,30,1022019,1215368,1223555,1268935,98.07180693479476,,,,,,0.0,59,89698,188743,540078,701814
python,shards,10,1,1,periodic,tcp,1,passed,,10,16438611,30216192,1095688192,20,0.060000000000000005,30302208,1104121856,21,0.060000000000000005,30937088,1106223104,20,0.06999999999999999,304731362,3712601,,,,,,0.0,30,822634,894241,948182,1174737,98.44736624122069,,,,,,0.0,59,99134,359048,407020,531672
python,shards,10,1,1,periodic,tcp,2,passed,,10,16750006,30195712,1095688192,20,0.06,30281728,1104121856,21,0.06999999999999999,30937088,1106362368,20,0.08,304783339,4199632,,,,,,0.0,30,856936,1102353,1186899,1227390,98.43057726984217,,,,,,0.0,60,65409,158687,193767,453626
python,shards,10,1,1,publish,tcp,0,passed,,10,16688529,30175232,1095688192,20,0.06,30257152,1104121856,21,0.06,30654464,1106128896,20,0.07,2063478,3323256,,,,,,0.0,30,455039,725540,741591,821312,14538.560624343947,,,,,,0.0,,,,,
python,shards,10,1,1,publish,tcp,1,passed,,10,17426001,30199808,1095688192,20,0.060000000000000005,30285824,1104121856,21,0.060000000000000005,30871552,1106223104,20,0.06999999999999999,3378004,3417317,,,,,,0.0,30,840958,922722,1017408,1064974,8880.984155140137,,,,,,0.0,,,,,
python,shards,10,1,1,publish,tcp,2,passed,,10,17935414,30130176,1095688192,20,0.060000000000000005,30212096,1104121856,21,0.060000000000000005,30818304,1106223104,20,0.06999999999999999,3232357,4412505,,,,,,0.0,30,686323,936950,939053,1051208,9281.153040954325,,,,,,0.0,,,,,
python,shards,10,1,2,incoming,tcp,0,passed,,10,17797407,30130176,1095688192,20,0.06,30220288,1104121856,21,0.06,30744576,1106362368,20,0.07,129841706,3100051,,,,,,0.0,3,41779316,41779316,41779316,41949037,23.105056860543716,30,42495894,43983464,44227211,44406828,231.05056860543715,25,82345,315549,641464,886889
python,shards,10,1,2,incoming,tcp,1,passed,,10,17752614,30203904,1095688192,20,0.060000000000000005,30294016,1104121856,21,0.060000000000000005,30806016,1106223104,20,0.06999999999999999,126684752,2893708,,,,,,0.0,3,41451197,41451197,41451197,41571888,23.6808294024209,30,41942944,42362573,42418768,42455786,236.808294024209,24,21249,414255,486064,876388
python,shards,10,1,2,incoming,tcp,2,passed,,10,17519068,30224384,1095688192,20,0.06999999999999999,30310400,1104121856,21,0.06999999999999999,30793728,1106223104,20,0.08,130150260,3355695,,,,,,0.0,3,41840685,41840685,41840685,42061557,23.05028049886339,30,42711355,44119218,44228938,44420012,230.5028049886339,24,116143,795742,985461,1011388
python,shards,10,1,2,periodic,tcp,0,passed,,10,15897211,30109696,1095688192,20,0.060000000000000005,30191616,1104121856,21,0.060000000000000005,30822400,1106223104,20,0.06999999999999999,305556668,3442573,,,,,,0.0,30,866572,1217910,1222498,1386932,98.18146072989643,,,,,,0.0,59,80060,240587,852422,925235
python,shards,10,1,2,periodic,tcp,1,passed,,10,16275266,30179328,1095688192,20,0.05,30265344,1104121856,21,0.05,30810112,1106223104,20,0.07,305874281,3094867,,,,,,0.0,30,871771,1024226,1050083,1257635,98.07951130091908,,,,,,0.0,59,87772,422480,437678,478999
python,shards,10,1,2,periodic,tcp,2,passed,,10,15574325,30138368,1095688192,20,0.060000000000000005,30224384,1104121856,21,0.060000000000000005,30867456,1106366464,20,0.06999999999999999,305175808,3669987,,,,,,0.0,30,757227,974885,992149,1212189,98.30399138322262,,,,,,0.0,59,78809,273380,332423,1108607
python,shards,10,1,2,publish,tcp,0,passed,,10,15787329,30187520,1095688192,20,0.060000000000000005,30273536,1104121856,21,0.060000000000000005,30892032,1106223104,20,0.06999999999999999,2729080,3248142,,,,,,0.0,30,579477,1074847,1146824,1147066,10992.715493866064,,,,,,0.0,,,,,
python,shards,10,1,2,publish,tcp,1,passed,,10,16476544,30162944,1095688192,20,0.060000000000000005,30248960,1104121856,21,0.060000000000000005,30896128,1106223104,20,0.06999999999999999,2696211,3323821,,,,,,0.0,30,723885,847131,860696,881402,11126.72561605898,,,,,,0.0,,,,,
python,shards,10,1,2,publish,tcp,2,passed,,10,15907248,30138368,1095688192,20,0.060000000000000005,30216192,1104121856,21,0.06999999999999999,30814208,1106223104,20,0.06999999999999999,2682542,3748856,,,,,,0.0,30,713923,787030,835329,839173,11183.422291244648,,,,,,0.0,,,,,
python,shards,10,2,0,idle,tcp,0,passed,,10,16292396,30687232,1095688192,20,0.060000000000000005,30777344,1104121856,21,0.060000000000000005,31240192,1106223104,20,0.06999999999999999,200362935,3508117,,,,,,0.0,,,,,,0.0,,,,,,0.0,39,84352,252223,284921,352439
python,shards,10,2,0,idle,tcp,1,passed,,10,16093171,30613504,1095688192,20,0.060000000000000005,30699520,1104121856,21,0.060000000000000005,31170560,1106223104,20,0.06999999999999999,201321981,3824095,,,,,,0.0,,,,,,0.0,,,,,,0.0,37,317765,432456,450646,461817
python,shards,10,2,0,idle,tcp,2,passed,,10,17423739,30658560,1095688192,20,0.06,30744576,1104121856,21,0.06,31203328,1106223104,20,0.07,200550388,3455133,,,,,,0.0,,,,,,0.0,,,,,,0.0,39,44967,137058,150804,167152
python,shards,10,2,0,incoming,tcp,0,passed,,10,20336600,30642176,1095688192,20,0.060000000000000005,30728192,1104121856,21,0.060000000000000005,31264768,1106374656,20,0.06999999999999999,2574043,3307422,,,,,,0.0,3,156247,156247,156247,364459,1165.4816955272308,30,600145,1059099,1103398,1147750,11654.816955272308,,,,,
python,shards,10,2,0,incoming,tcp,1,passed,,10,18620251,30572544,1095688192,20,0.060000000000000005,30654464,1104121856,21,0.060000000000000005,31121408,1106362368,20,0.06999999999999999,4246251,3705393,,,,,,0.0,3,197497,197497,197497,628523,706.5055739757258,30,799662,2197510,2282637,2359035,7065.055739757258,,,,,
python,shards,10,2,0,incoming,tcp,2,passed,,10,17114564,30711808,1095688192,20,0.060000000000000005,30801920,1104121856,21,0.060000000000000005,31346688,1106223104,20,0.06999999999999999,4178048,4138017,,,,,,0.0,3,297214,297214,297214,521519,718.0386630311572,30,890112,1624783,1719628,1874902,7180.386630311571,,,,,
python,shards,10,2,0,periodic,tcp,0,passed,,10,16578535,30568448,1096298496,20,0.060000000000000005,30654464,1104732160,21,0.060000000000000005,31330304,1106980864,20,0.06999999999999999,306313404,3167788,,,,,,0.0,30,838484,994124,1055863,1085379,97.9389070417565,,,,,,0.0,59,182164,393218,402996,419073
python,shards,10,2,0,periodic,tcp,1,passed,,10,17136685,30601216,1095688192,20,0.05,30691328,1104121856,21,0.05,31277056,1106358272,20,0.06999999999999999,306644412,3486375,,,,,,0.0,30,1009649,1288712,1304396,1306781,97.8331866683421,,,,,,0.0,59,86083,265395,396340,536282
python,shards,10,2,0,periodic,tcp,2,passed,,10,16887962,30633984,1095688192,20,0.060000000000000005,30720000,1104121856,21,0.060000000000000005,31342592,1106362368,20,0.06999999999999999,304028238,3578214,,,,,,0.0,30,733191,787595,792802,820155,98.6750447831757,,,,,,0.0,59,59651,202839,385368,848740
python,shards,10,2,0,publish,tcp,0,passed,,10,16454168,30695424,1095688192,20,0.060000000000000005,30777344,1104121856,21,0.060000000000000005,31481856,1106374656,20,0.060000000000000005,1635673,3123048,,,,,,0.0,30,344163,634117,635064,645336,18341.074285630442,,,,,,0.0,,,,,
python,shards,10,2,0,publish,tcp,1,passed,,10,16943577,30670848,1095688192,20,0.060000000000000005,30748672,1104121856,21,0.060000000000000005,31387648,1106223104,20,0.06999999999999999,2697080,4411102,,,,,,0.0,30,613313,1147825,1154434,1169884,11123.140581666099,,,,,,0.0,,,,,
python,shards,10,2,0,publish,tcp,2,passed,,10,15458152,30609408,1095688192,20,0.060000000000000005,30695424,1104121856,21,0.060000000000000005,31252480,1106374656,20,0.06999999999999999,3716025,3987808,,,,,,0.0,30,802261,1320279,1329247,1347256,8073.142672613882,,,,,,0.0,,,,,
python,shards,10,2,0,reconnect,tcp,0,passed,,10,18663317,30609408,1095688192,20,0.06,30695424,1104121856,21,0.06,31657984,1106223104,20,0.15,57193591,3891655,,,,,,0.0,,,,,,0.0,,,,,,0.0,11,41080,47227,47227,143035
python,shards,10,2,0,reconnect,tcp,1,passed,,10,16285029,30679040,1095688192,20,0.060000000000000005,30765056,1104121856,21,0.060000000000000005,31641600,1106223104,20,0.13,43278516,3544956,,,,,,0.0,,,,,,0.0,,,,,,0.0,8,35185,48752,48752,55715
python,shards,10,2,0,reconnect,tcp,2,passed,,10,16021218,30576640,1095688192,20,0.060000000000000005,30666752,1104121856,21,0.060000000000000005,31625216,1106374656,20,0.13,38021658,3212693,,,,,,0.0,,,,,,0.0,,,,,,0.0,7,23309,40507,40507,43964
python,shards,10,2,1,incoming,tcp,0,passed,,10,18030560,30605312,1094639616,20,0.06999999999999999,30703616,1104121856,21,0.06999999999999999,31252480,1106374656,20,0.09,88976592,4753469,,,,,,0.0,3,41154603,41154603,41154603,42405032,33.71673304817069,30,41998037,43859139,44005100,44077786,337.1673304817069,17,108265,531303,531303,579883
python,shards,10,2,1,incoming,tcp,1,passed,,10,17264735,30691328,1095688192,20,0.06,30777344,1104121856,21,0.06,31277056,1106223104,20,0.07,88231702,3742644,,,,,,0.0,3,40719442,40719442,40719442,41366246,34.001384219019144,30,41869011,43632420,43729662,43866758,340.01384219019144,17,76124,487539,487539,947108
python,shards,10,2,1,incoming,tcp,2,passed,,10,17990429,30683136,1095688192,20,0.060000000000000005,30769152,1104121856,21,0.060000000000000005,31260672,1106223104,20,0.06999999999999999,87835462,3185450,,,,,,0.0,3,41377470,41377470,41377470,41817486,34.15476997206436,30,41950200,42509903,42546850,42641858,341.5476997206436,16,85860,789702,789702,945071
python,shards,10,2,1,periodic,tcp,0,passed,,10,18103240,30576640,1095688192,20,0.07,30662656,1104121856,21,0.07,31289344,1106223104,20,0.09,305995191,3210855,,,,,,0.0,30,913840,1207011,1284941,1332176,98.04075646404522,,,,,,0.0,59,93555,259114,444306,798568
python,shards,10,2,1,periodic,tcp,1,passed,,10,16266562,30588928,1095688192,20,0.06,30666752,1104121856,21,0.06,31244288,1106370560,20,0.07,305165818,3528216,,,,,,0.0,30,722664,895444,919271,995447,98.30720949225054,,,,,,0.0,59,65574,298766,310964,311800
python,shards,10,2,1,periodic,tcp,2,passed,,10,16317840,30638080,1095688192,20,0.06,30720000,1104121856,21,0.06,31326208,1106223104,20,0.08,304487037,3016703,,,,,,0.0,30,783638,956342,971530,991996,98.52636189566257,,,,,,0.0,60,52752,157471,172337,282045
python,shards,10,2,1,publish,tcp,0,passed,,10,15348457,30621696,1095688192,20,0.05,30699520,1104121856,21,0.05,31391744,1106223104,20,0.06999999999999999,1838526,3116102,,,,,,0.0,30,418816,592095,600795,601991,16317.419498010906,,,,,,0.0,,,,,
python,shards,10,2,1,publish,tcp,1,passed,,10,17163452,30674944,1095688192,20,0.060000000000000005,30765056,1104121856,21,0.060000000000000005,31358976,1106223104,20,0.06999999999999999,3435611,3596093,,,,,,0.0,30,828858,972330,1104610,1136675,8732.071238565717,,,,,,0.0,,,,,
python,shards,10,2,1,publish,tcp,2,passed,,10,16700446,30646272,1095688192,20,0.05,30724096,1104121856,21,0.06,31457280,1106362368,20,0.06999999999999999,2836143,3055530,,,,,,0.0,30,788776,990308,992358,995099,10577.745903503455,,,,,,0.0,,,,,
python,shards,10,2,2,incoming,tcp,0,passed,,10,19063922,30621696,1096306688,20,0.060000000000000005,30711808,1104887808,21,0.060000000000000005,31277056,1106681856,20,0.06999999999999999,130570657,3852339,,,,,,0.0,3,41678381,41678381,41678381,42577923,22.976065748064666,30,43019570,43990906,44033259,44149738,229.76065748064667,25,135572,235277,635242,688361
python,shards,10,2,2,incoming,tcp,1,passed,,10,17718836,30654464,1095688192,20,0.060000000000000005,30744576,1104121856,21,0.060000000000000005,31281152,1106223104,20,0.06999999999999999,126551674,3540334,,,,,,0.0,3,40945830,40945830,40945830,41421683,23.705731462706687,30,41795584,42348637,42402592,42515179,237.0573146270669,24,124635,267724,376194,415933
python,shards,10,2,2,incoming,tcp,2,passed,,10,17025601,30715904,1095688192,20,0.060000000000000005,30793728,1104121856,21,0.060000000000000005,31277056,1106223104,20,0.06999999999999999,129469953,3052075,,,,,,0.0,3,41334488,41334488,41334488,41666041,23.1713994674888,30,42323553,43354373,43493729,43746761,231.713994674888,25,69256,374711,835674,1008985
python,shards,10,2,2,periodic,tcp,0,passed,,10,16166625,30687232,1095688192,20,0.060000000000000005,30777344,1104121856,21,0.060000000000000005,31367168,1106358272,20,0.08,304007636,3302520,,,,,,0.0,30,726674,916452,944356,1174512,98.6817317970263,,,,,,0.0,59,79091,260475,324582,336955
python,shards,10,2,2,periodic,tcp,1,passed,,10,17624135,30695424,1095688192,20,0.06,30781440,1104121856,21,0.06,31453184,1106223104,20,0.08,305209520,3715439,,,,,,0.0,30,872409,1018303,1021804,1069004,98.29313318929239,,,,,,0.0,60,45160,175553,198147,356680
python,shards,10,2,2,periodic,tcp,2,passed,,10,19354320,30621696,1095688192,20,0.060000000000000005,30711808,1104121856,21,0.060000000000000005,31313920,1106223104,20,0.06999999999999999,305553383,3856906,,,,,,0.0,30,785757,979624,981658,988929,98.18251627736028,,,,,,0.0,60,56692,161299,196614,875590
python,shards,10,2,2,publish,tcp,0,passed,,10,16955441,30605312,1095688192,20,0.060000000000000005,30691328,1104121856,21,0.06999999999999999,31412224,1106374656,20,0.06999999999999999,2445019,3137886,,,,,,0.0,30,622592,726990,752905,830368,12269.843301831192,,,,,,0.0,,,,,
python,shards,10,2,2,publish,tcp,1,passed,,10,15909860,30564352,1096298496,20,0.060000000000000005,30650368,1104732160,21,0.060000000000000005,31404032,1106833408,20,0.06999999999999999,3473363,3379198,,,,,,0.0,30,951875,1094894,1130815,1139641,8637.162312145318,,,,,,0.0,,,,,
python,shards,10,2,2,publish,tcp,2,passed,,10,16662488,30593024,1095688192,20,0.05,30679040,1104121856,21,0.05,31420416,1106366464,20,0.06999999999999999,2272075,3786960,,,,,,0.0,30,597192,668499,670849,710208,13203.789487582937,,,,,,0.0,,,,,
python,shards,100,1,0,idle,tcp,0,passed,,100,152563782,36790272,1095688192,20,0.09000000000000001,36917248,1104265216,21,0.09000000000000001,39817216,1106874368,20,0.12,200971759,9053938,,,,,,0.0,,,,,,0.0,,,,,,0.0,39,87918,214571,238369,273614
python,shards,100,1,0,idle,tcp,1,passed,,100,145977399,36757504,1095688192,20,0.09000000000000001,36872192,1104265216,21,0.09000000000000001,41824256,1108602880,20,0.11,200312415,6160629,,,,,,0.0,,,,,,0.0,,,,,,0.0,39,52990,107706,118452,128605
python,shards,100,1,0,idle,tcp,2,passed,,100,164998694,36683776,1095688192,20,0.11,36814848,1104265216,21,0.11,40411136,1107447808,20,0.13,201051769,6913120,,,,,,0.0,,,,,,0.0,,,,,,0.0,39,98508,263243,271457,285056
python,shards,100,1,0,incoming,tcp,0,passed,,100,173127690,36986880,1095688192,20,0.11,37113856,1104289792,21,0.11,39727104,1106939904,20,0.15,18452688,8121076,,,,,,0.0,3,190941,190941,190941,671331,162.577939864371,300,3233783,7606421,8368448,8561555,16257.793986437098,3,40043,40043,40043,73362
python,shards,100,1,0,incoming,tcp,1,passed,,100,174384174,36986880,1095688192,20,0.11,37109760,1104285696,21,0.11,41979904,1108627456,20,0.14,12270684,5920469,,,,,,0.0,3,165512,165512,165512,1036642,244.4851485051689,300,2256160,5654888,6121728,6238019,24448.51485051689,2,17196,17196,17196,18185
python,shards,100,1,0,incoming,tcp,2,passed,,100,168487148,36872192,1095852032,20,0.11,36970496,1104285696,21,0.11,40792064,1107718144,20,0.14,16249636,6629654,,,,,,0.0,3,227990,227990,227990,586993,184.6195200926347,300,3147219,5497499,6004846,6120964,18461.95200926347,3,40323,40323,40323,47644
python,shards,100,1,0,periodic,tcp,0,passed,,100,152103927,36646912,1095688192,20,0.1,36773888,1104265216,21,0.1,39972864,1106538496,20,0.14,317309774,6608775,,,,,,0.0,300,3671241,4952502,5023982,5142888,945.4483428550171,,,,,,0.0,62,34085,353327,463625,736850
python,shards,100,1,0,periodic,tcp,1,passed,,100,160391342,36753408,1095831552,20,0.09000000000000001,36851712,1104265216,21,0.09000000000000001,39464960,1106550784,20,0.14,314033887,7014953,,,,,,0.0,300,2857110,3933689,3990489,4326713,955.310915219796,,,,,,0.0,61,71871,290855,491878,821304
python,shards,100,1,0,periodic,tcp,2,passed,,100,160584583,36753408,1097687040,20,0.11,36855808,1106292736,21,0.12,39645184,1108381696,20,0.16,316877997,8231884,,,,,,0.0,300,2847740,5900966,6043789,6294603,946.7366079065439,,,,,,0.0,61,79051,260082,644002,681708
python,shards,100,1,0,publish,tcp,0,passed,,100,150726040,36655104,1095688192,20,0.09,36786176,1104265216,21,0.09,41480192,1108881408,20,0.13,12901556,6272926,,,,,,0.0,300,3329252,3798189,3839822,3866125,23253.00917191694,,,,,,0.0,2,58944,58944,58944,480082
python,shards,100,1,0,publish,tcp,1,passed,,100,153758708,36651008,1095831552,20,0.1,36745216,1104265216,21,0.1,39440384,1106767872,20,0.14,15559249,5629099,,,,,,0.0,300,3506842,4924752,5094607,5117898,19281.136255355254,,,,,,0.0,2,93033,93033,93033,352531
python,shards,100,1,0,publish,tcp,2,passed,,100,159248441,36708352,1095823360,20,0.1,36810752,1104257024,21,0.1,42332160,1108443136,20,0.15,16911667,8122993,,,,,,0.0,300,3473378,5045922,5073901,5547204,17739.232921272633,,,,,,0.0,3,380356,380356,380356,542946
python,shards,100,1,0,reconnect,tcp,0,passed,,100,148662747,36749312,1095688192,20,0.09000000000000001,36864000,1104265216,21,0.09000000000000001,42426368,1106944000,20,0.6,370176140,7635595,,,,,,0.0,,,,,,0.0,,,,,,0.0,73,37124,91120,98445,132959
python,shards,100,1,0,reconnect,tcp,1,passed,,100,159337978,36720640,1095688192,20,0.1,36847616,1104261120,21,0.1,43462656,1108721664,20,0.54,312825803,10254385,,,,,,0.0,,,,,,0.0,,,,,,0.0,62,27615,64619,67861,76463
python,shards,100,1,0,reconnect,tcp,2,passed,,100,172825289,36765696,1095688192,20,0.11,36888576,1104265216,21,0.11,43745280,1108271104,20,0.62,369405212,10706990,,,,,,0.0,,,,,,0.0,,,,,,0.0,73,41898,88132,131893,140611
python,shards,100,1,1,incoming,tcp,0,passed,,100,168674291,36888576,1095897088,20,0.11,37003264,1104330752,21,0.11,41906176,1108824064,20,0.16,101488632,7008855,,,,,,0.0,3,40873879,40873879,40873879,41024180,29.559960961933154,300,43463270,47155526,47867991,48050397,2955.9960961933157,19,117178,839000,839000,1039166
python,shards,100,1,1,incoming,tcp,1,passed,,100,162919801,36913152,1095884800,20,0.1,37027840,1104318464,21,0.11,42356736,1109430272,20,0.15,104830766,7917556,,,,,,0.0,3,40698949,40698949,40698949,41255867,28.617552980582055,300,43906141,48851447,49283377,49417095,2861.7552980582054,20,109930,192375,192375,409034
python,shards,100,1,1,incoming,tcp,2,passed,,100,181737551,36970496,1095688192,20,0.12000000000000001,37101568,1104281600,21,0.12000000000000001,42127360,1109745664,20,0.17,101017079,8941822,,,,,,0.0,3,41509855,41509855,41509855,42657312,29.697948403358605,300,43617218,48721129,49608849,49825053,2969.7948403358605,19,18108,388875,388875,777464
python,shards,100,1,1,periodic,tcp,0,passed,,100,152048517,36761600,1095688192,20,0.1,36892672,1104265216,21,0.1,40517632,1106526208,20,0.14,313858348,7451512,,,,,,0.0,300,2800880,5302577,5375989,5422110,955.8452146061765,,,,,,0.0,61,76344,166812,223502,429781
python,shards,100,1,1,periodic,tcp,1,passed,,100,150576959,36708352,1095688192,20,0.09000000000000001,36839424,1104265216,21,0.09000000000000001,38817792,1106657280,20,0.14,316928388,7332418,,,,,,0.0,300,3566776,5139936,5229386,5348874,946.5860786191232,,,,,,0.0,62,69096,216079,387182,560587
python,shards,100,1,1,periodic,tcp,2,passed,,100,158662719,36675584,1095688192,20,0.09000000000000001,36790272,1104265216,21,0.09000000000000001,39387136,1106558976,20,0.14,313404471,7480849,,,,,,0.0,300,2806741,4219319,4277484,4364211,957.2294838129479,,,,,,0.0,61,78384,219047,254294,785283
python,shards,100,1,1,publish,tcp,0,passed,,100,168561943,36757504,1095688192,20,0.12,36888576,1104265216,21,0.12,41336832,1109192704,20,0.16,18877295,7508399,,,,,,0.0,300,4518161,6177427,6197466,6376459,15892.107423229863,,,,,,0.0,3,310173,310173,310173,593219
python,shards,100,1,1,publish,tcp,1,passed,,100,148943076,36757504,1095688192,20,0.09000000000000001,36888576,1104265216,21,0.1,39247872,1106579456,20,0.14,15003835,6251485,,,,,,0.0,300,3434312,5121277,5147932,5478876,19994.887973641406,,,,,,0.0,2,236301,236301,236301,461953
python,shards,100,1,1,publish,tcp,2,passed,,100,151324983,36798464,1095831552,20,0.09000000000000001,36913152,1104265216,21,0.09000000000000001,40259584,1106526208,20,0.12,10930269,5888016,,,,,,0.0,300,2588913,3280984,3314793,3355691,27446.717002115867,,,,,,0.0,2,21300,21300,21300,580894
python,shards,100,1,2,incoming,tcp,0,passed,,100,162776082,36966400,1095688192,20,0.11,37089280,1104285696,21,0.11,40218624,1107136512,20,0.14,140274000,6941226,,,,,,0.0,3,41122252,41122252,41122252,42361448,21.38671457290731,300,44488633,47210137,47854449,48040514,2138.671457290731,27,47379,492327,898125,999727
python,shards,100,1,2,incoming,tcp,1,passed,,100,178749110,37097472,1097789440,21,0.13,37224448,1106386944,22,0.13,41394176,1108647936,20,0.18000000000000002,149285939,8976633,,,,,,0.0,3,41104302,41104302,41104302,41394502,20.09566353064236,300,45257746,49808068,50852951,51150119,2009.566353064236,29,90146,344277,455774,843369
python,shards,100,1,2,incoming,tcp,2,passed,,100,167336172,36945920,1095688192,20,0.11,37072896,1104289792,21,0.12,42258432,1108635648,20,0.16,137254678,8716986,,,,,,0.0,3,41106638,41106638,41106638,41349186,21.857178521813296,300,43739016,45588464,45913922,46018956,2185.71785218133,26,85722,131966,384004,914046
python,shards,100,1,2,periodic,tcp,0,passed,,100,164478883,36659200,1095688192,20,0.09999999999999999,36790272,1104265216,21,0.09999999999999999,39239680,1106538496,20,0.16,318344639,8869394,,,,,,0.0,300,4045753,5456359,5628703,5764464,942.3749083457944,,,,,,0.0,61,92632,399107,478189,1044975
python,shards,100,1,2,periodic,tcp,1,passed,,100,152314571,36794368,1095688192,20,0.09000000000000001,36909056,1104265216,21,0.09000000000000001,39350272,1106423808,20,0.15,319807848,8974937,,,,,,0.0,300,4162221,5930902,6024526,6226706,938.0632835501898,,,,,,0.0,61,92038,647751,784683,1117998
python,shards,100,1,2,periodic,tcp,2,passed,,100,148847963,36585472,1095688192,20,0.09,36716544,1104265216,21,0.09,40488960,1106821120,20,0.16,321557556,6727290,,,,,,0.0,300,4698464,6603734,6688938,6851290,932.9589505898596,,,,,,0.0,62,87045,393556,972284,1838175
python,shards,100,1,2,publish,tcp,0,passed,,100,165141816,36700160,1095688192,20,0.12,36831232,1104265216,21,0.12,38666240,1106419712,20,0.16999999999999998,20547117,7229649,,,,,,0.0,300,5269229,6460508,6663544,6704039,14600.588491319731,,,,,,0.0,3,1267688,1267688,1267688,1269750
python,shards,100,1,2,publish,tcp,1,passed,,100,162540304,36626432,1095688192,20,0.09000000000000001,36749312,1104265216,21,0.09000000000000001,39497728,1106632704,20,0.15,18726633,7748215,,,,,,0.0,300,4670818,5426433,5506274,5934550,16019.964720833692,,,,,,0.0,3,72444,72444,72444,2062453
python,shards,100,1,2,publish,tcp,2,passed,,100,156190585,36700160,1095688192,20,0.09,36831232,1104265216,21,0.09,39542784,1106460672,20,0.13999999999999999,16550838,7422031,,,,,,0.0,300,4102899,5394623,5423414,5455403,18125.970419141315,,,,,,0.0,2,545752,545752,545752,1295505
python,shards,100,2,0,idle,tcp,0,passed,,100,166828231,39530496,1095688192,20,0.11,39641088,1104261120,21,0.11,43556864,1108144128,20,0.14,200907346,8697789,,,,,,0.0,,,,,,0.0,,,,,,0.0,39,79467,111962,112906,146197
python,shards,100,2,0,idle,tcp,1,passed,,100,160134673,39608320,1095831552,20,0.1,39706624,1104265216,21,0.1,44589056,1108742144,20,0.12,200559982,7957630,,,,,,0.0,,,,,,0.0,,,,,,0.0,39,66985,127575,136349,164079
python,shards,100,2,0,idle,tcp,2,passed,,100,163095350,39579648,1095843840,20,0.1,39682048,1104277504,21,0.11,43491328,1108385792,20,0.13,200180083,6861276,,,,,,0.0,,,,,,0.0,,,,,,0.0,37,338623,458649,475904,507092
python,shards,100,2,0,incoming,tcp,0,passed,,100,187240611,39854080,1095852032,20,0.14,39964672,1104285696,21,0.14,45498368,1109278720,20,0.17,17773918,7093692,,,,,,0.0,3,147048,147048,147048,607994,168.78664569061252,300,3060483,7331847,7851734,8021439,16878.66456906125,3,31807,31807,31807,65779
python,shards,100,2,0,incoming,tcp,1,passed,,100,183450014,39944192,1095688192,20,0.14,40075264,1104285696,21,0.14,46264320,1108611072,20,0.18000000000000002,16304861,7798770,,,,,,0.0,3,207706,207706,207706,453003,183.99420884360805,300,2899154,5569375,6004253,6192108,18399.420884360807,3,74409,74409,74409,76125
python,shards,100,2,0,incoming,tcp,2,passed,,100,181289493,39952384,1095864320,20,0.12000000000000001,40054784,1104297984,21,0.12000000000000001,44953600,1108582400,20,0.15,13300251,6575985,,,,,,0.0,3,155108,155108,155108,761064,225.55965297196272,300,2540175,5675441,6135947,6250607,22555.96529719627,2,35353,35353,35353,36190
python,shards,100,2,0,periodic,tcp,0,passed,,100,154594647,39620608,1095823360,20,0.09000000000000001,39718912,1104257024,21,0.09000000000000001,42647552,1107509248,20,0.15,323255186,8499107,,,,,,0.0,300,5395129,6348003,6600290,6869794,928.0593567955937,,,,,,0.0,63,43093,480223,984755,1445990
python,shards,100,2,0,periodic,tcp,1,passed,,100,153274282,39563264,1095688192,20,0.1,39694336,1104265216,21,0.1,44744704,1109151744,20,0.14,316774702,6553137,,,,,,0.0,300,3876446,4339371,4486387,4617696,947.0453230826495,,,,,,0.0,62,71130,173895,410083,1041328
python,shards,100,2,0,periodic,tcp,2,passed,,100,152005984,39501824,1095827456,20,0.09000000000000001,39600128,1104261120,21,0.09000000000000001,43491328,1108697088,20,0.14,318264831,8546480,,,,,,0.0,300,4502935,5506117,5707258,5814494,942.6112180142204,,,,,,0.0,61,84421,493175,760256,781389
python,shards,100,2,0,publish,tcp,0,passed,,100,161023533,39591936,1095688192,20,0.1,39714816,1104269312,21,0.1,44638208,1109180416,20,0.15,18026503,8235614,,,,,,0.0,300,3964818,6327148,6409774,6938211,16642.16293088016,,,,,,0.0,3,637084,637084,637084,854579
python,shards,100,2,0,publish,tcp,1,passed,,100,150473518,39620608,1095688192,20,0.1,39739392,1104261120,21,0.1,45289472,1108869120,20,0.14,14752991,6486502,,,,,,0.0,300,3372585,5277257,5359358,5970456,20334.859554920084,,,,,,0.0,2,717043,717043,717043,1310917
python,shards,100,2,0,publish,tcp,2,passed,,100,154388525,39440384,1095688192,20,0.09000000000000001,39563264,1104277504,21,0.09000000000000001,41881600,1106608128,20,0.13,10610683,6325625,,,,,,0.0,300,2479979,3281343,3392657,3459939,28273.39201444431,,,,,,0.0,1,351982,351982,351982,351982
python,shards,100,2,0,reconnect,tcp,0,passed,,100,164544427,39424000,1095688192,20,0.11,39555072,1104265216,21,0.12000000000000001,46424064,1108582400,20,0.69,427370855,8627974,,,,,,0.0,,,,,,0.0,,,,,,0.0,84,49401,88768,96025,108054
python,shards,100,2,0,reconnect,tcp,1,passed,,100,163221958,39542784,1095688192,20,0.11,39669760,1104265216,21,0.11,45608960,1109000192,20,0.55,311758428,9319442,,,,,,0.0,,,,,,0.0,,,,,,0.0,61,31158,74974,96653,114500
python,shards,100,2,0,reconnect,tcp,2,passed,,100,156587592,39546880,1095688192,20,0.09,39673856,1104257024,21,0.09,45072384,1108570112,20,0.46,237221375,8704262,,,,,,0.0,,,,,,0.0,,,,,,0.0,47,28722,43348,46192,69319
python,shards,100,2,1,incoming,tcp,0,passed,,100,174949011,39989248,1095843840,20,0.12000000000000001,40091648,1104277504,21,0.12000000000000001,45727744,1108574208,20,0.16,98587723,9381741,,,,,,0.0,3,41769645,41769645,41769645,42336177,30.429752394220525,300,43399485,46809439,47235459,47341443,3042.9752394220527,19,56007,150829,150829,923353
python,shards,100,2,1,incoming,tcp,1,passed,,100,167659672,39964672,1095688192,20,0.11,40087552,1104285696,21,0.11,45670400,1108746240,20,0.16,108254335,8568671,,,,,,0.0,3,41564028,41564028,41564028,41663381,27.712516085383555,300,44562634,49091631,49817803,50021184,2771.2516085383554,21,64350,272825,272825,278162
python,shards,100,2,1,incoming,tcp,2,passed,,100,178613850,39919616,1095688192,20,0.12,40046592,1104281600,21,0.12,46215168,1108910080,20,0.18,106932940,6844777,,,,,,0.0,3,40921906,40921906,40921906,40933988,28.05496603759328,300,43169630,47652424,48136879,48336110,2805.496603759328,20,63447,259210,259210,820678
python,shards,100,2,1,periodic,tcp,0,passed,,100,166376830,39546880,1095688192,20,0.11,39673856,1104277504,21,0.11,44290048,1109110784,20,0.18,326300247,7152225,,,,,,0.0,300,5449766,7753424,7897844,7984139,919.3986298147056,,,,,,0.0,63,73901,652756,1223787,1954656
python,shards,100,2,1,periodic,tcp,1,passed,,100,148474453,39530496,1095688192,20,0.09,39661568,1104265216,21,0.09,42246144,1106501632,20,0.14,317771329,7506915,,,,,,0.0,300,3864294,5656187,5760721,5777318,944.0751025086973,,,,,,0.0,62,46935,151836,584410,645431
python,shards,100,2,1,periodic,tcp,2,passed,,100,160835774,39587840,1095688192,20,0.1,39718912,1104265216,21,0.11,44056576,1106685952,20,0.15,318643288,6600838,,,,,,0.0,300,4251785,5244663,5289561,5333007,941.4916657525829,,,,,,0.0,62,50578,168016,603222,752187
python,shards,100,2,1,publish,tcp,0,passed,,100,153502592,39555072,1095688192,20,0.09000000000000001,39686144,1104257024,21,0.09000000000000001,44531712,1107677184,20,0.14,12396800,9151641,,,,,,0.0,300,3005448,4048082,4097419,4190472,24199.79349509551,,,,,,0.0,2,40828,40828,40828,960485
python,shards,100,2,1,publish,tcp,1,passed,,100,150409548,39559168,1095688192,20,0.1,39686144,1104261120,21,0.1,42164224,1106538496,20,0.13,12671736,6246143,,,,,,0.0,300,2596209,4862591,4988506,5030487,23674.735647901754,,,,,,0.0,2,30829,30829,30829,1022527
python,shards,100,2,1,publish,tcp,2,passed,,100,150027468,39559168,1095688192,20,0.09000000000000001,39686144,1104261120,21,0.09000000000000001,42029056,1106452480,20,0.15,21526383,9518558,,,,,,0.0,300,5982014,6755163,6842528,7480507,13936.386804973228,,,,,,0.0,3,782002,782002,782002,1377207
python,shards,100,2,2,incoming,tcp,0,passed,,100,163651008,39993344,1095688192,20,0.11,40124416,1104285696,21,0.11,42934272,1107091456,20,0.15,146794263,9912754,,,,,,0.0,3,41547367,41547367,41547367,41917541,20.43676597906282,300,45718874,49038653,49563370,49678945,2043.676597906282,28,57418,182595,427531,720271
python,shards,100,2,2,incoming,tcp,1,passed,,100,173124118,40165376,1097949184,21,0.12,40267776,1106382848,22,0.12,45051904,1108930560,20,0.16,140547051,10067190,,,,,,0.0,3,41384529,41384529,41384529,41964283,21.345165043697715,300,44486025,47430551,48033583,48190515,2134.5165043697716,27,68594,340205,951657,960958
python,shards,100,2,2,incoming,tcp,2,passed,,100,174054746,40013824,1095847936,20,0.11,40116224,1104281600,21,0.11,44793856,1108070400,20,0.15,141753525,6737555,,,,,,0.0,3,41730199,41730199,41730199,41874054,21.163494876053345,300,44973596,47797715,48310259,48454608,2116.3494876053346,27,56746,313579,498838,640081
python,shards,100,2,2,periodic,tcp,0,passed,,100,158623134,39530496,1095688192,20,0.1,39657472,1104261120,21,0.1,46673920,1109352448,20,0.16,320125055,7541673,,,,,,0.0,300,4697591,5384255,5523430,5917400,937.1337710508163,,,,,,0.0,60,214044,458036,841180,1703427
python,shards,100,2,2,periodic,tcp,1,passed,,100,160159585,39489536,1095688192,20,0.1,39620608,1104265216,21,0.1,42745856,1106608128,20,0.15,314431914,6644257,,,,,,0.0,300,3342871,4391276,4513791,4566270,954.1016246843188,,,,,,0.0,61,73659,445607,654892,897855
python,shards,100,2,2,periodic,tcp,2,passed,,100,151874775,39604224,1095688192,20,0.09000000000000001,39735296,1104265216,21,0.09000000000000001,42868736,1107357696,20,0.14,317443892,9014613,,,,,,0.0,300,3166392,6444572,6559834,6940348,945.0488970189415,,,,,,0.0,62,55981,229668,613195,942018
python,shards,100,2,2,publish,tcp,0,passed,,100,162505169,39596032,1095831552,20,0.1,39690240,1104265216,21,0.11,41910272,1106558976,20,0.16,14848792,6943873,,,,,,0.0,300,3713419,5487336,5523149,6113113,20203.663705438124,,,,,,0.0,2,443416,443416,443416,1090591
python,shards,100,2,2,publish,tcp,1,passed,,100,155031156,39628800,1095688192,20,0.1,39743488,1104265216,21,0.1,43028480,1106526208,20,0.15,14071123,9160331,,,,,,0.0,300,2991662,5196732,5236622,5351302,21320.259939451884,,,,,,0.0,2,1023664,1023664,1023664,1106489
python,shards,100,2,2,publish,tcp,2,passed,,100,165312726,39489536,1095688192,20,0.11,39608320,1104261120,21,0.12000000000000001,42463232,1106620416,20,0.18000000000000002,23201788,9749226,,,,,,0.0,300,5632085,6159659,6405207,6742751,12930.03797810755,,,,,,0.0,4,499729,699665,699665,1527513
python,shards,1000,1,0,idle,tcp,0,passed,,1000,1467493342,104181760,1098776576,20,0.45999999999999996,104280064,1107210240,21,0.45999999999999996,143077376,1139851264,20,0.5700000000000001,200139544,47920759,,,,,,0.0,,,,,,0.0,,,,,,0.0,39,47385,121896,143710,151929
python,shards,1000,1,0,idle,tcp,1,passed,,1000,1438985450,104177664,1098596352,20,0.43000000000000005,104288256,1107030016,21,0.43000000000000005,153718784,1139183616,20,0.54,200916107,39541148,,,,,,0.0,,,,,,0.0,,,,,,0.0,39,80126,180638,198995,201901
python,shards,1000,1,0,idle,tcp,2,passed,,1000,1423299484,104161280,1098596352,20,0.41000000000000003,104275968,1107030016,21,0.41000000000000003,152670208,1133477888,20,0.52,200181470,44931485,,,,,,0.0,,,,,,0.0,,,,,,0.0,38,206345,417593,431351,447641
python,shards,1000,1,0,incoming,tcp,0,passed,,1000,1707082551,106307584,1100750848,21,0.73,106438656,1109389312,22,0.73,154632192,1141706752,20,1.09,184485646,46532287,,,,,,0.0,3,338638,338638,338638,600618,16.261427731889775,3000,33725807,63908128,72598171,74679836,16261.427731889775,36,42611,91718,107785,138393
python,shards,1000,1,0,incoming,tcp,1,passed,,1000,1667818173,106295296,1098862592,20,0.6799999999999999,106389504,1107296256,21,0.6799999999999999,157216768,1140531200,20,1.03,167179201,55016134,,,,,,0.0,3,348249,348249,348249,685196,17.944815994185785,3000,27149797,53712999,59204323,61709550,17944.815994185785,33,39139,82962,84954,111628
python,shards,1000,1,0,incoming,tcp,2,passed,,1000,1722674488,106115072,1099194368,20,0.75,106237952,1107771392,21,0.75,153083904,1140404224,20,1.04,132259171,42071328,,,,,,0.0,3,407988,407988,407988,637307,22.68273706327707,3000,26408127,45180953,49779613,50938636,22682.737063277073,26,30493,56643,59132,97361
python,shards,1000,1,0,periodic,tcp,0,passed,,1000,1435532259,104214528,1098596352,20,0.43000000000000005,104333312,1107030016,21,0.43000000000000005,135208960,1135820800,20,0.8200000000000001,429051488,53456702,,,,,,0.0,3000,26823233,30835423,34096678,34828538,6992.16780248062,,,,,,0.0,74,85448,2612063,7906621,16239164
python,shards,1000,1,0,periodic,tcp,1,passed,,1000,1448005667,104255488,1098493952,20,0.42000000000000004,104390656,1107111936,21,0.42000000000000004,135626752,1135755264,20,0.8200000000000001,427282147,64443112,,,,,,0.0,3000,30426182,32930660,33159982,33681396,7021.121806898242,,,,,,0.0,72,84710,3796234,10853737,10935302
python,shards,1000,1,0,periodic,tcp,2,passed,,1000,1448100706,104189952,1098805248,20,0.45000000000000007,104321024,1107238912,21,0.45000000000000007,139096064,1139822592,20,0.8400000000000001,441967123,55410059,,,,,,0.0,3000,34152745,41087947,41295472,41427676,6787.8352118965195,,,,,,0.0,76,93250,2407736,8471270,11816787
python,shards,1000,1,0,publish,tcp,0,passed,,1000,1536919215,104198144,1098493952,20,0.52,104321024,1107116032,21,0.52,134955008,1134768128,20,0.9099999999999999,134554619,50381353,,,,,,0.0,3000,30098743,38283724,38444447,40642494,22295.778638413,,,,,,0.0,18,1358187,5727196,5727196,9388365
python,shards,1000,1,0,publish,tcp,1,passed,,1000,1529139081,104280064,1098493952,20,0.51,104402944,1107111936,21,0.51,148619264,1136947200,20,0.94,169304200,53450133,,,,,,0.0,3000,39284813,49886889,50577945,50997512,17719.58403867122,,,,,,0.0,22,820413,8521541,9094735,12107522
python,shards,1000,1,0,publish,tcp,2,passed,,1000,1481499377,104181760,1098506240,20,0.48,104312832,1107111936,21,0.48,140111872,1140011008,20,0.9099999999999999,159012514,56469754,,,,,,0.0,3000,33261658,48228787,50446455,51052232,18866.43965644113,,,,,,0.0,21,837111,6270295,6270295,16428195
python,shards,1000,1,0,reconnect,tcp,0,passed,,1000,1585353626,104275968,1098493952,20,0.56,104411136,1107116032,21,0.5700000000000001,158646272,1134817280,20,1.8,792724602,57643408,,,,,,0.0,,,,,,0.0,,,,,,0.0,156,41771,119045,173112,1030558
python,shards,1000,1,0,reconnect,tcp,1,passed,,1000,1453350468,104181760,1098678272,20,0.45999999999999996,104312832,1107111936,21,0.45999999999999996,155156480,1138790400,20,1.48,615991630,38226945,,,,,,0.0,,,,,,0.0,,,,,,0.0,122,23813,49576,63602,68908
python,shards,1000,1,0,reconnect,tcp,2,passed,,1000,1437365462,104292352,1098678272,20,0.43000000000000005,104419328,1107111936,21,0.43000000000000005,164085760,1139015680,20,1.7,862769516,34990400,,,,,,0.0,,,,,,0.0,,,,,,0.0,171,34289,72920,157025,794168
python,shards,1000,1,1,incoming,tcp,0,passed,,1000,1814802202,106086400,1101287424,21,0.86,106221568,1109856256,22,0.86,146923520,1141043200,20,1.3,267135252,55804955,,,,,,0.0,3,7252635,7252635,7252635,8210263,11.230266232327885,3000,48341126,85729363,89908857,92460405,11230.266232327884,52,60433,151167,443796,995443
python,shards,1000,1,1,incoming,tcp,1,passed,,1000,1631303426,106160128,1098629120,20,0.66,106291200,1107267584,21,0.66,139939840,1134161920,20,1.0,179926627,53182155,,,,,,0.0,3,7235363,7235363,7235363,7908681,16.67346323343237,3000,34328502,70308061,77216380,78427983,16673.46323343237,35,36565,525232,529526,1215787
python,shards,1000,1,1,incoming,tcp,2,passed,,1000,1704265571,106291200,1098899456,20,0.74,106397696,1107333120,21,0.74,148996096,1139208192,20,1.11,201886300,56121735,,,,,,0.0,3,6088646,6088646,6088646,8295303,14.859849331034349,3000,38933451,64983734,69582141,71150944,14859.84933103435,39,44476,386438,748415,988666
python,shards,1000,1,1,periodic,tcp,0,passed,,1000,1552365853,104329216,1100464128,21,0.54,104464384,1109135360,22,0.54,140353536,1139990528,20,0.99,467159445,56563993,,,,,,0.0,3000,38848585,44043439,45296985,45588494,6421.790316152123,,,,,,0.0,80,94697,3752598,10982159,12466030
python,shards,1000,1,1,periodic,tcp,1,passed,,1000,1459575472,104349696,1100779520,21,0.44,104472576,1109213184,22,0.44,139603968,1140224000,20,0.8400000000000001,423729299,52984659,,,,,,0.0,3000,27655269,35992039,37254184,38339288,7079.991888878092,,,,,,0.0,72,116918,3035062,11521732,11811286
python,shards,1000,1,1,periodic,tcp,2,passed,,1000,1537899497,104116224,1098641408,20,0.51,104251392,1107238912,21,0.51,148328448,1141125120,20,0.8699999999999999,426056773,36038377,,,,,,0.0,3000,25808698,44109915,44445001,44899214,7041.315125390578,,,,,,0.0,73,109763,4746355,8516646,11110303
python,shards,1000,1,1,publish,tcp,0,passed,,1000,1513944193,104218624,1098493952,20,0.5,104349696,1107111936,21,0.5,144953344,1141817344,20,0.8999999999999999,133462126,48288328,,,,,,0.0,3000,29960325,37997901,38442247,39221749,22478.287210860104,,,,,,0.0,17,700886,7111748,7111748,7122634
python,shards,1000,1,1,publish,tcp,1,passed,,1000,1439890009,104263680,1098493952,20,0.42000000000000004,104394752,1107111936,21,0.42000000000000004,130301952,1131253760,20,0.75,103842328,38218845,,,,,,0.0,3000,23764546,27543161,28061226,28159879,28889.953237566093,,,,,,0.0,14,1952831,4038170,4038170,9238275
python,shards,1000,1,1,publish,tcp,2,passed,,1000,1492160575,104165376,1098362880,20,0.48,104300544,1107030016,21,0.48,138428416,1135640576,20,0.8200000000000001,107845090,45610040,,,,,,0.0,3000,26000574,29529543,30181803,30368376,27817.678115897535,,,,,,0.0,14,2078081,4254116,4254116,5763596
python,shards,1000,1,2,incoming,tcp,0,passed,,1000,1776448434,106250240,1098641408,20,0.83,106385408,1107283968,21,0.83,137887744,1119539200,20,1.1300000000000001,268940626,46612805,,,,,,0.0,3,41599036,41599036,41599036,41822448,11.154878474924052,3000,64647244,97841902,104678578,105659280,11154.878474924053,52,36800,188017,568080,877965
python,shards,1000,1,2,incoming,tcp,1,passed,,1000,1625147924,106262528,1098629120,20,0.64,106397696,1107271680,21,0.64,160817152,1139179520,20,0.94,251016964,54457014,,,,,,0.0,3,41096805,41096805,41096805,41172624,11.951383492949903,3000,62897194,90715555,96008066,97277286,11951.383492949903,49,50877,223590,566596,786918
python,shards,1000,1,2,incoming,tcp,2,passed,,1000,1757045021,106270720,1098764288,20,0.8,106397696,1107333120,21,0.81,156610560,1135722496,20,1.23,351420327,56730013,,,,,,0.0,3,41194667,41194667,41194667,42513777,8.536785636762554,3000,79691439,113286860,117568857,120304003,8536.785636762554,68,66858,184431,527695,674082
python,shards,1000,1,2,periodic,tcp,0,passed,,1000,1485852923,104218624,1098493952,20,0.47,104341504,1107116032,21,0.48,147304448,1142079488,20,0.8899999999999999,443602719,46190121,,,,,,0.0,3000,32365779,39503722,39856733,40739502,6762.807961959314,,,,,,0.0,78,58029,4492772,6431423,9919057
python,shards,1000,1,2,periodic,tcp,1,passed,,1000,1438708861,104308736,1098493952,20,0.43000000000000005,104435712,1107107840,21,0.43000000000000005,140238848,1140051968,20,0.8500000000000001,427217321,55023682,,,,,,0.0,3000,28927555,42043997,42671344,43018426,7022.187192639598,,,,,,0.0,76,78545,3424709,4834449,9451014
python,shards,1000,1,2,periodic,tcp,2,passed,,1000,1544917199,104157184,1098493952,20,0.51,104292352,1107111936,21,0.52,137224192,1137090560,20,0.99,466210551,56244760,,,,,,0.0,3000,40120407,46366497,46671972,47351154,6434.860801766797,,,,,,0.0,79,101922,3677765,10875064,13398264
python,shards,1000,1,2,publish,tcp,0,passed,,1000,1503668097,104308736,1098678272,20,0.48,104411136,1107111936,21,0.48,132263936,1131085824,20,0.9299999999999999,153991908,58959603,,,,,,0.0,3000,37725044,45818404,49038844,49963107,19481.54314705939,,,,,,0.0,19,1202722,8499753,8499753,21687112
python,shards,1000,1,2,publish,tcp,1,passed,,1000,1424208634,104308736,1098493952,20,0.41000000000000003,104439808,1107111936,21,0.41000000000000003,136134656,1135001600,20,0.8300000000000001,134374930,49911646,,,,,,0.0,3000,30151652,36817241,37249260,38065233,22325.593025425205,,,,,,0.0,19,654665,8354783,8354783,9631521
python,shards,1000,1,2,publish,tcp,2,passed,,1000,1498997707,104271872,1098493952,20,0.48,104407040,1107111936,21,0.48,137793536,1135996928,20,0.9299999999999999,149651242,48772252,,,,,,0.0,3000,36637073,40573147,42057410,43195191,20046.609436091418,,,,,,0.0,19,901396,8917662,8917662,12371610
python,shards,1000,2,0,idle,tcp,0,passed,,1000,1513459771,130220032,1165705216,20,0.48,130326528,1174138880,21,0.48,181874688,1201745920,20,0.6,200929214,49958291,,,,,,0.0,,,,,,0.0,,,,,,0.0,39,36943,97647,122402,179343
python,shards,1000,2,0,idle,tcp,1,passed,,1000,1448036379,130338816,1165758464,20,0.43000000000000005,130433024,1174192128,21,0.43000000000000005,170856448,1201197056,20,0.54,200555576,42210981,,,,,,0.0,,,,,,0.0,,,,,,0.0,38,169142,394904,412143,449691
python,shards,1000,2,0,idle,tcp,2,passed,,1000,1562844967,130240512,1165758464,20,0.56,130359296,1174192128,21,0.56,177078272,1201610752,20,0.71,200887829,66760105,,,,,,0.0,,,,,,0.0,,,,,,0.0,39,78523,145697,158442,162616
python,shards,1000,2,0,incoming,tcp,0,passed,,1000,1755350657,135532544,1167839232,21,0.78,135663616,1176457216,22,0.78,182624256,1204445184,20,1.12,172851344,50386701,,,,,,0.0,3,245647,245647,245647,739838,17.355954142884766,3000,29006033,53556649,58400969,61226101,17355.954142884766,34,30190,71104,91809,111857
python,shards,1000,2,0,incoming,tcp,1,passed,,1000,1671433259,134193152,1165971456,20,0.6699999999999999,134295552,1174405120,21,0.6799999999999999,183734272,1210703872,20,1.01,170711220,46870744,,,,,,0.0,3,250351,250351,250351,481705,17.57353734569995,3000,29365998,55615300,63989112,66225166,17573.537345699948,33,43436,71441,87634,90150
python,shards,1000,2,0,incoming,tcp,2,passed,,1000,1751391336,134316032,1100910592,21,0.78,134430720,1109344256,22,0.78,193118208,1134137344,20,1.11,151809920,50933765,,,,,,0.0,3,273069,273069,273069,497438,19.761554449142718,3000,27391779,48507177,54661439,56059300,19761.554449142717,30,37197,71792,79792,82326
python,shards,1000,2,0,periodic,tcp,0,passed,,1000,1470607694,130183168,1165615104,20,0.43999999999999995,130318336,1174192128,21,0.44999999999999996,168357888,1208852480,20,0.79,407225826,46633790,,,,,,0.0,3000,24385939,29690298,30236864,31226864,7366.919798451093,,,,,,0.0,74,87103,2909758,5016057,9295127
python,shards,1000,2,0,periodic,tcp,1,passed,,1000,1520430039,130195456,1165479936,20,0.51,130330624,1174138880,21,0.51,168964096,1209323520,20,0.8900000000000001,424795841,57961606,,,,,,0.0,3000,28191556,34486948,34862496,35252072,7062.216035208311,,,,,,0.0,76,72944,2724540,6204813,10197734
python,shards,1000,2,0,periodic,tcp,2,passed,,1000,1507341363,130244608,1165754368,20,0.48,130351104,1174188032,21,0.48,173699072,1208434688,20,0.8900000000000001,455939908,42616239,,,,,,0.0,3000,33932853,41639342,42293197,43128618,6579.814460988136,,,,,,0.0,77,118573,3295693,11512807,18410685
python,shards,1000,2,0,publish,tcp,0,passed,,1000,1568275913,130093056,1165475840,20,0.56,130224128,1174138880,21,0.5700000000000001,159502336,1198903296,20,1.0699999999999998,194348949,68477964,,,,,,0.0,3000,44348535,50754510,51649706,52314540,15436.152422928719,,,,,,0.0,23,1435594,7362792,11870557,19970003
python,shards,1000,2,0,publish,tcp,1,passed,,1000,1562778991,132014080,1100746752,21,0.53,132136960,1109180416,22,0.53,165707776,1130336256,20,0.9299999999999999,133024395,53775442,,,,,,0.0,3000,30090960,38444014,39202973,39479131,22552.254419198824,,,,,,0.0,16,1172606,4998290,4998290,12710367
python,shards,1000,2,0,publish,tcp,2,passed,,1000,1546348371,130203648,1100734464,21,0.54,130334720,1109352448,22,0.54,162942976,1135841280,20,1.01,181197875,62851494,,,,,,0.0,3000,43500403,52389529,53531600,54468136,16556.48555481128,,,,,,0.0,24,1149412,4032513,9241328,11594706
python,shards,1000,2,0,reconnect,tcp,0,passed,,1000,1521820199,130232320,1173749760,20,0.5,130326528,1182183424,21,0.5,186044416,1185333248,20,1.59,672485913,53089464,,,,,,0.0,,,,,,0.0,,,,,,0.0,133,27589,65475,74546,712718
python,shards,1000,2,0,reconnect,tcp,1,passed,,1000,1555026882,130080768,1165475840,20,0.53,130215936,1174142976,21,0.53,181477376,1205690368,20,1.56,615328049,54133864,,,,,,0.0,,,,,,0.0,,,,,,0.0,122,25424,54164,82166,292950
python,shards,1000,2,0,reconnect,tcp,2,passed,,1000,1552921529,130199552,1165705216,20,0.54,130310144,1174138880,21,0.54,181604352,1206112256,20,1.74,776148841,54180262,,,,,,0.0,,,,,,0.0,,,,,,0.0,153,38490,88835,193038,331696
python,shards,1000,2,1,incoming,tcp,0,passed,,1000,1659595664,134189056,1165737984,20,0.67,134316032,1174384640,21,0.67,181014528,1201303552,20,1.01,178688068,46385387,,,,,,0.0,3,7409518,7409518,7409518,8281252,16.78903372551994,3000,35540278,56481904,59502696,60779420,16789.033725519937,34,49491,581907,901937,997234
python,shards,1000,2,1,incoming,tcp,1,passed,,1000,1750839948,134205440,1173889024,20,0.78,134303744,1182322688,21,0.78,174968832,1185472512,20,1.06,172638890,40090323,,,,,,0.0,3,7093338,7093338,7093338,40779641,17.37731284069308,3000,38661121,67087631,70237703,71077048,17377.312840693077,34,29952,127885,433148,453801
python,shards,1000,2,1,incoming,tcp,2,passed,,1000,1651718739,134238208,1173766144,20,0.66,134340608,1182347264,21,0.66,185593856,1185497088,20,0.9299999999999999,161779054,49975912,,,,,,0.0,3,7455799,7455799,7455799,41693676,18.543809756731548,3000,34505055,71432138,75861977,76864484,18543.80975673155,31,23377,288460,494188,881882
python,shards,1000,2,1,periodic,tcp,0,passed,,1000,1500762068,130293760,1100595200,21,0.47,130424832,1109164032,22,0.47,164323328,1135996928,20,0.8999999999999999,446991848,60307782,,,,,,0.0,3000,34794280,41633230,42270803,42458660,6711.531795094393,,,,,,0.0,78,60839,5257133,9011834,9450600
python,shards,1000,2,1,periodic,tcp,1,passed,,1000,1532227006,130269184,1100468224,21,0.52,130396160,1109131264,22,0.52,168955904,1135259648,20,0.8800000000000001,419403524,37624424,,,,,,0.0,3000,29618541,33808669,34577361,35278765,7153.015719534107,,,,,,0.0,74,74129,2893544,9531120,9886563
python,shards,1000,2,1,periodic,tcp,2,passed,,1000,1527774570,130183168,1165750272,20,0.51,130285568,1174183936,21,0.51,171524096,1204092928,20,0.8599999999999999,407910167,40923840,,,,,,0.0,3000,23451098,29015028,29813334,30452898,7354.560495669136,,,,,,0.0,72,73931,2506004,9299329,9667925
python,shards,1000,2,1,publish,tcp,0,passed,,1000,1499533686,130117632,1165701120,20,0.48,130236416,1174134784,21,0.48,163303424,1204072448,20,0.8600000000000001,118555949,56310822,,,,,,0.0,3000,26136663,29798899,30604693,30884645,25304.508338084324,,,,,,0.0,14,706583,7904897,7904897,8480145
python,shards,1000,2,1,publish,tcp,1,passed,,1000,1488374195,130322432,1100779520,21,0.47,130437120,1109213184,22,0.47,171290624,1142554624,20,0.8600000000000001,127937170,55157550,,,,,,0.0,3000,28466418,33353003,34229380,35100858,23449.010166474684,,,,,,0.0,15,2637288,7247023,7247023,10804161
python,shards,1000,2,1,publish,tcp,2,passed,,1000,1509557049,130322432,1100697600,21,0.5,130412544,1109131264,22,0.5,166084608,1136173056,20,0.8699999999999999,115094110,46532021,,,,,,0.0,3000,25741035,31628330,33690757,34946533,26065.625773551747,,,,,,0.0,14,1111275,4674338,4674338,11251782
python,shards,1000,2,2,incoming,tcp,0,passed,,1000,1680080501,134184960,1165737984,20,0.71,134320128,1174384640,21,0.71,185602048,1208061952,20,1.04,281384231,47799607,,,,,,0.0,3,41701544,41701544,41701544,42377605,10.661578260225962,3000,67995825,91955133,97046860,99449085,10661.57826022596,55,50611,248529,702981,1020705
python,shards,1000,2,2,incoming,tcp,1,passed,,1000,1687054934,134123520,1165737984,20,0.68,134254592,1174368256,21,0.68,168673280,1196036096,20,0.94,231205081,40785856,,,,,,0.0,3,41161748,41161748,41161748,41659652,12.975493388919078,3000,59745702,75373181,76709469,77956432,12975.493388919078,45,58269,183955,441728,581837
python,shards,1000,2,2,incoming,tcp,2,passed,,1000,1676809081,134144000,1165737984,20,0.7,134266880,1174364160,21,0.7,161386496,1183211520,20,0.98,231743276,43562345,,,,,,0.0,3,41693553,41693553,41693553,41704658,12.94535941573554,3000,59882973,75527497,78617203,79659772,12945.35941573554,45,52452,126586,584126,1049795
python,shards,1000,2,2,periodic,tcp,0,passed,,1000,1516414410,130289664,1100468224,21,0.51,130424832,1109127168,22,0.51,175599616,1139703808,20,0.97,461792826,46647921,,,,,,0.0,3000,37477900,45832694,46638107,46913486,6496.419673700171,,,,,,0.0,80,161638,1902527,17162115,17604496
python,shards,1000,2,2,periodic,tcp,1,passed,,1000,1547619630,130035712,1165479936,20,0.53,130170880,1174138880,21,0.53,141705216,1180037120,20,1.02,460492300,59422531,,,,,,0.0,3000,41450455,45377890,45727389,45883902,6514.766913583571,,,,,,0.0,82,76437,2377483,6888305,10591588
python,shards,1000,2,2,periodic,tcp,2,passed,,1000,1526937578,130244608,1165606912,20,0.52,130379776,1174183936,21,0.52,169861120,1208557568,20,0.9299999999999999,434201722,41220341,,,,,,0.0,3000,28043901,34549368,35848814,36129110,6909.231004846176,,,,,,0.0,75,143349,3195099,9687404,11640758
python,shards,1000,2,2,publish,tcp,0,passed,,1000,1495061085,130281472,1165615104,20,0.49,130416640,1174196224,21,0.49,164737024,1202253824,20,0.9000000000000001,131465022,48140606,,,,,,0.0,3000,32800157,40381754,41191218,41436134,22819.758095046756,,,,,,0.0,18,514449,7249672,7249672,8001740
python,shards,1000,2,2,publish,tcp,1,passed,,1000,1495788659,130199552,1165475840,20,0.49,130330624,1174134784,21,0.49,166805504,1202286592,20,0.97,162352243,56695817,,,,,,0.0,3000,38112806,47915931,48349802,48934633,18478.340333123702,,,,,,0.0,22,1473307,3990542,5236412,12264420
python,shards,1000,2,2,publish,tcp,2,passed,,1000,1443000793,130191360,1165701120,20,0.43000000000000005,130306048,1174134784,21,0.43000000000000005,169893888,1207013376,20,0.8200000000000001,127296953,42873130,,,,,,0.0,3000,30653121,36808325,37571867,37806519,23566.942721716205,,,,,,0.0,18,905046,5654800,5654800,6502486
python,shared,1,1,0,idle,tcp,0,passed,,1,2645144,29466624,1096740864,21,0.05,29540352,1106223104,22,0.05,29622272,1106223104,19,0.06999999999999999,200751200,3711014,,,,,,0.0,,,,,,0.0,,,,,,0.0,38,141706,369827,374659,514231
python,shared,1,1,0,idle,tcp,1,passed,,1,2446860,29429760,1096740864,21,0.05,29515776,1106223104,22,0.05,29601792,1106223104,19,0.06,201032969,3038734,,,,,,0.0,,,,,,0.0,,,,,,0.0,39,38694,118410,121545,144872
python,shared,1,1,0,idle,tcp,2,passed,,1,2659796,29450240,1097789440,21,0.060000000000000005,29515776,1106223104,22,0.060000000000000005,29601792,1106223104,19,0.06999999999999999,200868325,3180324,,,,,,0.0,,,,,,0.0,,,,,,0.0,38,183256,262678,273928,387987
python,shared,1,1,0,incoming,tcp,0,passed,,1,2934839,29446144,1097789440,21,0.060000000000000005,29507584,1106223104,22,0.060000000000000005,29691904,1106223104,19,0.060000000000000005,936239,2804388,,,,,,0.0,3,198931,198931,198931,266981,3204.310010584904,3,263418,263418,263418,483425,3204.310010584904,,,,,
python,shared,1,1,0,incoming,tcp,1,passed,,1,3233406,29396992,1096740864,21,0.05,29483008,1106223104,22,0.05,29577216,1106223104,19,0.06,2134456,3205023,,,,,,0.0,3,528144,528144,528144,544469,1405.5103501782187,3,692455,692455,692455,746915,1405.5103501782187,,,,,
python,shared,1,1,0,incoming,tcp,2,passed,,1,3620700,29495296,1096740864,21,0.05,29581312,1106223104,22,0.060000000000000005,29667328,1106223104,19,0.06999999999999999,1013836,2776512,,,,,,0.0,3,188883,188883,188883,321914,2959.0584670498974,3,318552,318552,318552,477088,2959.0584670498974,,,,,
python,shared,1,1,0,periodic,tcp,0,passed,,1,2351729,29368320,1096740864,21,0.060000000000000005,29454336,1106223104,22,0.060000000000000005,29589504,1106223104,19,0.06999999999999999,303873934,3828157,,,,,,0.0,3,556706,556706,556706,866505,9.87251509370988,,,,,,0.0,58,155317,316845,801234,881964
python,shared,1,1,0,periodic,tcp,1,passed,,1,2604146,29376512,1097789440,21,0.060000000000000005,29450240,1106223104,22,0.060000000000000005,29581312,1106223104,19,0.06999999999999999,303737261,2462690,,,,,,0.0,3,507570,507570,507570,841397,9.876957440529498,,,,,,0.0,59,91027,417096,459684,606220
python,shared,1,1,0,periodic,tcp,2,passed,,1,2908031,29450240,1096740864,21,0.05,29540352,1106223104,22,0.05,29659136,1106223104,19,0.06,304061361,2662441,,,,,,0.0,3,590467,590467,590467,842373,9.866429559262546,,,,,,0.0,59,57063,163821,617221,985954
python,shared,1,1,0,publish,tcp,0,passed,,1,2579733,29376512,1097789440,21,0.06,29450240,1106223104,22,0.06,29556736,1106223104,19,0.06,1276601,2702461,,,,,,0.0,3,319225,319225,319225,577735,2349.9903258731583,,,,,,0.0,,,,,
python,shared,1,1,0,publish,tcp,1,passed,,1,2333067,29429760,1097789440,21,0.05,29495296,1106223104,22,0.060000000000000005,29630464,1106223104,19,0.060000000000000005,1657184,2400067,,,,,,0.0,3,490732,490732,490732,622316,1810.299882209821,,,,,,0.0,,,,,
python,shared,1,1,0,publish,tcp,2,passed,,1,1558927,29409280,1096740864,21,0.05,29491200,1106223104,22,0.05,29597696,1106223104,19,0.05,1775909,2596186,,,,,,0.0,3,544964,544964,544964,798363,1689.275745547773,,,,,,0.0,,,,,
python,shared,1,1,0,reconnect,tcp,0,passed,,1,2856526,29388800,1096740864,21,0.060000000000000005,29474816,1106223104,22,0.06999999999999999,29667328,1106223104,19,0.08,6388867,2507859,,,,,,0.0,,,,,,0.0,,,,,,0.0,1,58767,58767,58767,58767
python,shared,1,1,0,reconnect,tcp,1,passed,,1,2875368,29343744,1097789440,21,0.05,29413376,1106223104,22,0.05,29589504,1106223104,19,0.06999999999999999,5515704,2666695,,,,,,0.0,,,,,,0.0,,,,,,0.0,1,26693,26693,26693,26693
python,shared,1,1,0,reconnect,tcp,2,passed,,1,2384931,29351936,1097789440,21,0.05,29425664,1106223104,22,0.05,29671424,1106223104,19,0.06999999999999999,5109069,2403288,,,,,,0.0,,,,,,0.0,,,,,,0.0,1,52124,52124,52124,52124
python,shared,1,1,1,incoming,tcp,0,passed,,1,2970290,29372416,1097789440,21,0.05,29437952,1106223104,22,0.05,29577216,1106223104,19,0.06999999999999999,84293007,3040916,,,,,,0.0,3,41394802,41394802,41394802,41736823,35.590140947279295,3,41538120,41538120,41538120,41929330,35.590140947279295,16,52107,134002,134002,936451
python,shared,1,1,1,incoming,tcp,1,passed,,1,3252088,29478912,1096740864,21,0.05,29556736,1106223104,22,0.05,29691904,1106223104,19,0.06,84121818,2498705,,,,,,0.0,3,41152087,41152087,41152087,41666171,35.662567349650004,3,41392581,41392581,41392581,41899560,35.662567349650004,16,49765,915467,915467,1039285
python,shared,1,1,1,incoming,tcp,2,passed,,1,2676411,29417472,1097789440,21,0.05,29491200,1106223104,22,0.05,29667328,1106223104,19,0.06,82105545,2786270,,,,,,0.0,3,40550983,40550983,40550983,40781954,36.53833611359622,3,40641942,40641942,40641942,40929876,36.53833611359622,16,65951,443655,443655,702977
python,shared,1,1,1,periodic,tcp,0,passed,,1,2639874,29405184,1097789440,21,0.060000000000000005,29478912,1106223104,22,0.060000000000000005,29585408,1106223104,19,0.06999999999999999,304617312,2941309,,,,,,0.0,3,692367,692367,692367,910499,9.848422534829536,,,,,,0.0,59,74500,197461,311753,706923
python,shared,1,1,1,periodic,tcp,1,passed,,1,2546511,29351936,1096740864,21,0.05,29433856,1106223104,22,0.05,29564928,1106223104,19,0.06999999999999999,305173514,3951017,,,,,,0.0,3,841722,841722,841722,930572,9.830473033777105,,,,,,0.0,59,169243,284367,306363,959935
python,shared,1,1,1,periodic,tcp,2,passed,,1,2479139,29446144,1097789440,21,0.05,29511680,1106223104,22,0.05,29659136,1106223104,19,0.06,304680852,2821217,,,,,,0.0,3,756675,756675,756675,832533,9.846368684829594,,,,,,0.0,59,49531,312564,814593,889410
python,shared,1,1,1,publish,tcp,0,passed,,1,2797587,29327360,1097789440,21,0.06,29409280,1106223104,22,0.06,29499392,1106223104,19,0.06,2226212,3586676,,,,,,0.0,3,679153,679153,679153,777584,1347.5805538735754,,,,,,0.0,,,,,
python,shared,1,1,1,publish,tcp,1,passed,,1,2353071,29396992,1097789440,21,0.05,29470720,1106223104,22,0.060000000000000005,29569024,1106223104,19,0.060000000000000005,986247,2734533,,,,,,0.0,3,315282,315282,315282,377492,3041.8343477850885,,,,,,0.0,,,,,
python,shared,1,1,1,publish,tcp,2,passed,,1,2724379,29413376,1097789440,21,0.060000000000000005,29487104,1106223104,22,0.060000000000000005,29564928,1106223104,19,0.060000000000000005,1411703,2638871,,,,,,0.0,3,489995,489995,489995,610501,2125.09288426815,,,,,,0.0,,,,,
python,shared,1,1,2,incoming,tcp,0,passed,,1,3365051,29454336,1097789440,21,0.05,29515776,1106223104,22,0.05,29622272,1106223104,19,0.06,123818082,2580816,,,,,,0.0,3,40956245,40956245,40956245,41461217,24.22909442257392,3,41148873,41148873,41148873,41680647,24.22909442257392,24,57502,298254,344036,732786
python,shared,1,1,2,incoming,tcp,1,passed,,1,2979298,29356032,1096740864,21,0.05,29437952,1106223104,22,0.05,29593600,1106223104,19,0.06,126716932,3586507,,,,,,0.0,3,41717634,41717634,41717634,42687201,23.674815611855248,3,41957062,41957062,41957062,42976838,23.674815611855248,24,79817,558950,720545,963081
python,shared,1,1,2,incoming,tcp,2,passed,,1,3624854,29425664,1096740864,21,0.06,29503488,1106223104,22,0.06,29597696,1106223104,19,0.06,125668233,3420411,,,,,,0.0,3,41485607,41485607,41485607,41871824,23.8723814951707,3,41870210,41870210,41870210,42085418,23.8723814951707,24,48417,287300,358369,510234
python,shared,1,1,2,periodic,tcp,0,passed,,1,2924643,29491200,1097789440,21,0.06,29540352,1106223104,22,0.06,29659136,1106223104,19,0.06999999999999999,303762560,2815436,,,,,,0.0,3,577661,577661,577661,650737,9.876134833733294,,,,,,0.0,59,42324,134036,674229,969473
python,shared,1,1,2,periodic,tcp,1,passed,,1,2771275,29433856,1097789440,21,0.05,29519872,1106223104,22,0.05,29659136,1106223104,19,0.06,303533988,3195823,,,,,,0.0,3,728790,728790,728790,846701,9.883571918147103,,,,,,0.0,60,8072,98702,670026,883322
python,shared,1,1,2,periodic,tcp,2,passed,,1,2786267,29405184,1097789440,21,0.05,29474816,1106223104,22,0.05,29618176,1106223104,19,0.06,304066780,2668014,,,,,,0.0,3,616480,616480,616480,697288,9.866253722290873,,,,,,0.0,59,49147,143190,702781,766974
python,shared,1,1,2,publish,tcp,0,passed,,1,2714422,29302784,1096740864,21,0.060000000000000005,29376512,1106223104,22,0.060000000000000005,29466624,1106223104,19,0.060000000000000005,2981082,2633520,,,,,,0.0,3,876182,876182,876182,1207040,1006.3460179894414,,,,,,0.0,,,,,
python,shared,1,1,2,publish,tcp,1,passed,,1,2894372,29450240,1097789440,21,0.05,29519872,1106223104,22,0.05,29622272,1106223104,19,0.05,1723559,2638076,,,,,,0.0,3,491029,491029,491029,706248,1740.5844534477787,,,,,,0.0,,,,,
python,shared,1,1,2,publish,tcp,2,passed,,1,3494913,29413376,1097789440,21,0.060000000000000005,29487104,1106223104,22,0.060000000000000005,29585408,1106223104,19,0.060000000000000005,2230398,3140696,,,,,,0.0,3,740972,740972,740972,814806,1345.051421315837,,,,,,0.0,,,,,
python,shared,1,2,0,idle,tcp,0,passed,,1,2779237,29609984,1097789440,21,0.05,29691904,1106223104,22,0.05,29790208,1106223104,19,0.06,200890575,2761688,,,,,,0.0,,,,,,0.0,,,,,,0.0,39,70952,162738,163878,164293
python,shared,1,2,0,idle,tcp,1,passed,,1,2958941,29626368,1097805824,21,0.05,29696000,1106223104,22,0.05,29761536,1106223104,19,0.060000000000000005,200099010,3103373,,,,,,0.0,,,,,,0.0,,,,,,0.0,39,46524,151634,157826,170093
python,shared,1,2,0,idle,tcp,2,passed,,1,2502776,29564928,1097789440,21,0.05,29638656,1106223104,22,0.05,29704192,1106223104,19,0.060000000000000005,200190059,2859156,,,,,,0.0,,,,,,0.0,,,,,,0.0,39,71215,165690,181436,186013
python,shared,1,2,0,incoming,tcp,0,passed,,1,3398064,29642752,1096740864,21,0.06,29728768,1106223104,22,0.06,29835264,1106223104,19,0.06,1363820,4209441,,,,,,0.0,3,303729,303729,303729,423920,2199.7037732252056,3,414103,414103,414103,616404,2199.7037732252056,,,,,
python,shared,1,2,0,incoming,tcp,1,passed,,1,3277566,29683712,1096740864,21,0.06,29761536,1106223104,22,0.06,29855744,1106223104,19,0.06,1303924,2477184,,,,,,0.0,3,250771,250771,250771,448759,2300.747589583442,3,318445,318445,318445,683914,2300.747589583442,,,,,
python,shared,1,2,0,incoming,tcp,2,passed,,1,3130308,29569024,1097789440,21,0.05,29646848,1106223104,22,0.05,29794304,1106223104,19,0.060000000000000005,1980506,2716167,,,,,,0.0,3,394033,394033,394033,671526,1514.764408691516,3,594806,594806,594806,983856,1514.764408691516,,,,,
python,shared,1,2,0,periodic,tcp,0,passed,,1,2877019,29614080,1097789440,21,0.06,29683712,1106223104,22,0.06,29761536,1106223104,19,0.07,304423798,3673944,,,,,,0.0,3,525623,525623,525623,819780,9.854682911485126,,,,,,0.0,59,94677,286390,808973,1057731
python,shared,1,2,0,periodic,tcp,1,passed,,1,3157227,29655040,1097789440,21,0.06,29728768,1106223104,22,0.06,29818880,1106223104,19,0.06,303104489,3088442,,,,,,0.0,3,619769,619769,619769,672545,9.897576937568878,,,,,,0.0,58,104297,407461,707776,825256
python,shared,1,2,0,periodic,tcp,2,passed,,1,3237066,29650944,1096740864,21,0.05,29732864,1106223104,22,0.05,29863936,1106223104,19,0.06,302747321,3331697,,,,,,0.0,3,568087,568087,568087,672087,9.90925366437842,,,,,,0.0,58,95339,244157,510043,1115657
python,shared,1,2,0,publish,tcp,0,passed,,1,3253977,29659136,1096740864,21,0.05,29749248,1106223104,22,0.060000000000000005,29843456,1106223104,19,0.060000000000000005,1267158,2814162,,,,,,0.0,3,359747,359747,359747,639559,2367.502710790604,,,,,,0.0,,,,,
python,shared,1,2,0,publish,tcp,1,passed,,1,2359905,29573120,1097789440,21,0.05,29650944,1106223104,22,0.060000000000000005,29782016,1106223104,19,0.060000000000000005,1420402,2553741,,,,,,0.0,3,473587,473587,473587,530537,2112.0781299941846,,,,,,0.0,,,,,
python,shared,1,2,0,publish,tcp,2,passed,,1,2632148,29646848,1097789440,21,0.05,29728768,1106223104,22,0.05,29802496,1106223104,19,0.06,2271232,2594527,,,,,,0.0,3,751806,751806,751806,788642,1320.8690261496845,,,,,,0.0,,,,,
python,shared,1,2,0,reconnect,tcp,0,passed,,1,2555494,29650944,1097789440,21,0.05,29724672,1106223104,22,0.05,29978624,1106223104,19,0.06999999999999999,5609149,3244666,,,,,,0.0,,,,,,0.0,,,,,,0.0,1,16776,16776,16776,16776
python,shared,1,2,0,reconnect,tcp,1,passed,,1,2892825,29646848,1097789440,21,0.05,29708288,1106223104,22,0.060000000000000005,29949952,1106223104,19,0.07,4900761,2583697,,,,,,0.0,,,,,,0.0,,,,,,0.0,,,,,
python,shared,1,2,0,reconnect,tcp,2,passed,,1,2716700,29650944,1097789440,21,0.060000000000000005,29724672,1106223104,22,0.060000000000000005,29954048,1106223104,19,0.06999999999999999,6361967,2397302,,,,,,0.0,,,,,,0.0,,,,,,0.0,1,120559,120559,120559,120559
python,shared,1,2,1,incoming,tcp,0,passed,,1,3604464,29696000,1097789440,21,0.05,29761536,1106223104,22,0.05,29880320,1106223104,19,0.05,84840740,3788976,,,,,,0.0,3,41509597,41509597,41509597,41630873,35.360370501247395,3,41632517,41632517,41632517,41919657,35.360370501247395,16,47879,409718,409718,709100
python,shared,1,2,1,incoming,tcp,1,passed,,1,3341881,29720576,1096740864,21,0.05,29806592,1106223104,22,0.05,29933568,1106223104,19,0.060000000000000005,85223490,3207460,,,,,,0.0,3,41516453,41516453,41516453,41582494,35.20156238614495,3,41906952,41906952,41906952,42160129,35.20156238614495,16,185159,425580,425580,571966
python,shared,1,2,1,incoming,tcp,2,passed,,1,3297434,29614080,1097789440,21,0.05,29687808,1106223104,22,0.06,29851648,1106223104,19,0.06,84685900,2675967,,,,,,0.0,3,41479653,41479653,41479653,41581920,35.425023528119794,3,41724757,41724757,41724757,41734531,35.425023528119794,16,154439,463966,463966,664689
python,shared,1,2,1,periodic,tcp,0,passed,,1,2319351,29659136,1097789440,21,0.05,29736960,1106223104,22,0.05,29822976,1106223104,19,0.060000000000000005,303979749,2840923,,,,,,0.0,3,452071,452071,452071,603477,9.86907848259326,,,,,,0.0,59,64025,232261,584051,757368
python,shared,1,2,1,periodic,tcp,1,passed,,1,3158391,29589504,1096740864,21,0.05,29679616,1106223104,22,0.05,29769728,1106223104,19,0.06,304428121,2794967,,,,,,0.0,3,594040,594040,594040,626742,9.854542971081177,,,,,,0.0,60,40884,111436,650554,669794
python,shared,1,2,1,periodic,tcp,2,passed,,1,2696682,29696000,1096740864,21,0.060000000000000005,29782016,1106223104,22,0.060000000000000005,29859840,1106223104,19,0.06999999999999999,303478372,2880197,,,,,,0.0,3,548622,548622,548622,597778,9.885383199564547,,,,,,0.0,59,52796,143200,636418,780400
python,shared,1,2,1,publish,tcp,0,passed,,1,2771251,29663232,1097789440,21,0.060000000000000005,29736960,1106223104,22,0.060000000000000005,29798400,1106223104,19,0.060000000000000005,1647638,3403094,,,,,,0.0,3,436620,436620,436620,745861,1820.7883042270207,,,,,,0.0,,,,,
python,shared,1,2,1,publish,tcp,1,passed,,1,2574059,29659136,1096740864,21,0.05,29732864,1106223104,22,0.05,29831168,1106223104,19,0.06,1728992,4175954,,,,,,0.0,3,471626,471626,471626,736526,1735.1150265588274,,,,,,0.0,,,,,
python,shared,1,2,1,publish,tcp,2,passed,,1,3064382,29683712,1096740864,21,0.06,29753344,1106223104,22,0.06,29843456,1106223104,19,0.06,1785430,2797323,,,,,,0.0,3,477305,477305,477305,768832,1680.2674985857748,,,,,,0.0,,,,,
python,shared,1,2,2,incoming,tcp,0,passed,,1,2578510,29659136,1096740864,21,0.05,29741056,1106223104,22,0.05,29892608,1106223104,19,0.06,124054736,2823947,,,,,,0.0,3,41041547,41041547,41041547,41694382,24.182873598634718,3,41202474,41202474,41202474,41847616,24.182873598634718,24,49793,440791,615277,827362
python,shared,1,2,2,incoming,tcp,1,passed,,1,2893025,29630464,1096740864,21,0.05,29712384,1106223104,22,0.05,29798400,1106223104,19,0.06,124937117,3440486,,,,,,0.0,3,41749415,41749415,41749415,41847659,24.012079612818344,3,41971955,41971955,41971955,42202349,24.012079612818344,24,54774,568695,617191,836686
python,shared,1,2,2,incoming,tcp,2,passed,,1,3445556,29659136,1096740864,21,0.05,29728768,1106223104,22,0.05,29831168,1106223104,19,0.06999999999999999,127505049,3810089,,,,,,0.0,3,42364548,42364548,42364548,42684077,23.528480036896422,3,42717517,42717517,42717517,43041866,23.528480036896422,24,62883,201954,562874,953409
python,shared,1,2,2,periodic,tcp,0,passed,,1,2861817,29605888,1096740864,21,0.05,29691904,1106223104,22,0.05,29790208,1106223104,19,0.07,303747474,3300274,,,,,,0.0,3,759831,759831,759831,811828,9.876625344380642,,,,,,0.0,58,105629,280810,742961,1195753
python,shared,1,2,2,periodic,tcp,1,passed,,1,2781025,29691904,1097789440,21,0.060000000000000005,29761536,1106223104,22,0.060000000000000005,29839360,1106223104,19,0.06999999999999999,303785836,2960501,,,,,,0.0,3,680043,680043,680043,900040,9.87537812658257,,,,,,0.0,59,85982,170524,387290,760282
python,shared,1,2,2,periodic,tcp,2,passed,,1,2895902,29622272,1097789440,21,0.05,29704192,1106223104,22,0.05,29810688,1106223104,19,0.06,303542480,2974021,,,,,,0.0,3,976573,976573,976573,1010093,9.88329541222698,,,,,,0.0,59,53225,114476,376205,973895
python,shared,1,2,2,publish,tcp,0,passed,,1,2446452,29638656,1096740864,21,0.060000000000000005,29720576,1106223104,22,0.060000000000000005,29851648,1106223104,19,0.060000000000000005,1239292,3228546,,,,,,0.0,3,339315,339315,339315,453908,2420.7370014492144,,,,,,0.0,,,,,
python,shared,1,2,2,publish,tcp,1,passed,,1,2606502,29696000,1096740864,21,0.05,29777920,1106223104,22,0.05,29863936,1106223104,19,0.06,2040405,3646165,,,,,,0.0,3,629213,629213,629213,669256,1470.2963382269697,,,,,,0.0,,,,,
python,shared,1,2,2,publish,tcp,2,passed,,1,2656196,29634560,1096740864,21,0.05,29712384,1106223104,22,0.05,29786112,1106223104,19,0.06,1890611,3276099,,,,,,0.0,3,612832,612832,612832,666605,1586.7886096082166,,,,,,0.0,,,,,
python,shared,10,1,0,idle,tcp,0,passed,,10,15632549,30220288,1097789440,21,0.05,30302208,1106223104,22,0.05,30765056,1108324352,20,0.06,200230711,4533174,,,,,,0.0,,,,,,0.0,,,,,,0.0,39,106081,190285,222685,236359
python,shared,10,1,0,idle,tcp,1,passed,,10,16545191,30224384,1097789440,21,0.060000000000000005,30306304,1106223104,22,0.060000000000000005,30724096,1108324352,20,0.06999999999999999,200148883,3272436,,,,,,0.0,,,,,,0.0,,,,,,0.0,39,78831,199042,202610,243602
python,shared,10,1,0,idle,tcp,2,passed,,10,15596049,30167040,1097789440,21,0.06,30244864,1106223104,22,0.06,30732288,1108324352,20,0.06,200847886,3401727,,,,,,0.0,,,,,,0.0,,,,,,0.0,39,80333,320819,396196,408613
python,shared,10,1,0,incoming,tcp,0,passed,,10,17111034,30232576,1097789440,21,0.05,30314496,1106223104,22,0.05,30838784,1108324352,20,0.06999999999999999,3128173,3429518,,,,,,0.0,3,196250,196250,196250,617631,959.026243113792,30,594591,1652969,1698591,1742994,9590.26243113792,,,,,
python,shared,10,1,0,incoming,tcp,1,passed,,10,17231806,30097408,1097789440,21,0.06,30171136,1106223104,22,0.06,30662656,1108324352,20,0.08,3241177,3222299,,,,,,0.0,3,142229,142229,142229,452353,925.5896854753689,30,660837,1183279,1199695,1487901,9255.89685475369,,,,,
python,shared,10,1,0,incoming,tcp,2,passed,,10,18276908,30187520,1096740864,21,0.06999999999999999,30281728,1106223104,22,0.06999999999999999,30773248,1108324352,20,0.08,4519735,3241951,,,,,,0.0,3,332756,332756,332756,634570,663.7557290416363,30,1000629,1969266,2086991,2163352,6637.557290416363,,,,,
python,shared,10,1,0,periodic,tcp,0,passed,,10,16585073,30138368,1097789440,21,0.060000000000000005,30224384,1106223104,22,0.060000000000000005,30830592,1108475904,20,0.06999999999999999,304981938,3050694,,,,,,0.0,30,630207,971342,1008421,1083636,98.36648096845657,,,,,,0.0,59,77675,342647,388273,502261
python,shared,10,1,0,periodic,tcp,1,passed,,10,16314884,30203904,1097789440,21,0.060000000000000005,30289920,1106223104,22,0.060000000000000005,30916608,1108324352,20,0.06999999999999999,305039928,3265839,,,,,,0.0,30,837078,952689,967273,1047253,98.34778088460602,,,,,,0.0,59,64585,236459,249163,272883
python,shared,10,1,0,periodic,tcp,2,passed,,10,16818429,30175232,1097789440,21,0.060000000000000005,30261248,1106223104,22,0.060000000000000005,30859264,1108324352,20,0.06999999999999999,304865150,3262898,,,,,,0.0,30,609272,1099403,1100133,1114841,98.4041632833402,,,,,,0.0,59,98759,450609,645600,831208
python,shared,10,1,0,publish,tcp,0,passed,,10,15596437,30253056,1097789440,21,0.05,30330880,1106223104,22,0.05,31010816,1108324352,20,0.06999999999999999,2432510,3825556,,,,,,0.0,30,580560,754689,946747,971787,12332.94004957842,,,,,,0.0,,,,,
python,shared,10,1,0,publish,tcp,1,passed,,10,17385791,30171136,1097789440,21,0.060000000000000005,30257152,1106223104,22,0.060000000000000005,30904320,1108459520,20,0.06999999999999999,2846719,3282944,,,,,,0.0,30,630369,1158414,1162863,1194444,10538.447946565853,,,,,,0.0,,,,,
python,shared,10,1,0,publish,tcp,2,passed,,10,17277108,30130176,1097789440,21,0.05,30216192,1106223104,22,0.06,30887936,1108471808,20,0.06,2687691,3337971,,,,,,0.0,30,699391,791029,791120,797319,11161.997417113798,,,,,,0.0,,,,,
python,shared,10,1,0,reconnect,tcp,0,passed,,10,16487422,30158848,1097789440,21,0.05,30240768,1106223104,22,0.05,31232000,1108324352,20,0.13,38967076,5220547,,,,,,0.0,,,,,,0.0,,,,,,0.0,7,27959,54430,54430,64033
python,shared,10,1,0,reconnect,tcp,1,passed,,10,14952309,30175232,1097789440,21,0.060000000000000005,30257152,1106223104,22,0.060000000000000005,31424512,1108324352,20,0.13,41311817,4279511,,,,,,0.0,,,,,,0.0,,,,,,0.0,8,35560,55009,55009,64687
python,shared,10,1,0,reconnect,tcp,2,passed,,10,15886137,30142464,1097789440,21,0.060000000000000005,30216192,1106223104,22,0.060000000000000005,31301632,1108324352,20,0.13,37074561,3892484,,,,,,0.0,,,,,,0.0,,,,,,0.0,7,35812,46069,46069,48626
python,shared,10,1,1,incoming,tcp,0,passed,,10,17907863,30199808,1097789440,21,0.06999999999999999,30289920,1106223104,22,0.06999999999999999,30756864,1108324352,20,0.08,86685808,4556732,,,,,,0.0,3,40638080,40638080,40638080,41785446,34.60774109644338,30,41197431,42791220,42903648,42974251,346.07741096443374,16,63509,188836,188836,602175
python,shared,10,1,1,incoming,tcp,1,passed,,10,17335323,30203904,1097789440,21,0.060000000000000005,30294016,1106223104,22,0.060000000000000005,30752768,1108463616,20,0.06999999999999999,88123504,4445787,,,,,,0.0,3,40693518,40693518,40693518,41539554,34.04313110381993,30,41320490,43631241,43701001,43818337,340.4313110381993,17,80469,260142,260142,527075
python,shared,10,1,1,incoming,tcp,2,passed,,10,18442556,30093312,1097789440,21,0.06999999999999999,30187520,1106223104,22,0.06999999999999999,30728192,1108324352,20,0.08,88806027,4632965,,,,,,0.0,3,42243695,42243695,42243695,42319508,33.781490979210226,30,42758746,43700346,43770066,43880373,337.8149097921023,17,136049,672879,672879,838070
python,shared,10,1,1,periodic,tcp,0,passed,,10,16499011,30199808,1097789440,21,0.05,30273536,1106223104,22,0.060000000000000005,30851072,1108324352,20,0.06999999999999999,306870332,3367031,,,,,,0.0,30,942491,1047719,1082405,1211059,97.761161219065,,,,,,0.0,59,105403,332803,369842,577152
python,shared,10,1,1,periodic,tcp,1,passed,,10,15421707,30142464,1097789440,21,0.06,30224384,1106223104,22,0.06,30875648,1108459520,20,0.08,304837053,3055037,,,,,,0.0,30,597006,1101344,1138514,1140482,98.41323324956825,,,,,,0.0,60,8695,82922,400786,950702
python,shared,10,1,1,periodic,tcp,2,passed,,10,15875862,30167040,1097789440,21,0.060000000000000005,30244864,1106223104,22,0.06999999999999999,30814208,1108324352,20,0.08,304111908,3699044,,,,,,0.0,30,742596,855706,906867,921888,98.64789641844607,,,,,,0.0,59,71377,207941,216121,287496
python,shared,10,1,1,publish,tcp,0,passed,,10,15497460,30126080,1097789440,21,0.060000000000000005,30212096,1106223104,22,0.060000000000000005,30814208,1108459520,20,0.06999999999999999,2913291,4200671,,,,,,0.0,30,775884,1049353,1051023,1062976,10297.632471318519,,,,,,0.0,,,,,
python,shared,10,1,1,publish,tcp,1,passed,,10,15900570,30191616,1097789440,21,0.060000000000000005,30273536,1106223104,22,0.060000000000000005,30871552,1108475904,20,0.06999999999999999,2519512,4348558,,,,,,0.0,30,576049,915275,919679,931964,11907.067717875525,,,,,,0.0,,,,,
python,shared,10,1,1,publish,tcp,2,passed,,10,15879037,30199808,1097789440,21,0.06,30285824,1106223104,22,0.06,30953472,1108459520,20,0.06999999999999999,2005694,3228519,,,,,,0.0,30,532398,695076,708659,716622,14957.416235976176,,,,,,0.0,,,,,
python,shared,10,1,2,incoming,tcp,0,passed,,10,18251565,30146560,1097789440,21,0.05,30228480,1106223104,22,0.05,30736384,1106223104,20,0.06,127080821,3119674,,,,,,0.0,3,41569225,41569225,41569225,42106988,23.607024068564996,30,42044660,42650639,42683853,42717827,236.07024068564996,24,24006,406022,828883,836486
python,shared,10,1,2,incoming,tcp,1,passed,,10,16125357,30154752,1097789440,21,0.060000000000000005,30240768,1106223104,22,0.060000000000000005,30748672,1108324352,20,0.06999999999999999,127725513,3101746,,,,,,0.0,3,41419418,41419418,41419418,41524982,23.487868081610287,30,41961969,43135174,43242854,43339358,234.8786808161029,24,128547,271265,280633,449070
python,shared,10,1,2,incoming,tcp,2,passed,,10,16943029,30236672,1097789440,21,0.060000000000000005,30322688,1106223104,22,0.060000000000000005,30781440,1108324352,20,0.06999999999999999,130648846,3641206,,,,,,0.0,3,41326493,41326493,41326493,41428211,22.962315334955196,30,42656643,43663339,43910259,44135536,229.62315334955198,25,120031,253017,712631,1094679
python,shared,10,1,2,periodic,tcp,0,passed,,10,16846132,30199808,1097789440,21,0.060000000000000005,30285824,1106223104,22,0.060000000000000005,30892032,1108324352,20,0.06999999999999999,305682101,2979619,,,,,,0.0,30,894470,1410585,1465991,1469315,98.14117313986925,,,,,,0.0,59,70619,344261,514259,883401
python,shared,10,1,2,periodic,tcp,1,passed,,10,16850389,30130176,1097789440,21,0.060000000000000005,30216192,1106223104,22,0.060000000000000005,30871552,1108324352,20,0.06999999999999999,304865481,3069175,,,,,,0.0,30,890722,1059951,1068973,1121475,98.40405644350402,,,,,,0.0,60,52262,232861,264061,302363
python,shared,10,1,2,periodic,tcp,2,passed,,10,18498814,30117888,1097789440,21,0.06999999999999999,30203904,1106223104,22,0.06999999999999999,30793728,1108463616,20,0.09,305529894,4589361,,,,,,0.0,30,827218,1014787,1020531,1229240,98.1900645047846,,,,,,0.0,59,121630,382500,411176,446478
python,shared,10,1,2,publish,tcp,0,passed,,10,16096962,30113792,1097789440,21,0.06999999999999999,30191616,1106223104,22,0.06999999999999999,31064064,1108467712,20,0.06999999999999999,2411671,3115206,,,,,,0.0,30,584406,777114,807438,829354,12439.507710628854,,,,,,0.0,,,,,
python,shared,10,1,2,publish,tcp,1,passed,,10,14910339,30203904,1097789440,21,0.05,30277632,1106223104,22,0.05,30904320,1108324352,20,0.06,2569547,2923910,,,,,,0.0,30,649207,809138,820188,934302,11675.209677036459,,,,,,0.0,,,,,
python,shared,10,1,2,publish,tcp,2,passed,,10,15748118,30191616,1097789440,21,0.05,30265344,1106223104,22,0.05,30855168,1108324352,20,0.06,2936599,3332206,,,,,,0.0,30,654388,894973,927958,948403,10215.89941289226,,,,,,0.0,,,,,
python,shared,10,2,0,idle,tcp,0,passed,,10,16941264,30580736,1097789440,21,0.05,30666752,1106223104,22,0.05,31162368,1108324352,20,0.06999999999999999,200901473,3920332,,,,,,0.0,,,,,,0.0,,,,,,0.0,39,108105,222220,226213,254508
python,shared,10,2,0,idle,tcp,1,passed,,10,16368799,30650368,1097789440,21,0.060000000000000005,30728192,1106223104,22,0.060000000000000005,31174656,1106223104,20,0.060000000000000005,200664708,3293689,,,,,,0.0,,,,,,0.0,,,,,,0.0,39,94680,248996,264076,302622
python,shared,10,2,0,idle,tcp,2,passed,,10,16739601,30507008,1097789440,21,0.06,30597120,1106223104,22,0.06,30982144,1106223104,20,0.07,200844757,3561815,,,,,,0.0,,,,,,0.0,,,,,,0.0,39,72272,142214,147867,193134
python,shared,10,2,0,incoming,tcp,0,passed,,10,17468436,30728192,1097789440,21,0.060000000000000005,30818304,1106223104,22,0.060000000000000005,31293440,1108324352,20,0.06999999999999999,2377944,3874852,,,,,,0.0,3,227854,227854,227854,618650,1261.5940493131882,30,565384,1030274,1068140,1107521,12615.940493131882,,,,,
python,shared,10,2,0,incoming,tcp,1,passed,,10,19908649,30703616,1097789440,21,0.06999999999999999,30793728,1106223104,22,0.06999999999999999,31363072,1108324352,20,0.06999999999999999,3010050,3215579,,,,,,0.0,3,160186,160186,160186,497005,996.661185030149,30,597160,1435638,1479257,1523491,9966.61185030149,,,,,
python,shared,10,2,0,incoming,tcp,2,passed,,10,17205471,30740480,1097789440,21,0.060000000000000005,30818304,1106223104,22,0.060000000000000005,31322112,1108324352,20,0.06999999999999999,2477874,3067403,,,,,,0.0,3,169768,169768,169768,434709,1210.7153148223033,30,604984,963091,1006615,1049438,12107.153148223033,,,,,
python,shared,10,2,0,periodic,tcp,0,passed,,10,16191072,30633984,1097789440,21,0.05,30720000,1106223104,22,0.05,31248384,1108324352,20,0.06999999999999999,305557590,3129895,,,,,,0.0,30,890221,1028650,1045834,1053722,98.18116447377399,,,,,,0.0,60,48566,157297,199562,238357
python,shared,10,2,0,periodic,tcp,1,passed,,10,17009427,30625792,1097789440,21,0.06,30703616,1106223104,22,0.06,31293440,1108459520,20,0.07,305585221,3019950,,,,,,0.0,30,792983,999978,1007917,1009734,98.17228693792099,,,,,,0.0,60,43424,93935,132979,956721
python,shared,10,2,0,periodic,tcp,2,passed,,10,16507271,30683136,1097789440,21,0.060000000000000005,30769152,1106223104,22,0.060000000000000005,31387648,1108324352,20,0.06999999999999999,306055700,4382595,,,,,,0.0,30,795724,927390,1045207,1131707,98.0213732336957,,,,,,0.0,58,196220,438244,504207,812619
python,shared,10,2,0,publish,tcp,0,passed,,10,17199722,30670848,1097789440,21,0.06,30756864,1106223104,22,0.06,31432704,1108324352,20,0.08,2917407,4333073,,,,,,0.0,30,649187,1147374,1157519,1221169,10283.104140080557,,,,,,0.0,,,,,
python,shared,10,2,0,publish,tcp,1,passed,,10,17994724,30679040,1097789440,21,0.06999999999999999,30756864,1106223104,22,0.06999999999999999,31383552,1108459520,20,0.08,1825176,3306792,,,,,,0.0,30,462251,524198,566508,590588,16436.771029204854,,,,,,0.0,,,,,
python,shared,10,2,0,publish,tcp,2,passed,,10,16426204,30703616,1097789440,21,0.060000000000000005,30793728,1106223104,22,0.060000000000000005,31453184,1108475904,20,0.06999999999999999,2396145,3193868,,,,,,0.0,30,587985,910558,920496,933570,12520.11042737397,,,,,,0.0,,,,,
python,shared,10,2,0,reconnect,tcp,0,passed,,10,16768935,30687232,1097789440,21,0.060000000000000005,30773248,1106223104,22,0.060000000000000005,31858688,1108324352,20,0.14,40011657,3611787,,,,,,0.0,,,,,,0.0,,,,,,0.0,7,27935,34828,34828,49624
python,shared,10,2,0,reconnect,tcp,1,passed,,10,15963045,30658560,1097789440,21,0.05,30744576,1106223104,22,0.05,31674368,1108324352,20,0.16,64042344,4060952,,,,,,0.0,,,,,,0.0,,,,,,0.0,12,42231,74922,74922,92743
python,shared,10,2,0,reconnect,tcp,2,passed,,10,17824344,30547968,1097789440,21,0.06,30633984,1106223104,22,0.06999999999999999,31522816,1106374656,20,0.15,52120339,3275399,,,,,,0.0,,,,,,0.0,,,,,,0.0,10,50396,62681,62681,74675
python,shared,10,2,1,incoming,tcp,0,passed,,10,17962255,30720000,1097789440,21,0.06999999999999999,30806016,1106223104,22,0.06999999999999999,31322112,1108324352,20,0.08,85515032,4780375,,,,,,0.0,3,41018815,41018815,41018815,41387335,35.08155151014853,30,41531613,42206329,42303802,42344744,350.8155151014853,16,61573,344598,344598,1121922
python,shared,10,2,1,incoming,tcp,1,passed,,10,17348566,30732288,1097789440,21,0.060000000000000005,30818304,1106223104,22,0.060000000000000005,31342592,1108324352,20,0.06999999999999999,86983622,4350014,,,,,,0.0,3,41045264,41045264,41045264,42030035,34.48925132135795,30,41775202,42824502,42896868,42967720,344.89251321357943,16,93823,427424,427424,1085335
python,shared,10,2,1,incoming,tcp,2,passed,,10,18160238,30642176,1097789440,21,0.06,30732288,1106223104,22,0.06,31227904,1108324352,20,0.08,86608899,6842064,,,,,,0.0,3,41008964,41008964,41008964,41472112,34.6384728894891,30,41738599,42466675,42495869,42504642,346.38472889489105,16,87599,855768,855768,961902
python,shared,10,2,1,periodic,tcp,0,passed,,10,15402071,30601216,1097789440,21,0.060000000000000005,30683136,1106223104,22,0.060000000000000005,31416320,1108459520,20,0.06999999999999999,306741537,4933236,,,,,,0.0,30,955972,1443629,1446169,1524002,97.80220929127051,,,,,,0.0,60,69838,232784,393791,470163
python,shared,10,2,1,periodic,tcp,1,passed,,10,16357158,30703616,1097789440,21,0.060000000000000005,30785536,1106223104,22,0.060000000000000005,31440896,1108324352,20,0.06999999999999999,305023140,3539319,,,,,,0.0,30,838301,1006181,1039133,1051007,98.3531937937561,,,,,,0.0,59,137504,292433,321892,493038
python,shared,10,2,1,periodic,tcp,2,passed,,10,17267664,30580736,1098399744,21,0.060000000000000005,30670848,1106976768,22,0.060000000000000005,31318016,1109078016,20,0.06999999999999999,304764462,3205010,,,,,,0.0,30,670115,936448,943353,966301,98.43667402402056,,,,,,0.0,60,57631,178441,288039,709581
python,shared,10,2,1,publish,tcp,0,passed,,10,17615839,30486528,1097789440,21,0.06,30560256,1106223104,22,0.06,31191040,1108475904,20,0.08,3105533,4461283,,,,,,0.0,30,771643,960007,963100,973009,9660.177496101312,,,,,,0.0,,,,,
python,shared,10,2,1,publish,tcp,1,passed,,10,17441059,30642176,1097789440,21,0.05,30724096,1106223104,22,0.05,31387648,1108324352,20,0.06999999999999999,3310189,4196803,,,,,,0.0,30,807548,945315,968666,995593,9062.926618389463,,,,,,0.0,,,,,
python,shared,10,2,1,publish,tcp,2,passed,,10,17436349,30658560,1097789440,21,0.06999999999999999,30748672,1106223104,22,0.06999999999999999,31252480,1108324352,20,0.06999999999999999,3041706,4424740,,,,,,0.0,30,669589,891574,937861,965251,9862.886156650247,,,,,,0.0,,,,,
python,shared,10,2,2,incoming,tcp,0,passed,,10,17388458,30744576,1097789440,21,0.060000000000000005,30822400,1106223104,22,0.060000000000000005,31322112,1108324352,20,0.06999999999999999,131190951,3675833,,,,,,0.0,3,41357995,41357995,41357995,42614575,22.86743084894628,30,42907950,44366728,44456491,44505592,228.67430848946282,25,86792,328948,375308,561731
python,shared,10,2,2,incoming,tcp,1,passed,,10,17322710,30699520,1097789440,21,0.060000000000000005,30785536,1106223104,22,0.060000000000000005,31293440,1106223104,20,0.06999999999999999,128690284,3619921,,,,,,0.0,3,41794595,41794595,41794595,42020122,23.31178319569176,30,42406792,43104437,43211803,43266995,233.1178319569176,25,69680,263544,540716,826217
python,shared,10,2,2,incoming,tcp,2,passed,,10,18173815,30654464,1097789440,21,0.06,30744576,1106223104,22,0.06,31240192,1108324352,20,0.08,129455027,3081295,,,,,,0.0,3,41398816,41398816,41398816,41399784,23.174071100382992,30,42337772,43704638,43774881,43828633,231.74071100382992,24,121612,340876,433090,1016303
python,shared,10,2,2,periodic,tcp,0,passed,,10,17953603,30543872,1097789440,21,0.05,30633984,1106223104,22,0.05,31289344,1108467712,20,0.06999999999999999,305151884,3331601,,,,,,0.0,30,838985,961857,980270,1160650,98.3116984458795,,,,,,0.0,59,174305,271536,297142,489017
python,shared,10,2,2,periodic,tcp,1,passed,,10,17365700,30691328,1097789440,21,0.060000000000000005,30781440,1106223104,22,0.060000000000000005,31559680,1108471808,20,0.06999999999999999,305266484,3332914,,,,,,0.0,30,909662,1153349,1163177,1196859,98.27479128039487,,,,,,0.0,59,71337,303795,393708,462632
python,shared,10,2,2,periodic,tcp,2,passed,,10,16938301,30715904,1097789440,21,0.060000000000000005,30801920,1106223104,22,0.060000000000000005,31559680,1108471808,20,0.06999999999999999,305030656,3839419,,,,,,0.0,30,850433,1073228,1076552,1107840,98.35077035666868,,,,,,0.0,59,120655,218333,227777,433126
python,shared,10,2,2,publish,tcp,0,passed,,10,15597071,30654464,1097789440,21,0.060000000000000005,30740480,1106223104,22,0.060000000000000005,31465472,1108463616,20,0.06999999999999999,1793357,4098462,,,,,,0.0,30,387125,692260,725725,742306,16728.40377013612,,,,,,0.0,,,,,
python,shared,10,2,2,publish,tcp,1,passed,,10,16744200,30744576,1097789440,21,0.060000000000000005,30826496,1106223104,22,0.060000000000000005,31526912,1108471808,20,0.060000000000000005,2980229,3241458,,,,,,0.0,30,730197,985725,995411,1073667,10066.340539602828,,,,,,0.0,,,,,
python,shared,10,2,2,publish,tcp,2,passed,,10,17275696,30621696,1097789440,21,0.060000000000000005,30703616,1106223104,22,0.060000000000000005,31412224,1108459520,20,0.06999999999999999,2523731,3746943,,,,,,0.0,30,620421,933994,936262,998860,11887.162300577993,,,,,,0.0,,,,,
python,shared,100,1,0,idle,tcp,0,passed,,100,150243595,36814848,1097932800,21,0.09000000000000001,36909056,1106366464,22,0.09000000000000001,40218624,1109671936,20,0.12,200960600,9926216,,,,,,0.0,,,,,,0.0,,,,,,0.0,38,160971,454814,456067,484778
python,shared,100,1,0,idle,tcp,1,passed,,100,153737592,36814848,1097789440,21,0.09000000000000001,36929536,1106366464,22,0.09000000000000001,41422848,1109479424,20,0.11,200127198,7351872,,,,,,0.0,,,,,,0.0,,,,,,0.0,39,65795,214383,282326,398307
python,shared,100,1,0,idle,tcp,2,passed,,100,159624154,36786176,1097932800,21,0.11,36892672,1106366464,22,0.11,41930752,1111191552,20,0.12000000000000001,200153660,9307221,,,,,,0.0,,,,,,0.0,,,,,,0.0,39,74562,136669,147652,148794
python,shared,100,1,0,incoming,tcp,0,passed,,100,170911371,37023744,1097953280,21,0.12,37150720,1106386944,22,0.12,39419904,1108697088,20,0.16,20162309,7291110,,,,,,0.0,3,202213,202213,202213,601822,148.79248205153488,300,3652421,7107009,7777850,7928405,14879.248205153488,3,60395,60395,60395,71209
python,shared,100,1,0,incoming,tcp,1,passed,,100,168880467,37031936,1097957376,21,0.11,37142528,1106391040,22,0.11,42168320,1110568960,20,0.15,19061474,5978029,,,,,,0.0,3,274344,274344,274344,711124,157.38552013343775,300,3942884,6692077,7427305,7622172,15738.552013343773,3,55416,55416,55416,67067
python,shared,100,1,0,incoming,tcp,2,passed,,100,186940793,37187584,1097789440,21,0.12,37318656,1106382848,22,0.12,40468480,1108897792,20,0.18,24424591,8234519,,,,,,0.0,3,279213,279213,279213,544026,122.82703116707256,300,4508397,9174477,9659779,9766723,12282.703116707256,4,57337,71827,71827,73184
python,shared,100,1,0,periodic,tcp,0,passed,,100,153199679,36806656,1097789440,21,0.1,36937728,1106366464,22,0.1,39452672,1108574208,20,0.14,319418360,6913980,,,,,,0.0,300,4406495,5202696,5248594,5342971,939.2071263530374,,,,,,0.0,62,59913,194395,800908,1667627
python,shared,100,1,0,periodic,tcp,1,passed,,100,143306970,36786176,1097932800,21,0.08,36888576,1106366464,22,0.08,40701952,1108529152,20,0.13,316379131,7322032,,,,,,0.0,300,3571950,4414178,4518135,4646851,948.2294203532659,,,,,,0.0,60,146621,500748,873415,921508
python,shared,100,1,0,periodic,tcp,2,passed,,100,157567771,36741120,1097932800,21,0.09000000000000001,36843520,1106366464,22,0.09000000000000001,38793216,1108643840,20,0.14,317560510,6433141,,,,,,0.0,300,3905101,4755731,4785761,4848377,944.7018459568541,,,,,,0.0,62,72803,192039,579524,969534
python,shared,100,1,0,publish,tcp,0,passed,,100,152987336,36753408,1097789440,21,0.09000000000000001,36876288,1106366464,22,0.09000000000000001,42377216,1110900736,20,0.13,14337592,6060050,,,,,,0.0,300,3066146,4476749,4763413,4797464,20924.015692453795,,,,,,0.0,2,373419,373419,373419,786764
python,shared,100,1,0,publish,tcp,1,passed,,100,152091394,36716544,1097789440,21,0.1,36843520,1106366464,22,0.1,39190528,1108586496,20,0.14,12827210,7093224,,,,,,0.0,300,2841600,3232859,3388538,3427964,23387.78269007836,,,,,,0.0,2,140879,140879,140879,840281
python,shared,100,1,0,publish,tcp,2,passed,,100,153286299,36765696,1097932800,21,0.1,36864000,1106366464,22,0.1,41336832,1110978560,20,0.15,13187218,6259307,,,,,,0.0,300,3074627,4342524,4446626,4661741,22749.301634355328,,,,,,0.0,2,214358,214358,214358,1258708
python,shared,100,1,0,reconnect,tcp,0,passed,,100,155472960,36859904,1097932800,21,0.1,36962304,1106366464,22,0.1,42680320,1109536768,20,0.5,263617876,9092271,,,,,,0.0,,,,,,0.0,,,,,,0.0,52,22372,44963,45510,49435
python,shared,100,1,0,reconnect,tcp,1,passed,,100,150134974,36765696,1097789440,21,0.1,36872192,1106366464,22,0.1,44253184,1111003136,20,0.45,215859881,6972328,,,,,,0.0,,,,,,0.0,,,,,,0.0,42,22964,55595,67850,190199
python,shared,100,1,0,reconnect,tcp,2,passed,,100,154075620,36642816,1097789440,21,0.1,36773888,1106366464,22,0.1,40927232,1109397504,20,0.68,429920712,9507241,,,,,,0.0,,,,,,0.0,,,,,,0.0,85,44117,95268,121906,128348
python,shared,100,1,1,incoming,tcp,0,passed,,100,176088357,36937728,1097789440,21,0.12000000000000001,37064704,1106419712,22,0.12000000000000001,41353216,1110528000,20,0.16,99161491,8414153,,,,,,0.0,3,40842507,40842507,40842507,40862450,30.253679828190563,300,42493810,45844044,46276743,46396092,3025.367982819056,19,75988,187893,187893,979059
python,shared,100,1,1,incoming,tcp,1,passed,,100,167187760,36933632,1097789440,21,0.11,37064704,1106395136,22,0.11,42717184,1110851584,20,0.16,104594612,7856992,,,,,,0.0,3,41370712,41370712,41370712,41586119,28.682165769686108,300,43966855,47430053,48091323,48277823,2868.2165769686108,20,66970,791113,791113,925083
python,shared,100,1,1,incoming,tcp,2,passed,,100,175828268,36982784,1097789440,21,0.13,37105664,1106403328,22,0.13,41807872,1110577152,20,0.16,97544800,6319559,,,,,,0.0,3,40580977,40580977,40580977,42142886,30.755099195446604,300,42618964,46258981,46743999,46867023,3075.5099195446605,18,93009,271039,271039,932493
python,shared,100,1,1,periodic,tcp,0,passed,,100,158521134,36675584,1097789440,21,0.12,36806656,1106358272,22,0.12,38350848,1108500480,20,0.18000000000000002,325780771,8564728,,,,,,0.0,300,5637383,6428677,6505184,6732524,920.8646633106532,,,,,,0.0,62,98669,458459,1217015,1547069
python,shared,100,1,1,periodic,tcp,1,passed,,100,163767573,36745216,1097789440,21,0.11,36859904,1106366464,22,0.11,39546880,1108492288,20,0.15,318851324,6003816,,,,,,0.0,300,4480282,5232385,5322035,5353292,940.8773852229637,,,,,,0.0,62,56122,329274,366074,432181
python,shared,100,1,1,periodic,tcp,2,passed,,100,150128252,36675584,1097789440,21,0.09000000000000001,36810752,1106366464,22,0.09000000000000001,39763968,1108721664,20,0.14,317172431,7887064,,,,,,0.0,300,3264634,4789478,4997062,5096493,945.857743859207,,,,,,0.0,61,84490,387183,499376,1082773
python,shared,100,1,1,publish,tcp,0,passed,,100,151535555,36749312,1097924608,21,0.09000000000000001,36851712,1106358272,22,0.09000000000000001,41074688,1110872064,20,0.15,17420571,8878675,,,,,,0.0,300,3588359,5850917,5929232,6174296,17221.019908015645,,,,,,0.0,2,901051,901051,901051,1209641
python,shared,100,1,1,publish,tcp,1,passed,,100,153941718,36671488,1097789440,21,0.1,36802560,1106366464,22,0.1,40288256,1108733952,20,0.13,11126689,7356017,,,,,,0.0,300,2499406,3343769,3418886,3558941,26962.19872776169,,,,,,0.0,2,162675,162675,162675,499572
python,shared,100,1,1,publish,tcp,2,passed,,100,164868840,36716544,1097789440,21,0.11,36847616,1106366464,22,0.11,38977536,1108705280,20,0.16,22744565,9812556,,,,,,0.0,300,5838441,6924706,7011470,8250004,13189.964283775047,,,,,,0.0,3,644461,644461,644461,3189911
python,shared,100,1,2,incoming,tcp,0,passed,,100,169474714,36962304,1097789440,21,0.12000000000000001,37093376,1106391040,22,0.12000000000000001,41562112,1110650880,20,0.16,147070917,7195550,,,,,,0.0,3,40958542,40958542,40958542,41838384,20.39832253170761,300,45764668,49809590,50718504,50965700,2039.832253170761,28,98051,325709,552252,944794
python,shared,100,1,2,incoming,tcp,1,passed,,100,167416043,36999168,1097789440,21,0.12,37126144,1106378752,22,0.12,40054784,1109086208,20,0.16,145912263,7598361,,,,,,0.0,3,41624997,41624997,41624997,42268986,20.560300678771597,300,45600150,48491508,49135376,49284165,2056.03006787716,28,60716,368694,375071,803519
python,shared,100,1,2,incoming,tcp,2,passed,,100,165187264,36933632,1097981952,21,0.11000000000000001,37036032,1106415616,22,0.11000000000000001,41426944,1109983232,20,0.15000000000000002,141124057,8466610,,,,,,0.0,3,41519215,41519215,41519215,41598412,21.257892267085264,300,44484066,46948290,47615352,47764701,2125.7892267085263,27,50018,351015,396083,786988
python,shared,100,1,2,periodic,tcp,0,passed,,100,154606351,36716544,1097789440,21,0.11,36847616,1106366464,22,0.11,39469056,1108799488,20,0.17,319098920,9511183,,,,,,0.0,300,4618867,5593544,5726330,6173088,940.1473373836552,,,,,,0.0,62,54291,151797,860851,1714600
python,shared,100,1,2,periodic,tcp,1,passed,,100,163616979,36786176,1097789440,21,0.12,36900864,1106366464,22,0.12,39071744,1108758528,20,0.18,321663768,9158523,,,,,,0.0,300,4925174,5852925,5906168,5918806,932.6508915359096,,,,,,0.0,62,125204,227355,450829,811159
python,shared,100,1,2,periodic,tcp,2,passed,,100,159426334,36831232,1097789440,21,0.1,36958208,1106366464,22,0.1,39972864,1108557824,20,0.16,318390284,7754139,,,,,,0.0,300,3885599,5144801,5306049,5360036,942.2398077951399,,,,,,0.0,61,79632,379530,554228,1290370
python,shared,100,1,2,publish,tcp,0,passed,,100,161987860,36794368,1097789440,21,0.12,36917248,1106366464,22,0.12,41889792,1111011328,20,0.18,17045655,9365470,,,,,,0.0,300,4260045,6457431,6496150,6619722,17599.79302643401,,,,,,0.0,2,720612,720612,720612,2933762
python,shared,100,1,2,publish,tcp,1,passed,,100,147430507,36679680,1097789440,21,0.09000000000000001,36810752,1106358272,22,0.09000000000000001,39321600,1108742144,20,0.14,17783244,5614906,,,,,,0.0,300,4273171,5320640,5405343,5458648,16869.812954261888,,,,,,0.0,3,129264,129264,129264,2199071
python,shared,100,1,2,publish,tcp,2,passed,,100,147980133,36761600,1097928704,21,0.09000000000000001,36855808,1106362368,22,0.09000000000000001,39071744,1108680704,20,0.15,20360788,7394454,,,,,,0.0,300,4367589,6925805,6984976,7029578,14734.203803899927,,,,,,0.0,3,187280,187280,187280,1114965
python,shared,100,2,0,idle,tcp,0,passed,,100,153327268,39616512,1097789440,21,0.1,39747584,1106366464,22,0.1,44843008,1110843392,20,0.13,200377577,9696934,,,,,,0.0,,,,,,0.0,,,,,,0.0,39,101065,198714,212370,264124
python,shared,100,2,0,idle,tcp,1,passed,,100,156678272,39624704,1097789440,21,0.09000000000000001,39747584,1106366464,22,0.09000000000000001,45658112,1110654976,20,0.11,200307565,6892034,,,,,,0.0,,,,,,0.0,,,,,,0.0,39,47388,115394,139869,146255
python,shared,100,2,0,idle,tcp,2,passed,,100,158231876,39550976,1097789440,21,0.1,39677952,1106366464,22,0.1,43761664,1109221376,20,0.12,200265128,9850442,,,,,,0.0,,,,,,0.0,,,,,,0.0,39,58979,109978,110056,126026
python,shared,100,2,0,incoming,tcp,0,passed,,100,187201447,40001536,1097961472,21,0.15,40091648,1106395136,22,0.16,45592576,1112018944,20,0.2,20367606,9271182,,,,,,0.0,3,287847,287847,287847,339838,147.29271569766226,300,3784572,7387493,8239209,8462488,14729.271569766226,4,48707,52121,52121,68954
python,shared,100,2,0,incoming,tcp,1,passed,,100,182935817,39968768,1097789440,21,0.13,40099840,1106395136,22,0.13,42582016,1108529152,20,0.18000000000000002,24345360,11728697,,,,,,0.0,3,454936,454936,454936,474006,123.22676682538274,300,4433527,8027690,8975914,9233941,12322.676682538275,4,37218,76663,76663,77183
python,shared,100,2,0,incoming,tcp,2,passed,,100,189013207,40001536,1097945088,21,0.13999999999999999,40099840,1106378752,22,0.13999999999999999,45088768,1111457792,20,0.18,21706479,9881087,,,,,,0.0,3,215352,215352,215352,695275,138.20758309074446,300,4216968,7504160,8317829,8528856,13820.758309074447,4,44778,46335,46335,50693
python,shared,100,2,0,periodic,tcp,0,passed,,100,150033918,39591936,1097789440,21,0.1,39723008,1106366464,22,0.1,44183552,1108615168,20,0.14,313161706,6890700,,,,,,0.0,300,2769979,3101964,3149645,3186517,957.9715343612287,,,,,,0.0,61,68031,290187,328516,417220
python,shared,100,2,0,periodic,tcp,1,passed,,100,169831757,39550976,1097789440,21,0.11,39682048,1106366464,22,0.11,45977600,1111719936,20,0.16,313754847,8350583,,,,,,0.0,300,2726065,2934116,2957169,3061876,956.1605274579232,,,,,,0.0,61,34567,324455,615649,818201
python,shared,100,2,0,periodic,tcp,2,passed,,100,149934100,39628800,1097945088,21,0.09000000000000001,39731200,1106378752,22,0.09000000000000001,46104576,1111674880,20,0.15,317661862,7320332,,,,,,0.0,300,3273842,6783167,6830088,7645176,944.400432935824,,,,,,0.0,61,64523,211780,1244681,1352000
python,shared,100,2,0,publish,tcp,0,passed,,100,168763681,39530496,1097789440,21,0.13,39661568,1106358272,22,0.13,44355584,1110749184,20,0.18,18773990,7003752,,,,,,0.0,300,4736413,5252096,5314531,6114450,15979.554692422867,,,,,,0.0,2,1686458,1686458,1686458,2130717
python,shared,100,2,0,publish,tcp,1,passed,,100,164836987,39600128,1097789440,21,0.11,39735296,1106366464,22,0.11,44732416,1110671360,20,0.16,12274783,8345430,,,,,,0.0,300,3093438,3588987,3664786,3704944,24440.350595199932,,,,,,0.0,2,114787,114787,114787,350283
python,shared,100,2,0,publish,tcp,2,passed,,100,163203269,39579648,1097945088,21,0.11,39690240,1106378752,22,0.11,43470848,1109180416,20,0.15,10853457,6802348,,,,,,0.0,300,2513264,3240236,3408154,3577180,27640.96269050497,,,,,,0.0,2,21556,21556,21556,455007
python,shared,100,2,0,reconnect,tcp,0,passed,,100,158762718,39628800,1097789440,21,0.1,39747584,1106358272,22,0.1,45236224,1110511616,20,0.62,346229430,8995709,,,,,,0.0,,,,,,0.0,,,,,,0.0,68,46272,86920,99458,119960
python,shared,100,2,0,reconnect,tcp,1,passed,,100,152009671,39497728,1097789440,21,0.1,39620608,1106366464,22,0.1,46002176,1110691840,20,0.6,347750120,7323499,,,,,,0.0,,,,,,0.0,,,,,,0.0,68,42166,80500,110530,182572
python,shared,100,2,0,reconnect,tcp,2,passed,,100,168047122,39608320,1097789440,21,0.12000000000000001,39739392,1106366464,22,0.12000000000000001,44593152,1110302720,20,0.54,283817499,8167467,,,,,,0.0,,,,,,0.0,,,,,,0.0,56,25845,62634,73009,78770
python,shared,100,2,1,incoming,tcp,0,passed,,100,175031892,39944192,1097789440,21,0.12000000000000001,40071168,1106395136,22,0.13,44044288,1110568960,20,0.17,107214538,7553045,,,,,,0.0,3,41107229,41107229,41107229,41783129,27.981279926795004,300,44228162,48793190,49322954,49516196,2798.1279926795,20,65115,502258,502258,999924
python,shared,100,2,1,incoming,tcp,1,passed,,100,174186574,39981056,1097953280,21,0.12000000000000001,40075264,1106386944,22,0.12000000000000001,44892160,1111175168,20,0.16,102233476,9190500,,,,,,0.0,3,41073168,41073168,41073168,41141662,29.34459550216213,300,43657782,47117197,47561462,47705021,2934.459550216213,19,141875,703612,703612,837184
python,shared,100,2,1,incoming,tcp,2,passed,,100,175908622,39907328,1097789440,21,0.14,40038400,1106391040,22,0.14,45019136,1110884352,20,0.17,102121738,6939225,,,,,,0.0,3,41331638,41331638,41331638,41512587,29.376703322460102,300,43286182,46279811,46533477,46648703,2937.6703322460103,19,66166,153847,153847,761487
python,shared,100,2,1,periodic,tcp,0,passed,,100,174643765,39649280,1097789440,21,0.13,39780352,1106366464,22,0.13,44978176,1111306240,20,0.19,322408411,7521920,,,,,,0.0,300,5772085,7001702,7057947,7205519,930.4968163501169,,,,,,0.0,62,109500,252895,745994,1531833
python,shared,100,2,1,periodic,tcp,1,passed,,100,152400189,39555072,1097789440,21,0.09,39673856,1106358272,22,0.09,43286528,1108803584,20,0.14,312528176,9316229,,,,,,0.0,300,2767824,3532178,3638085,3739375,959.913451131523,,,,,,0.0,61,59046,218177,264569,735571
python,shared,100,2,1,periodic,tcp,2,passed,,100,156938781,39604224,1097928704,21,0.09,39706624,1106362368,22,0.09999999999999999,43577344,1108606976,20,0.16,322046039,11696341,,,,,,0.0,300,5055226,6051547,6126094,6541206,931.5438281170724,,,,,,0.0,62,134902,338120,637639,2081912
python,shared,100,2,1,publish,tcp,0,passed,,100,155285360,39604224,1097932800,21,0.09000000000000001,39702528,1106366464,22,0.09000000000000001,44646400,1110958080,20,0.14,17534371,6020078,,,,,,0.0,300,4048125,5544549,5692214,5729000,17109.253591132525,,,,,,0.0,3,299823,299823,299823,1471248
python,shared,100,2,1,publish,tcp,1,passed,,100,161543850,39620608,1097928704,21,0.11,39718912,1106362368,22,0.11,44462080,1110790144,20,0.16,15573650,7906681,,,,,,0.0,300,3593702,4940163,5116770,5244584,19263.306931901,,,,,,0.0,2,128767,128767,128767,812872
python,shared,100,2,1,publish,tcp,2,passed,,100,150386711,39632896,1097924608,21,0.1,39743488,1106358272,22,0.1,44773376,1111625728,20,0.15,15905166,6759786,,,,,,0.0,300,4182625,5695504,5907038,6005185,18861.796223943842,,,,,,0.0,2,197487,197487,197487,1698788
python,shared,100,2,2,incoming,tcp,0,passed,,100,168512150,40022016,1097953280,21,0.12,40128512,1106386944,22,0.12,44576768,1110704128,20,0.15,137603841,6681382,,,,,,0.0,3,40834693,40834693,40834693,41139480,21.801717002943253,300,43631457,46067528,46657765,46989141,2180.1717002943255,26,88688,210474,470199,612903
python,shared,100,2,2,incoming,tcp,1,passed,,100,176002014,40103936,1097789440,21,0.13,40235008,1106399232,22,0.13,45342720,1110855680,20,0.18000000000000002,139765093,8089066,,,,,,0.0,3,41676144,41676144,41676144,41960925,21.464587012438077,300,44554333,46916403,47439788,47565973,2146.458701243808,27,30712,254726,390570,785381
python,shared,100,2,2,incoming,tcp,2,passed,,100,178136049,40009728,1097789440,21,0.13,40140800,1106391040,22,0.13,45174784,1110679552,20,0.18,144357120,8335427,,,,,,0.0,3,41240192,41240192,41240192,41575735,20.781794483015457,300,45308996,48738683,49452809,49633428,2078.1794483015456,28,72839,277191,454156,672940
python,shared,100,2,2,periodic,tcp,0,passed,,100,163241183,39555072,1097789440,21,0.11,39686144,1106358272,22,0.11,42848256,1108750336,20,0.16,317537815,6414124,,,,,,0.0,300,3692961,4368717,4507183,4511468,944.7693655006098,,,,,,0.0,62,32752,96348,261195,435485
python,shared,100,2,2,periodic,tcp,1,passed,,100,153735630,39616512,1097789440,21,0.09000000000000001,39723008,1106366464,22,0.09000000000000001,44249088,1110650880,20,0.16,323729680,8312917,,,,,,0.0,300,4798755,5372804,5434993,5503586,926.6990904263088,,,,,,0.0,62,88537,359029,603376,1441019
python,shared,100,2,2,periodic,tcp,2,passed,,100,173208114,39542784,1097789440,21,0.11,39665664,1106366464,22,0.12,43417600,1108652032,20,0.18,321368452,9567253,,,,,,0.0,300,4502165,7044645,7094538,7889142,933.5079349979256,,,,,,0.0,62,73137,467045,817895,2870457
python,shared,100,2,2,publish,tcp,0,passed,,100,164025684,39657472,1097928704,21,0.11,39755776,1106362368,22,0.11,42602496,1108660224,20,0.16,23719958,7724120,,,,,,0.0,300,5562845,6549839,6782543,6894242,12647.577200600439,,,,,,0.0,3,577766,577766,577766,2389186
python,shared,100,2,2,publish,tcp,1,passed,,100,154594248,39665664,1097789440,21,0.1,39776256,1106362368,22,0.1,43679744,1110351872,20,0.15000000000000002,16938183,7256060,,,,,,0.0,300,4114632,5820294,5867168,5997803,17711.46291193099,,,,,,0.0,3,269526,269526,269526,426006
python,shared,100,2,2,publish,tcp,2,passed,,100,150311348,39567360,1097789440,21,0.09000000000000001,39682048,1106366464,22,0.09000000000000001,42016768,1108697088,20,0.14,10516094,6300372,,,,,,0.0,300,2610123,2963597,3023701,3138861,28527.70239596565,,,,,,0.0,1,514738,514738,514738,514738
python,shared,1000,1,0,idle,tcp,0,passed,,1000,1518799507,104509440,1102696448,22,0.52,104636416,1111314432,23,0.52,151572480,1132191744,20,0.65,200709515,47751699,,,,,,0.0,,,,,,0.0,,,,,,0.0,39,58580,143596,145927,175155
python,shared,1000,1,0,idle,tcp,1,passed,,1000,1463062837,104464384,1100607488,21,0.47000000000000003,104591360,1109176320,22,0.47000000000000003,144564224,1139105792,20,0.6,200629324,42159657,,,,,,0.0,,,,,,0.0,,,,,,0.0,38,175915,236311,236432,291334
python,shared,1000,1,0,idle,tcp,2,passed,,1000,1535304765,104460288,1102569472,22,0.55,104587264,1111240704,23,0.55,149557248,1135677440,20,0.6699999999999999,200967791,45278143,,,,,,0.0,,,,,,0.0,,,,,,0.0,39,41984,115926,141955,157747
python,shared,1000,1,0,incoming,tcp,0,passed,,1000,1557170893,106332160,1100922880,21,0.61,106450944,1109356544,22,0.61,145698816,1135570944,20,0.98,190078554,48618065,,,,,,0.0,3,215616,215616,215616,354863,15.782948348817932,3000,33494113,61854633,64587061,66224789,15782.948348817932,37,50983,84683,107480,149726
python,shared,1000,1,0,incoming,tcp,1,passed,,1000,1597603232,106369024,1100730368,21,0.64,106504192,1109352448,22,0.64,151003136,1135603712,20,0.97,166273217,42022404,,,,,,0.0,3,386543,386543,386543,451138,18.0425931134778,3000,30738527,58652459,63701941,64944762,18042.5931134778,32,36329,83665,91625,97186
python,shared,1000,1,0,incoming,tcp,2,passed,,1000,1608263112,106438656,1100730368,21,0.6599999999999999,106569728,1109352448,22,0.6599999999999999,158253056,1135714304,20,0.99,144846097,48739657,,,,,,0.0,3,216212,216212,216212,727704,20.711638505523556,3000,26247935,49374969,54595465,55917204,20711.638505523555,28,19171,63034,78668,182823
python,shared,1000,1,0,periodic,tcp,0,passed,,1000,1495326255,104439808,1100742656,21,0.5,104570880,1109372928,22,0.5,134586368,1137254400,20,0.8999999999999999,439173948,51428345,,,,,,0.0,3000,32949468,37140496,37408901,37860131,6831.006287285511,,,,,,0.0,77,99473,3005381,10514287,11668714
python,shared,1000,1,0,periodic,tcp,1,passed,,1000,1467418785,104509440,1100779520,21,0.46,104611840,1109213184,22,0.46,138543104,1136783360,20,0.81,425567845,40623155,,,,,,0.0,3000,29437545,37569393,37947228,38074075,7049.404778220497,,,,,,0.0,77,72847,1610841,5925864,8931133
python,shared,1000,1,0,periodic,tcp,2,passed,,1000,1497235954,104448000,1100779520,21,0.51,104579072,1109213184,22,0.51,141275136,1137565696,20,0.8900000000000001,444391029,48220778,,,,,,0.0,3000,31675047,46009746,49198392,49828067,6750.8113445737445,,,,,,0.0,79,56607,3787312,7725643,9951424
python,shared,1000,1,0,publish,tcp,0,passed,,1000,1519217657,104505344,1100779520,21,0.52,104640512,1109213184,22,0.52,138039296,1140334592,20,0.9099999999999999,130246333,55469069,,,,,,0.0,3000,27747355,33552758,34031874,34512942,23033.27802710576,,,,,,0.0,17,1491610,7866131,7866131,9411623
python,shared,1000,1,0,publish,tcp,1,passed,,1000,1450389476,104660992,1102888960,22,0.46,104747008,1111322624,23,0.46,139079680,1141379072,20,0.8,118528193,41421788,,,,,,0.0,3000,23293092,47729274,49252264,49469111,25310.43394882431,,,,,,0.0,12,3507039,7580141,7580141,10788443
python,shared,1000,1,0,publish,tcp,2,passed,,1000,1479278105,104587264,1100607488,21,0.48,104722432,1109209088,22,0.48,141926400,1144254464,20,0.8400000000000001,122047306,52301264,,,,,,0.0,3000,25956309,43353546,43892877,45060890,24580.632693359083,,,,,,0.0,16,2186166,3949709,3949709,6403633
python,shared,1000,1,0,reconnect,tcp,0,passed,,1000,1550132787,104525824,1100779520,21,0.57,104656896,1109213184,22,0.57,159387648,1136562176,20,1.8900000000000001,860636130,59863838,,,,,,0.0,,,,,,0.0,,,,,,0.0,170,48200,98531,178908,303193
python,shared,1000,1,0,reconnect,tcp,1,passed,,1000,1489172934,104525824,1102807040,22,0.49,104644608,1111240704,23,0.49,162131968,1136304128,20,1.9700000000000002,1001722378,57471137,,,,,,0.0,,,,,,0.0,,,,,,0.0,198,45777,99688,139434,729785
python,shared,1000,1,0,reconnect,tcp,2,passed,,1000,1491187732,104382464,1100464128,21,0.49,104513536,1109135360,22,0.5,166739968,1136910336,20,1.61,711231165,45354800,,,,,,0.0,,,,,,0.0,,,,,,0.0,141,33598,87205,118801,476837
python,shared,1000,1,1,incoming,tcp,0,passed,,1000,1740390574,106250240,1100734464,21,0.81,106385408,1109360640,22,0.81,125497344,1117384704,20,1.26,246360167,63613643,,,,,,0.0,3,6117352,6117352,6117352,7156708,12.177293255366237,3000,46200910,79237008,82535500,83913165,12177.293255366238,48,52890,116841,467984,913282
python,shared,1000,1,1,incoming,tcp,1,passed,,1000,1702127702,108077056,1103036416,22,0.77,108191744,1111470080,23,0.77,149360640,1130110976,20,1.13,193093691,54995135,,,,,,0.0,3,6010688,6010688,6010688,8138421,15.536499325604584,3000,38801378,63352231,68539470,69751912,15536.499325604584,37,48388,191580,260489,933496
python,shared,1000,1,1,incoming,tcp,2,passed,,1000,1701931446,106389504,1103052800,22,0.77,106496000,1111486464,23,0.77,153952256,1136119808,20,1.07,151120442,47958656,,,,,,0.0,3,7017425,7017425,7017425,7272617,19.851715362240668,3000,29477655,47687383,50561870,51375412,19851.71536224067,29,42443,578171,866127,913372
python,shared,1000,1,1,periodic,tcp,0,passed,,1000,1617473732,104357888,1100464128,21,0.65,104493056,1109135360,22,0.65,143962112,1144975360,20,1.12,481224208,50937505,,,,,,0.0,3000,40369609,47232485,48997738,49123749,6234.100342682677,,,,,,0.0,82,102775,2516109,10773668,20067721
python,shared,1000,1,1,periodic,tcp,1,passed,,1000,1491566850,104443904,1100595200,21,0.48,104579072,1109209088,22,0.48,135102464,1137852416,20,0.8700000000000001,415322518,54961618,,,,,,0.0,3000,26753999,29992132,30186764,30478965,7223.302060400202,,,,,,0.0,72,53281,4440100,8174542,10617551
python,shared,1000,1,1,periodic,tcp,2,passed,,1000,1532647207,104382464,1100472320,21,0.55,104517632,1109135360,22,0.55,146190336,1144913920,20,0.94,439390019,43745701,,,,,,0.0,3000,29553647,39654169,41234569,41455291,6827.647125047691,,,,,,0.0,75,102847,3140102,11232132,15840820
python,shared,1000,1,1,publish,tcp,0,passed,,1000,1618974604,104587264,1102700544,22,0.64,104718336,1111322624,23,0.65,136622080,1139007488,20,1.03,122434387,49875827,,,,,,0.0,3000,24236717,40657148,41342635,41720793,24502.92008241116,,,,,,0.0,17,1010151,5645228,5645228,10135311
python,shared,1000,1,1,publish,tcp,1,passed,,1000,1488525569,104587264,1100595200,21,0.49,104722432,1109213184,22,0.5,119144448,1120956416,20,0.86,126518450,50406563,,,,,,0.0,3000,24831891,48236358,48767692,48959069,23711.956635573704,,,,,,0.0,17,1629782,4808572,4808572,5483360
python,shared,1000,1,1,publish,tcp,2,passed,,1000,1506577145,104427520,1102888960,22,0.51,104542208,1111322624,23,0.52,147562496,1136807936,20,0.9099999999999999,131425740,52222769,,,,,,0.0,3000,29667124,40569214,40824653,41366812,22826.57872042417,,,,,,0.0,18,583015,7707495,7707495,8509621
python,shared,1000,1,2,incoming,tcp,0,passed,,1000,1804813399,106536960,1102970880,22,0.9,106672128,1111543808,23,0.9,146554880,1142304768,20,1.3,318806476,66010406,,,,,,0.0,3,41625149,41625149,41625149,41627168,9.410097428510204,3000,73642165,103191565,108268489,110612711,9410.097428510204,62,58182,194949,623998,948312
python,shared,1000,1,2,incoming,tcp,1,passed,,1000,1657641830,106270720,1100738560,21,0.71,106405888,1109364736,22,0.71,154935296,1137217536,20,1.0,246505281,49058901,,,,,,0.0,3,41531567,41531567,41531567,41997332,12.17012466357668,3000,62695248,84547845,88490816,89610342,12170.12466357668,48,44371,232713,674754,813979
python,shared,1000,1,2,incoming,tcp,2,passed,,1000,1812102335,106500096,1100750848,21,0.91,106639360,1109393408,22,0.91,150335488,1135951872,20,1.24,275731279,52109511,,,,,,0.0,3,41865595,41865595,41865595,41946471,10.880158431354463,3000,66952043,90084954,96986559,99250869,10880.158431354464,54,40182,226282,763043,1068978
python,shared,1000,1,2,periodic,tcp,0,passed,,1000,1566386595,104419328,1100595200,21,0.5900000000000001,104554496,1109213184,22,0.5900000000000001,143781888,1145409536,20,1.0699999999999998,475161062,48938942,,,,,,0.0,3000,40734580,50584072,50831768,52267788,6313.648654990168,,,,,,0.0,77,93886,4616620,10973196,22291898
python,shared,1000,1,2,periodic,tcp,1,passed,,1000,1496968906,104390656,1100595200,21,0.48,104525824,1109213184,22,0.48,139743232,1141329920,20,0.96,462611131,55118454,,,,,,0.0,3000,35216930,48817343,50595004,51267716,6484.928266890318,,,,,,0.0,81,187031,3219528,8264572,8507673
python,shared,1000,1,2,periodic,tcp,2,passed,,1000,1554816465,104460288,1100779520,21,0.55,104579072,1109213184,22,0.55,141852672,1143500800,20,1.09,491415987,60128562,,,,,,0.0,3000,45701832,54531708,56351060,56602518,6104.8074937781785,,,,,,0.0,85,125823,2779330,10054862,12745354
python,shared,1000,1,2,publish,tcp,0,passed,,1000,1544426003,104464384,1100873728,21,0.52,104591360,1109307392,22,0.52,146563072,1144172544,20,1.02,181193788,50039461,,,,,,0.0,3000,43229752,55301445,57704115,57867695,16556.859002252328,,,,,,0.0,25,872280,3982612,4856623,17043043
python,shared,1000,1,2,publish,tcp,1,passed,,1000,1448547675,104566784,1100779520,21,0.45,104697856,1109213184,22,0.45,143667200,1143332864,20,0.8600000000000001,136573681,47795518,,,,,,0.0,3000,30026402,42294102,43249625,44000582,21966.16491577173,,,,,,0.0,20,940719,5809629,5809629,8362227
python,shared,1000,1,2,publish,tcp,2,passed,,1000,1592596951,104558592,1100595200,21,0.61,104693760,1109213184,22,0.61,136716288,1137815552,20,1.12,172382402,65332618,,,,,,0.0,3000,39994475,46974135,47306488,47488001,17403.168567055935,,,,,,0.0,22,1413337,7015638,7922975,9873087
python,shared,1000,2,0,idle,tcp,0,passed,,1000,1581743604,130478080,1167704064,21,0.58,130609152,1176276992,22,0.59,177934336,1210335232,20,0.71,200873088,51914755,,,,,,0.0,,,,,,0.0,,,,,,0.0,39,48350,219485,224681,254782
python,shared,1000,2,0,idle,tcp,1,passed,,1000,1488898406,130441216,1167577088,21,0.49,130576384,1176236032,22,0.49,164311040,1196998656,20,0.62,200975968,47679651,,,,,,0.0,,,,,,0.0,,,,,,0.0,39,73852,121711,122779,131914
python,shared,1000,2,0,idle,tcp,2,passed,,1000,1645258423,131325952,1102700544,22,0.6699999999999999,131444736,1111269376,23,0.6699999999999999,177610752,1141022720,20,0.79,200649393,43478118,,,,,,0.0,,,,,,0.0,,,,,,0.0,39,63267,146327,150525,159859
python,shared,1000,2,0,incoming,tcp,0,passed,,1000,1837173848,134258688,1167839232,21,0.95,134385664,1176457216,22,0.96,179912704,1208836096,20,1.29,155465347,49112164,,,,,,0.0,3,259317,259317,259317,792935,19.296904795124536,3000,26160862,54270590,62498635,64344210,19296.904795124537,30,28668,71388,81325,144752
python,shared,1000,2,0,incoming,tcp,1,passed,,1000,1725043006,134291456,1167839232,21,0.78,134418432,1176461312,22,0.78,186531840,1210953728,20,1.15,195852932,51213166,,,,,,0.0,3,283768,283768,283768,707092,15.317615975235949,3000,37144670,63952676,68114927,69290952,15317.615975235949,38,45779,94859,96119,201651
python,shared,1000,2,0,incoming,tcp,2,passed,,1000,1691463389,134225920,1167839232,21,0.75,134356992,1176473600,22,0.75,164716544,1189642240,20,1.08,152623160,50981630,,,,,,0.0,3,383178,383178,383178,505253,19.656256625796505,3000,29442217,50879769,55211519,56296100,19656.256625796505,30,26644,67269,89336,92664
python,shared,1000,2,0,periodic,tcp,0,passed,,1000,1564405627,130433024,1167577088,21,0.5800000000000001,130555904,1176240128,22,0.5800000000000001,173445120,1211834368,20,1.02,462325969,57331652,,,,,,0.0,3000,33822962,57531453,61114174,61963212,6488.928161420238,,,,,,0.0,81,155790,3734703,9521857,10339370
python,shared,1000,2,0,periodic,tcp,1,passed,,1000,1524174876,130433024,1167577088,21,0.53,130564096,1176236032,22,0.53,175468544,1212248064,20,0.95,437280985,64638454,,,,,,0.0,3000,27625943,45356342,46929108,47654731,6860.577301343208,,,,,,0.0,78,103172,1804145,6988129,9967373
python,shared,1000,2,0,periodic,tcp,2,passed,,1000,1546820423,130453504,1167859712,21,0.55,130560000,1176293376,22,0.55,163000320,1204547584,20,0.9199999999999999,411658009,61753559,,,,,,0.0,3000,25802621,28682674,29020685,29173322,7287.602656602267,,,,,,0.0,73,97168,2958297,7871634,8622399
python,shared,1000,2,0,publish,tcp,0,passed,,1000,1588180679,130498560,1102573568,22,0.6,130629632,1111236608,23,0.6,172003328,1141764096,20,1.0,137691280,52112396,,,,,,0.0,3000,33574859,39594529,40872190,41144823,21787.872115067854,,,,,,0.0,19,993269,5876118,5876118,6424855
python,shared,1000,2,0,publish,tcp,1,passed,,1000,1593672394,130805760,1169813504,22,0.6,130924544,1178390528,23,0.61,158244864,1196179456,20,1.01,144162458,54247361,,,,,,0.0,3000,34359708,44825170,47001687,48013208,20809.856058364378,,,,,,0.0,17,1700530,9203602,9203602,9643389
python,shared,1000,2,0,publish,tcp,2,passed,,1000,1511784336,130482176,1167708160,21,0.52,130613248,1176285184,22,0.52,169115648,1210052608,20,0.8899999999999999,109148509,58427025,,,,,,0.0,3000,23844108,33905393,34158974,34699710,27485.48768540668,,,,,,0.0,15,1946467,4377814,4377814,5049391
python,shared,1000,2,0,reconnect,tcp,0,passed,,1000,1503884091,130408448,1167577088,21,0.51,130539520,1176240128,22,0.52,188579840,1214320640,20,1.6199999999999999,683493182,43543832,,,,,,0.0,,,,,,0.0,,,,,,0.0,135,31780,77952,95380,513668
python,shared,1000,2,0,reconnect,tcp,1,passed,,1000,1580603478,130560000,1102704640,22,0.5900000000000001,130682880,1111281664,23,0.5900000000000001,183439360,1141264384,20,1.8399999999999999,765895125,70063150,,,,,,0.0,,,,,,0.0,,,,,,0.0,151,41430,102428,171714,368411
python,shared,1000,2,0,reconnect,tcp,2,passed,,1000,1489685142,130510848,1167716352,21,0.5,130633728,1176293376,22,0.5,181891072,1203929088,20,1.65,720381282,51789000,,,,,,0.0,,,,,,0.0,,,,,,0.0,142,35481,83960,108074,168954
python,shared,1000,2,1,incoming,tcp,0,passed,,1000,1631359714,134332416,1167839232,21,0.7,134463488,1176485888,22,0.7,173543424,1184419840,20,1.01,188288523,51919023,,,,,,0.0,3,7307762,7307762,7307762,40753675,15.932994492712655,3000,36235568,85008130,90180407,91644873,15932.994492712654,36,39845,356553,518541,571696
python,shared,1000,2,1,incoming,tcp,1,passed,,1000,1692065402,134328320,1167843328,21,0.76,134455296,1176489984,22,0.76,179204096,1202491392,20,1.13,195588141,54046204,,,,,,0.0,3,5560503,5560503,5560503,7195082,15.338353259362489,3000,35929716,66486050,70433663,72194119,15338.35325936249,38,45249,207132,665045,1059360
python,shared,1000,2,1,incoming,tcp,2,passed,,1000,1647861152,136105984,1168044032,21,0.6900000000000001,136224768,1176477696,22,0.6900000000000001,189362176,1203122176,20,0.99,169454141,50850796,,,,,,0.0,3,5531620,5531620,5531620,41984182,17.70390491667005,3000,36179919,75947972,80944003,82172036,17703.90491667005,33,24991,566862,768716,818073
python,shared,1000,2,1,periodic,tcp,0,passed,,1000,1472692986,130367488,1167843328,21,0.48,130502656,1176440832,22,0.48,168685568,1204842496,20,0.9199999999999999,466762415,50666608,,,,,,0.0,3000,38625924,50911964,51069345,55324843,6427.252716995219,,,,,,0.0,79,86834,5563967,9971180,12941558
python,shared,1000,2,1,periodic,tcp,1,passed,,1000,1529877151,130433024,1167859712,21,0.54,130560000,1176293376,22,0.54,166948864,1209036800,20,0.99,452353418,56058594,,,,,,0.0,3000,38530242,45557327,45919684,46403807,6631.982606131209,,,,,,0.0,80,90786,3028409,8502313,8787303
python,shared,1000,2,1,periodic,tcp,2,passed,,1000,1474217510,130359296,1167802368,21,0.47000000000000003,130473984,1176236032,22,0.47000000000000003,162689024,1204473856,20,0.8500000000000001,423919435,43070358,,,,,,0.0,3000,31188026,35773902,35969881,36037209,7076.8163766778,,,,,,0.0,74,83266,4893846,7938623,9537792
python,shared,1000,2,1,publish,tcp,0,passed,,1000,1501108707,130662400,1169813504,22,0.51,130789376,1178390528,23,0.51,170790912,1213001728,20,0.9099999999999999,115099556,57308833,,,,,,0.0,3000,27135661,34953115,35375903,35971177,26064.39246385972,,,,,,0.0,15,967651,5412658,5412658,7444028
python,shared,1000,2,1,publish,tcp,1,passed,,1000,1559599252,130445312,1167708160,21,0.56,130572288,1176285184,22,0.56,173699072,1209704448,20,0.98,142753222,47242507,,,,,,0.0,3000,32166734,44200410,45825623,46246109,21015.287486821137,,,,,,0.0,17,2408740,6592236,6592236,9100974
python,shared,1000,2,1,publish,tcp,2,passed,,1000,1524265612,130428928,1167802368,21,0.49,130531328,1176236032,22,0.49,162902016,1204482048,20,0.9299999999999999,136308658,50322091,,,,,,0.0,3000,32283671,38782390,39758527,40439179,22008.8734202049,,,,,,0.0,17,1155679,8375674,8375674,10314273
python,shared,1000,2,2,incoming,tcp,0,passed,,1000,1665336464,134320128,1167839232,21,0.73,134447104,1176477696,22,0.73,180396032,1210789888,20,1.03,260675867,41407465,,,,,,0.0,3,41090006,41090006,41090006,42606442,11.50854520798429,3000,65192283,86649040,89992095,90997147,11508.545207984289,51,38495,204624,535124,760489
python,shared,1000,2,2,incoming,tcp,1,passed,,1000,1683283283,134381568,1102843904,22,0.77,134512640,1111461888,23,0.77,181035008,1141030912,20,1.12,301724994,43633266,,,,,,0.0,3,41395940,41395940,41395940,42676297,9.942828932494734,3000,71415467,97959992,107996609,109724037,9942.828932494735,59,45263,264858,464979,676960
python,shared,1000,2,2,incoming,tcp,2,passed,,1000,1684344910,134983680,1102835712,22,0.74,135118848,1111478272,23,0.74,177098752,1136480256,20,1.08,275702550,43116764,,,,,,0.0,3,40856319,40856319,40856319,41708031,10.88129217520839,3000,66306546,92221855,95393539,96285019,10881.292175208391,54,39238,210120,579196,631197
python,shared,1000,2,2,periodic,tcp,0,passed,,1000,1491539092,130396160,1167708160,21,0.49,130527232,1176285184,22,0.49,164626432,1204514816,20,0.9299999999999999,452476817,40617177,,,,,,0.0,3000,36546884,45673433,46036174,46505280,6630.173938834087,,,,,,0.0,80,175227,2847499,6256142,7120687
python,shared,1000,2,2,periodic,tcp,1,passed,,1000,1543748775,132546560,1102802944,22,0.54,132653056,1111236608,23,0.54,176390144,1140875264,20,1.0,431672839,61582450,,,,,,0.0,3000,31520897,36179137,36394520,37053140,6949.707577038453,,,,,,0.0,74,50484,4193080,6036603,15703945
python,shared,1000,2,2,periodic,tcp,2,passed,,1000,1519668592,130441216,1167810560,21,0.54,130576384,1176383488,22,0.54,170684416,1211027456,20,0.98,443253156,43229893,,,,,,0.0,3000,36650263,42056440,43268986,43579669,6768.141319223906,,,,,,0.0,77,66486,5622556,7566225,8412273
python,shared,1000,2,2,publish,tcp,0,passed,,1000,1484140743,130457600,1175695360,21,0.51,130560000,1184276480,22,0.51,158580736,1188794368,20,0.94,143926817,49284921,,,,,,0.0,3000,33291871,42974674,44284048,44524396,20843.926535247425,,,,,,0.0,19,1389717,7104811,7104811,7503929
python,shared,1000,2,2,publish,tcp,1,passed,,1000,1507236902,130445312,1167577088,21,0.5,130580480,1176236032,22,0.5,171839488,1211330560,20,0.99,167626684,47856827,,,,,,0.0,3000,39138452,51481525,52190005,52585480,17896.911926027242,,,,,,0.0,21,1355403,9045090,9045090,9493936
python,shared,1000,2,2,publish,tcp,2,passed,,1000,1496567426,130404352,1167577088,21,0.49,130535424,1176236032,22,0.49,147918848,1183657984,20,0.91,128037139,52624516,,,,,,0.0,3000,30771826,37770633,38801133,39519621,23430.70161853585,,,,,,0.0,17,1413875,4436206,4436206,9128502
